FAST_DOT_PROD=0
/app/hpao_cmplr/bin/fhe_cmplr /app/model/i128x16x16_k2p0s2.onnx -o /app/ae_tmp/i128x16x16_k2p0s2.onnx.c -POLY:mdh -VEC:conv_fast -VEC:ms=32768 -CKKS:N=65536 -P2C:df=/app/ae_tmp/i128x16x16_k2p0s2.onnx.weight -CKKS:sk_hw=192 -O2A:ts -FHE_SCHEME:ts -VEC:ts -SIHE:ts -FHE_SCHEME:ts -POLY:ts -P2C:ts -CKKS:ts:q0=60:sf=56 -POLY:ts -P2C:ts -P2C:fp -SIHE:relu_vr_def=10
[/app/hpao_cmplr/bin/fhe_cmplr][ONNX2AIR][--] : phase_time = 0.000135 / 0.000256(s)
[/app/hpao_cmplr/bin/fhe_cmplr][SCHEME_INFO_ANALYZE][--] : phase_time = 0.000013 / 0.000275(s)
[/app/hpao_cmplr/bin/fhe_cmplr][VECTOR][--] : phase_time = 0.036801 / 0.037079(s)
[/app/hpao_cmplr/bin/fhe_cmplr][SIHE][--] : phase_time = 0.007229 / 0.044318(s)
[/app/hpao_cmplr/bin/fhe_cmplr][CKKS][--] : phase_time = 0.007704 / 0.052029(s)
[/app/hpao_cmplr/bin/fhe_cmplr][POLY][--] : phase_time = 0.041122 / 0.093158(s)
[/app/hpao_cmplr/bin/fhe_cmplr][POLY2C][--] : phase_time = 0.009521 / 0.102692(s)
COMPILE RETV:0
COMPILE CMD TIME:0.115576s
/app/hpao_cmplr i128x16x16_k2p0s2.onnx /app/test/i128x16x16_k2p0s2.c i128x16x16_k2p0s2.onnx.c
ckks_param: _provider = 0, _poly_degree = 65536, _sec_level = 0, mul_depth = 5, _first_mod_size = 60, _scaling_mod_size = 56, _num_q_parts = 3, _num_p = 2, _num_rot_idx = 143,_hamming_wieght = 192
input(tensor): [
 -0.051807 -0.073668 -0.093682 0.067464 0.022712 -0.059424 -0.097285 0.015954 -0.017331 0.020100 -0.047653 -0.097004 0.008399 -0.076162 0.054725 -0.081409
 -0.025329 -0.011196 -0.097998 0.098111 -0.032754 0.055502 0.033412 -0.061081 0.032503 0.046881 -0.059324 -0.055346 -0.075293 -0.039263 -0.043872 -0.079290
 -0.067208 0.087136 0.085556 -0.039865 -0.030274 0.028079 0.066797 0.047387 0.059446 -0.080366 -0.011451 -0.077190 -0.096882 -0.089527 0.034356 -0.093463
 0.054326 0.070823 0.080132 0.091310 0.066571 -0.046736 0.022649 -0.067484 -0.014838 -0.090680 -0.010191 -0.066626 -0.047222 0.004482 -0.037111 -0.042870
 -0.051616 0.037826 0.025248 0.050426 -0.039147 0.008735 -0.063572 -0.062383 0.083424 0.081397 0.013753 -0.004187 0.088473 -0.068246 -0.045074 -0.039203
 -0.050866 -0.010134 0.095950 0.043514 0.098337 0.050298 0.073007 -0.010682 0.033774 0.027605 0.035909 0.077519 -0.050087 0.044186 -0.024361 -0.035329
 -0.051572 0.067843 0.070666 -0.099537 0.001237 0.065088 0.034560 0.053656 -0.072858 -0.068711 -0.064924 -0.088027 -0.088096 -0.013906 -0.055415 0.021809
 0.015053 -0.091624 -0.049217 -0.004735 0.063979 0.098394 -0.049755 -0.061311 0.050559 -0.036018 -0.008131 0.085184 0.011807 -0.076548 -0.088393 -0.041576
 -0.095165 0.082699 -0.022218 0.035806 0.046657 -0.044667 0.078454 -0.090427 -0.009420 -0.069912 -0.021003 0.060529 -0.097793 0.065374 0.070552 -0.084019
 -0.023291 -0.005259 0.058436 -0.023595 0.077065 0.062411 -0.093438 -0.082626 0.010452 -0.088314 0.081708 -0.045573 0.009085 -0.057962 0.045055 0.069042
 0.010731 0.015437 -0.027578 -0.071543 -0.048195 -0.061007 0.097821 -0.073327 0.065750 0.074989 0.044663 0.097283 -0.072551 0.049378 -0.099728 -0.023698
 -0.075057 0.056245 -0.071324 -0.027919 -0.050160 0.060901 0.061494 -0.025675 -0.025500 0.068121 0.071432 0.004558 -0.071411 -0.052265 0.093543 0.096867
 -0.060615 -0.082201 0.017944 -0.037901 -0.018760 0.073235 -0.099851 0.097103 -0.043332 0.007117 0.000201 -0.047488 0.036869 -0.031087 0.035741 0.094476
 -0.001160 0.012178 -0.059588 -0.020111 -0.081960 0.075934 -0.088750 -0.059221 -0.000473 -0.043133 -0.032228 -0.094852 -0.017703 0.013309 0.094922 -0.038245
 -0.046012 0.014743 0.087021 0.090251 -0.072205 -0.037343 -0.038648 0.051680 0.001861 -0.095961 -0.088478 0.036732 -0.052514 0.023481 -0.026417 -0.018152
 0.072143 0.000350 -0.027945 0.024384 0.064715 -0.095412 0.019113 -0.059435 0.086481 0.096671 -0.046416 0.011069 0.005789 0.014822 -0.047687 -0.035137
 0.036968 0.068617 0.066631 0.094129 -0.001914 0.086347 -0.047367 0.047775 0.019801 -0.012865 -0.084531 0.004735 0.055988 0.022378 0.052257 -0.069013
 -0.041017 -0.046354 -0.039549 -0.096412 0.049330 -0.025925 0.096741 0.092992 0.016362 0.040158 -0.050148 -0.005622 0.076994 0.065028 0.043258 -0.004088
 0.072117 -0.012263 -0.086852 -0.019177 0.076262 -0.045057 -0.002485 0.066584 -0.074051 -0.096950 -0.048440 -0.022490 0.027195 0.060134 -0.018123 0.057038
 0.091894 0.034864 0.030580 0.077168 0.017043 -0.068463 -0.021005 -0.024275 -0.065649 -0.017357 -0.090082 0.071929 -0.013892 -0.066808 0.050182 0.077687
 0.006296 0.077868 -0.019311 -0.007570 0.061509 0.052820 0.066580 0.001485 -0.095478 0.087864 0.029659 -0.036749 0.085724 -0.054728 -0.057845 0.011903
 0.030547 0.001189 -0.056377 0.071129 -0.098345 0.016637 -0.045719 -0.083551 0.029854 0.029804 -0.029494 -0.070614 0.092780 0.020148 0.033773 -0.059650
 -0.029042 0.033701 -0.077651 0.013724 -0.088263 -0.052632 0.061217 0.090783 -0.035069 0.096129 -0.001790 -0.060322 -0.077381 0.056510 -0.000593 -0.042616
 0.041606 0.006668 -0.022574 -0.096635 0.017720 -0.031554 0.093899 0.085277 -0.010112 0.017790 0.031616 -0.074595 0.068906 -0.074346 -0.057498 0.078488
 0.077002 0.020256 0.074445 0.032170 -0.064729 -0.008143 0.075558 -0.096856 -0.068036 0.084392 0.041859 -0.007831 -0.073402 -0.050925 0.003546 0.049047
 0.064677 -0.054801 0.014681 -0.049024 0.068768 0.080412 -0.011692 -0.075191 -0.039445 -0.015996 -0.069630 -0.033361 -0.028711 -0.085729 -0.075823 -0.035399
 0.023879 -0.008003 -0.023547 0.025851 -0.046879 0.066785 -0.056041 -0.085562 0.094152 -0.067257 -0.026343 0.057753 -0.062157 0.026375 -0.006170 -0.029632
 -0.063607 -0.020099 -0.070428 0.043204 -0.036548 0.079616 0.033858 0.070515 -0.034546 -0.069043 -0.038786 0.004119 0.041254 0.030112 -0.072827 -0.090533
 0.040995 0.041002 0.035417 -0.094433 0.039157 0.089927 -0.044799 -0.007638 -0.014699 0.020677 0.029749 -0.024997 -0.005918 -0.089238 0.079355 0.029113
 0.025248 -0.080951 -0.007317 0.010922 0.055229 -0.029296 -0.085321 -0.083008 -0.087301 -0.025630 -0.008001 -0.079049 -0.045554 0.093915 0.006434 0.095000
 0.023871 -0.096872 0.032168 0.091930 -0.075667 0.040467 -0.072638 -0.043764 0.070593 0.025535 -0.058217 0.077191 0.046976 0.071820 0.037047 0.035599
 0.063164 0.008473 -0.018964 -0.016605 -0.003108 -0.052303 -0.053954 0.001840 -0.066752 -0.063709 -0.087204 -0.094109 -0.037684 0.061556 0.033012 0.056217
 0.041881 0.002084 0.067464 0.008863 0.019561 0.098030 -0.023954 0.013889 0.044532 -0.067408 -0.055112 -0.077079 0.061752 -0.017794 -0.065971 -0.069499
 -0.043321 0.070848 0.061864 -0.098276 -0.048391 -0.016850 -0.013574 -0.052584 0.028651 -0.037531 -0.051212 -0.078347 -0.060434 0.093913 0.095104 0.080948
 0.026735 -0.048315 -0.036029 0.063709 -0.068226 -0.079616 0.092368 0.039031 0.065361 0.095500 -0.098497 -0.034129 0.039211 -0.065391 -0.006735 0.019144
 0.082155 -0.052282 0.092449 0.092282 0.066638 0.051947 0.040661 -0.030687 -0.016455 0.085234 -0.097552 0.002076 0.032797 0.013452 -0.096697 -0.047674
 0.039313 -0.061290 -0.079063 -0.058338 0.082568 -0.041903 -0.023243 0.041225 0.058878 0.016566 0.034418 -0.069903 0.096532 0.071001 -0.079029 0.044182
 0.070553 -0.029220 -0.011649 0.013485 -0.038354 -0.042189 -0.090758 -0.089345 0.062692 -0.060574 0.045219 -0.069214 -0.078147 -0.016297 0.094341 -0.053400
 0.046788 0.018412 -0.023487 -0.064600 0.086941 0.007602 0.045512 0.000402 -0.017469 -0.009262 -0.040964 0.032165 -0.072692 0.055236 -0.089880 0.063805
 -0.000805 -0.074398 0.000031 0.074622 -0.070137 0.035755 -0.038486 0.015730 -0.070519 0.072946 0.026661 -0.041493 -0.023714 0.057196 -0.046582 -0.087258
 0.038539 -0.026044 0.082574 -0.036635 0.033036 -0.034209 0.026617 0.087224 -0.088940 0.089706 -0.047109 -0.072003 0.041052 0.087245 -0.053045 -0.094008
 -0.007384 0.052691 0.053589 0.041825 -0.005733 -0.044049 0.027041 -0.013744 -0.003823 -0.077735 0.064220 0.004355 0.074791 0.004264 0.088416 0.042832
 -0.014868 -0.017206 0.080271 -0.000396 0.057011 -0.088510 -0.085536 0.021412 -0.082572 0.051570 0.085047 0.000326 0.053970 0.062866 0.003037 -0.067186
 -0.056630 -0.003382 -0.053505 -0.010689 0.098528 0.062641 -0.083102 0.000557 -0.046165 -0.004704 0.059143 -0.026447 0.026769 -0.079119 0.096576 0.098479
 -0.029452 0.004449 -0.051970 0.079037 0.081611 0.039235 0.053673 -0.037554 0.015109 0.094839 -0.052259 -0.049155 0.038725 -0.028634 -0.053827 0.000541
 0.059023 -0.064234 0.010671 0.063517 0.008175 0.089186 -0.046016 -0.090401 -0.001943 -0.024190 0.013926 -0.016748 -0.024070 0.047051 -0.008178 0.017323
 0.036462 0.004875 0.073498 0.066576 -0.028951 -0.086044 -0.073600 -0.096088 0.017997 0.004142 -0.038306 -0.084430 0.005890 -0.061706 0.056787 -0.068669
 0.022569 0.007607 -0.052756 0.066524 -0.075401 -0.056283 -0.088182 -0.097334 0.074892 -0.029871 0.012343 -0.082952 -0.065745 -0.082444 0.047819 0.092883
 -0.091144 0.019941 -0.006686 -0.003292 -0.036613 -0.006586 0.018986 -0.053803 0.027917 -0.063311 0.093896 0.048409 -0.001268 0.095803 0.051646 -0.088409
 0.085510 -0.099794 0.059957 0.043108 0.023238 0.061513 -0.094251 -0.062454 -0.027299 -0.014913 -0.012201 -0.039609 0.066476 0.010228 -0.087373 0.097414
 -0.077870 0.067568 -0.080358 0.001006 -0.018740 0.019852 0.007036 0.012064 0.054049 0.090031 0.088385 -0.072362 0.041340 -0.054777 -0.094729 0.048960
 0.044868 0.033177 0.058386 0.018788 -0.093709 -0.057326 0.050473 0.081977 0.005237 0.031855 0.087105 0.003468 0.033921 0.042691 0.084401 -0.097038
 0.055517 -0.010053 0.079845 -0.066322 0.098803 -0.094163 -0.042653 -0.000686 0.077526 0.092147 -0.008824 -0.050292 0.033221 -0.025315 -0.098381 0.099178
 -0.042505 0.074408 0.033773 -0.025270 0.078317 0.004242 0.044161 0.057143 0.069099 -0.009054 -0.071682 -0.073858 0.070132 -0.063674 0.072776 -0.021926
 -0.014998 0.025990 0.015676 0.092957 -0.029991 -0.009937 -0.016714 -0.076457 -0.041490 -0.046184 0.023853 -0.094140 -0.018715 0.081183 -0.072891 0.014014
 0.098398 -0.036582 -0.055237 -0.036609 -0.037635 0.082229 0.096895 0.074414 -0.036957 -0.013568 0.071161 0.022108 -0.088347 -0.017778 0.032357 0.078255
 0.008339 -0.052751 -0.008166 -0.019570 -0.005672 -0.068994 0.065218 0.054556 -0.048583 -0.066390 -0.020656 -0.054405 0.006775 -0.084300 0.044634 0.097892
 -0.041698 0.010123 0.051982 0.023370 -0.015538 0.049735 -0.010411 0.006256 -0.010472 -0.038821 -0.048958 -0.040069 0.053694 -0.045055 0.054139 0.028830
 0.002556 0.085484 0.032654 -0.079107 -0.019141 0.043745 -0.009726 0.043880 -0.026229 -0.030054 0.093267 0.000753 0.037626 -0.071591 0.070026 0.027324
 -0.023687 -0.069231 0.093586 0.066916 0.072881 -0.019763 0.003687 0.031305 -0.087895 -0.058814 -0.024656 -0.031851 0.012619 -0.014468 -0.008096 0.011164
 0.057227 0.019230 0.093352 0.003219 0.035493 -0.076795 -0.063079 0.092907 -0.086242 -0.016666 -0.052942 -0.018551 0.095608 0.077790 -0.027956 -0.007645
 0.040266 -0.073920 0.081712 -0.062577 0.007837 0.033486 0.091205 -0.059774 0.017064 -0.007285 0.014723 0.080640 0.012470 0.087941 -0.094966 0.091913
 0.022340 -0.004679 0.053850 -0.037795 0.097846 -0.019091 0.010043 -0.076327 -0.095436 0.093777 0.021060 -0.072337 -0.075613 -0.064753 0.034125 -0.080069
 -0.047325 -0.043018 0.036466 0.080646 0.027766 0.087596 0.078818 -0.084917 0.096635 -0.061875 0.009176 -0.069135 0.044410 -0.055057 0.085820 0.089598
 0.096725 0.041828 -0.046020 -0.021867 -0.061192 0.044988 0.004929 0.030820 -0.063392 0.094003 -0.070615 0.068447 0.090476 -0.093049 -0.032934 0.015485
 0.040695 -0.084897 -0.000787 0.003067 0.029626 0.075221 -0.005496 0.063257 0.012298 0.062230 0.073079 0.050175 -0.001666 -0.045514 -0.004190 -0.091076
 0.053680 0.062483 0.025021 -0.020216 -0.013799 0.003082 0.010967 -0.051153 -0.028860 -0.018285 0.056692 0.036522 0.032333 -0.014469 -0.000767 0.063301
 0.035379 -0.002281 0.005049 0.042194 -0.092409 0.091014 -0.092795 0.064137 -0.022363 -0.021854 0.084464 -0.043946 0.075137 -0.043611 0.014870 -0.065244
 -0.072707 0.072558 0.049018 0.065870 -0.007373 -0.076782 -0.053562 -0.025079 0.027365 0.071714 0.024692 0.076753 0.019543 0.036315 0.041705 0.040488
 -0.013921 -0.067770 -0.098028 0.002136 0.075176 -0.032295 -0.025921 0.064152 -0.082376 0.044550 -0.017109 -0.090976 -0.070285 0.055465 0.043234 -0.049767
 0.026299 -0.021039 0.073141 -0.050095 0.064301 -0.074844 -0.070265 0.021652 0.013578 -0.023585 0.066573 -0.027903 -0.044642 0.088378 -0.068892 -0.029431
 -0.048625 0.032060 -0.074293 -0.042244 -0.004555 -0.077624 -0.006863 0.038006 0.090577 0.094240 -0.035222 -0.002724 0.097372 0.003327 0.049551 -0.046526
 -0.044832 -0.062973 -0.075899 -0.075538 0.056723 -0.022103 -0.043318 -0.057344 -0.005155 0.044500 0.048497 -0.013990 -0.058855 -0.097330 0.039493 -0.024201
 0.022160 -0.014848 -0.076331 0.029138 0.026716 -0.084828 0.094648 0.022062 -0.031987 0.029771 -0.076989 0.027224 -0.031213 -0.031039 0.081504 0.000880
 -0.045361 0.070115 -0.019589 0.031424 0.068331 0.092138 -0.032349 0.021852 -0.004943 -0.090492 -0.069218 0.033184 0.097826 0.059719 -0.047052 0.038169
 -0.018601 0.059247 0.094263 -0.030475 -0.035689 -0.019945 -0.087898 0.021244 -0.083143 -0.018435 0.099533 0.097084 -0.070335 0.098207 0.059114 -0.093429
 -0.045131 -0.063610 -0.064644 0.071521 -0.002747 0.035999 -0.053642 -0.032500 -0.069832 0.002954 -0.071977 -0.026171 -0.002361 -0.086294 0.097122 -0.037124
 0.078198 0.072313 0.043229 0.048457 -0.015864 -0.033909 0.053806 -0.011683 -0.054499 -0.092514 0.081100 0.043749 -0.058020 -0.015824 0.069454 0.038732
 -0.080022 -0.027810 -0.017853 -0.053392 0.090187 -0.044569 -0.025382 -0.077888 0.051016 0.083556 0.062024 -0.017063 -0.091852 -0.045903 -0.093664 0.025000
 0.036979 0.069084 0.044801 -0.021272 0.081381 0.044173 -0.066480 -0.050711 -0.034249 0.069338 0.033031 -0.029950 -0.052628 -0.002599 0.078953 -0.059241
 0.045319 -0.052827 -0.035665 -0.009343 0.046775 0.038541 -0.091105 0.030123 -0.077605 0.079191 -0.081336 -0.053087 -0.005048 -0.032918 -0.095503 0.058337
 0.094940 0.042606 -0.008932 0.002048 0.095559 0.045962 -0.034980 0.092943 0.074422 -0.078705 0.072086 -0.077669 -0.097911 -0.026878 -0.070066 -0.019406
 -0.041197 0.002843 0.063364 0.065900 -0.052235 0.003595 -0.059618 0.032231 0.028387 0.093092 0.042889 -0.006409 0.072234 0.098333 -0.015322 0.018585
 0.071815 0.004878 0.012698 0.025375 -0.072419 0.000337 0.004262 0.022547 -0.056442 -0.071513 0.093101 0.046703 -0.044545 -0.027199 -0.033013 -0.087894
 -0.063516 -0.069744 -0.002291 0.032345 -0.035816 0.084919 0.072159 -0.010598 -0.009427 -0.038266 0.061762 -0.083063 -0.042170 0.097774 0.034573 0.085462
 0.028214 0.074461 -0.051970 -0.076114 0.091046 -0.066433 -0.079196 -0.000415 -0.046476 -0.030217 -0.031824 0.043974 -0.072195 0.007401 0.046652 0.056057
 -0.088149 0.072168 -0.073461 0.064478 0.063453 -0.016824 0.097545 -0.042489 0.043810 0.079066 -0.053696 0.016352 -0.076241 0.045704 0.082022 -0.086950
 -0.065874 -0.001844 0.011669 -0.041114 0.088523 -0.045048 0.044223 0.013365 -0.033393 -0.063759 -0.042191 0.053139 -0.045078 -0.011820 0.069224 -0.096567
 -0.091609 -0.029680 -0.049251 -0.059561 -0.028868 0.090299 0.058863 0.023946 -0.082478 0.085475 -0.091072 -0.098706 0.088980 -0.067572 0.088011 -0.011523
 0.099054 0.060824 -0.065503 -0.079384 -0.038320 -0.063706 -0.005368 -0.086394 -0.024833 0.089339 -0.006501 -0.008355 -0.063272 0.006920 -0.098718 0.018053
 0.069446 0.068981 0.034498 0.071976 0.005234 -0.008558 0.088704 0.020142 -0.002946 -0.028229 -0.044127 0.099964 -0.097092 -0.052843 0.099898 -0.089068
 0.082975 0.045501 0.012714 -0.045868 0.036263 0.006807 -0.090578 0.025549 0.063473 -0.029766 0.070315 -0.052823 -0.093693 -0.066454 0.064506 0.081343
 -0.023058 -0.028784 0.053903 0.017875 0.092358 0.067631 0.023926 0.053179 0.054041 0.029494 0.089327 -0.097300 -0.050016 -0.018740 -0.058327 -0.065225
 0.031723 0.039759 -0.054978 -0.086694 0.071520 -0.086717 0.009136 -0.027481 0.095996 -0.052214 -0.061016 -0.083490 0.089520 -0.096917 0.095505 -0.048370
 0.050222 0.015751 0.047939 0.007362 0.092856 -0.033518 -0.043971 -0.097204 0.098806 -0.050204 0.086408 -0.043573 0.050769 0.050225 -0.000774 -0.012739
 0.002592 0.026439 0.041952 0.079227 0.055250 -0.095000 0.091093 -0.081315 -0.086387 0.045631 -0.042473 -0.068976 -0.073785 0.071675 -0.008261 0.071727
 -0.086032 -0.014836 -0.005696 0.006000 0.080025 -0.075341 0.071580 -0.035183 -0.027649 0.022369 0.020697 -0.065855 0.079322 0.029550 -0.094851 0.043570
 -0.012981 -0.078215 -0.085229 0.006123 -0.049513 0.021186 0.057505 0.010534 0.049342 -0.072420 0.037696 0.093219 0.019571 -0.028768 -0.049450 0.090835
 -0.010270 0.035015 0.076984 -0.022687 -0.023479 -0.080574 -0.048526 0.079734 0.037596 0.022456 0.084877 0.085866 -0.011780 0.069580 -0.057470 -0.014668
 0.065299 0.041762 0.073983 -0.041543 0.007174 0.074657 0.077419 0.080569 -0.086166 -0.048316 -0.078951 -0.054322 -0.047903 0.000810 0.052763 -0.002640
 0.015645 0.015681 0.069962 -0.069151 -0.046117 -0.008652 -0.002638 -0.000567 0.073608 0.026257 0.015746 -0.087512 -0.093813 -0.029370 0.052082 -0.086640
 0.020738 -0.009988 0.000677 -0.040240 -0.005694 -0.071518 -0.038040 -0.085094 -0.094952 -0.005930 0.031622 0.018380 0.045008 0.013485 0.036738 0.046390
 0.033444 0.009487 -0.090783 -0.004967 0.039010 0.032495 0.054792 -0.053334 0.021060 0.040198 -0.030855 0.055961 -0.008128 0.073371 0.029610 -0.055849
 0.027143 -0.082335 0.085351 0.079627 -0.070223 0.078944 -0.098998 0.011882 -0.023026 -0.087858 -0.060710 0.066098 0.004650 -0.058340 0.010015 0.067586
 0.013597 -0.033332 0.084152 -0.063283 -0.071068 0.075778 0.088375 0.094197 0.031134 0.060718 -0.068326 0.057126 -0.079899 0.048277 -0.096278 -0.030476
 0.071777 0.038974 0.023102 0.015354 0.070622 -0.072762 0.068169 -0.023541 0.072833 0.026231 -0.020576 -0.035570 -0.084311 -0.066673 0.021934 0.009618
 -0.022913 -0.027126 -0.077466 0.083322 -0.040277 0.034595 -0.016607 0.075113 -0.099746 -0.015424 -0.091891 0.098150 0.044255 0.036971 -0.071839 0.038295
 -0.088001 -0.059568 -0.033879 -0.029748 -0.057075 0.033966 0.020927 0.019784 -0.030492 -0.038431 0.013138 0.077276 0.078930 0.096105 -0.010144 0.039234
 0.056884 0.000892 0.076810 -0.028567 0.076882 -0.084855 -0.053246 -0.027549 0.076837 -0.061817 -0.045669 0.062892 0.039290 0.019347 -0.047009 -0.065135
 0.077189 -0.037990 -0.043511 -0.003020 0.089270 -0.035100 0.019763 0.058441 -0.005234 0.095736 -0.013592 -0.038375 0.038380 0.070817 -0.096659 0.087131
 -0.058575 0.060804 -0.057973 -0.051296 -0.075997 0.044957 0.001690 0.099091 -0.008591 -0.092299 -0.066448 0.055575 -0.065247 0.094354 0.037739 0.058834
 0.094768 -0.000588 0.059079 -0.083649 0.098728 0.046215 0.075785 0.022049 -0.014648 0.041432 0.079838 -0.001598 0.032821 -0.093563 -0.034170 -0.062309
 0.003308 -0.044258 -0.041282 -0.074011 -0.068062 -0.067101 -0.017292 0.067518 -0.018793 -0.080060 0.081946 -0.052690 0.082160 0.069284 -0.003883 0.096366
 -0.020540 0.096276 0.080603 0.042626 -0.040517 -0.046177 -0.099111 0.011069 0.081082 0.005578 0.076432 -0.068444 -0.003798 -0.090288 -0.022978 0.058578
 -0.045350 -0.037556 0.084456 -0.097443 -0.045214 0.012583 0.055318 -0.062191 -0.061360 -0.012441 0.095033 -0.040270 0.093903 -0.083576 0.017850 -0.076889
 -0.065259 -0.024644 0.046981 0.057533 -0.085873 0.026059 -0.064085 0.092428 -0.069631 0.098183 0.018124 0.052476 -0.098870 -0.079518 0.012637 -0.098171
 -0.038103 0.016506 -0.015564 -0.006006 0.095691 0.028712 -0.042041 -0.083584 0.075053 -0.022071 0.005560 -0.045967 0.049917 0.061549 0.018034 -0.032244
 -0.016166 0.084185 0.069283 -0.073966 0.041906 0.069898 -0.077016 0.082371 -0.099424 0.080307 -0.007352 -0.052145 -0.069458 -0.042854 -0.096352 -0.031355
 -0.032405 0.050303 0.093372 -0.062327 0.023660 0.035506 -0.056334 -0.015872 -0.003360 0.022964 -0.039456 -0.040326 -0.011212 0.056761 0.049415 -0.094221
 -0.059476 0.071529 0.025774 -0.057433 -0.042104 -0.060076 -0.007227 -0.078226 0.003858 -0.037369 0.062573 0.014016 0.082015 -0.046562 -0.038157 0.034028
 -0.048032 -0.041604 0.034110 -0.024263 -0.009453 -0.023935 0.009500 -0.016622 -0.018719 0.014532 0.012821 -0.060671 0.087881 0.032116 -0.035981 -0.045359
 -0.074173 -0.017896 0.068104 -0.061038 -0.000502 0.050347 -0.012446 -0.096903 -0.005979 0.062153 -0.086801 0.094811 0.009815 -0.040322 -0.026138 0.068461
 -0.063692 0.053532 -0.067839 0.086480 0.057947 -0.001844 -0.056770 -0.055079 -0.088151 -0.067047 -0.062300 0.021227 0.043917 0.022380 -0.054114 0.022386
 -0.018961 0.097474 0.058442 -0.010235 0.061633 0.038377 0.004003 -0.024725 -0.098521 0.055301 0.017218 0.007174 0.026922 0.047040 -0.076060 0.018482
 0.033000 0.034009 -0.064850 0.019199 0.035939 -0.043758 0.085810 0.043613 -0.059386 -0.009443 0.055743 -0.020512 0.017917 -0.031663 0.043919 -0.026948
 -0.039908 0.099517 0.018267 -0.034035 0.086838 0.053337 0.057395 -0.081274 0.093110 -0.011428 -0.075234 -0.043564 0.071317 -0.019049 -0.086835 -0.063019
 -0.093598 0.018476 0.095127 0.020444 0.077834 -0.018396 0.006733 -0.028447 0.095177 0.084158 -0.064570 0.040330 0.041713 -0.055841 -0.029424 0.075796
 0.001250 0.000377 0.004855 0.018522 0.046570 -0.079990 -0.094813 0.069169 0.047644 -0.057636 0.074561 0.079102 -0.097455 0.003550 0.098329 -0.009925
 0.038737 -0.047201 -0.016084 -0.032663 0.035599 -0.025019 0.014764 -0.071311 -0.090465 -0.082623 -0.065848 -0.036896 -0.094880 -0.029051 0.047532 -0.064286
 0.076409 0.055806 -0.035737 -0.009370 0.076112 -0.087647 -0.080918 -0.056567 0.061834 -0.028869 0.071959 0.012744 0.090745 -0.066122 0.073362 -0.076242
 -0.010288 0.082097 -0.003311 0.066166 -0.000068 0.068412 -0.067914 -0.068655 -0.059909 -0.022044 -0.035649 0.036441 -0.097102 -0.094079 0.019272 0.017022
 0.040202 0.027374 -0.021193 0.095450 -0.020998 0.090583 0.087411 0.081679 0.019843 0.059713 0.023671 -0.071106 0.075211 -0.016828 0.028700 0.021264
 0.026126 0.068449 -0.062803 0.040452 0.016756 -0.071614 -0.032594 0.074758 -0.092528 -0.046579 0.084137 0.085134 0.051799 0.056055 0.007424 0.006629
 -0.093948 -0.096953 0.078779 -0.016164 -0.042714 -0.043632 -0.091904 -0.078362 -0.018099 0.041854 -0.014624 -0.049334 0.071823 0.012038 -0.080792 0.031985
 0.075408 0.079114 -0.041379 0.037153 0.078392 -0.003287 -0.017710 -0.061436 -0.010882 0.009169 0.082850 -0.031920 0.008956 0.006290 0.052459 0.059828
 0.031527 0.022314 0.015413 -0.066720 -0.037527 -0.065569 0.062256 0.032138 0.040386 -0.056900 0.054089 0.029699 0.005888 -0.016962 0.071551 -0.097987
 -0.001275 -0.094854 -0.026718 0.073154 -0.076323 -0.072730 0.068476 0.031195 0.026497 0.005139 -0.033958 0.043220 0.010973 0.034086 -0.067597 -0.068474
 0.061196 -0.027923 -0.046364 -0.077633 0.093626 -0.076037 -0.080602 0.032606 -0.051778 0.090778 -0.098683 0.024565 0.067172 -0.096256 -0.010019 0.026680
 -0.063119 -0.049357 -0.035244 -0.062614 0.013413 0.091082 0.083311 -0.033755 0.082889 -0.053534 -0.080231 -0.054956 0.078347 -0.097283 -0.082640 -0.080580
 0.045717 -0.009324 -0.022029 -0.060810 0.092987 0.037835 0.078117 0.096883 -0.013392 -0.039290 -0.068407 0.003775 0.083856 0.053239 -0.098199 -0.017841
 -0.098391 -0.096399 0.060169 0.053389 -0.026198 0.087203 0.030859 -0.021053 0.046878 0.089788 -0.073451 0.031196 -0.033709 -0.048437 0.074315 -0.023521
 0.079861 -0.054470 -0.084147 0.023332 0.060342 -0.064067 -0.081091 0.025167 -0.045145 -0.023626 -0.051143 -0.061763 -0.004436 -0.061884 0.094921 0.088242
 0.070312 -0.030709 -0.009045 -0.079580 0.017174 0.004931 -0.044827 0.022728 0.098941 0.075423 0.079826 -0.070101 -0.018637 -0.046826 -0.041545 0.073263
 0.078517 -0.056483 -0.044770 -0.094654 0.062475 0.066712 0.008110 0.096302 -0.027852 0.055991 0.071507 0.058366 0.046305 0.066760 0.072733 0.024265
 -0.066629 -0.015599 -0.028972 0.004312 0.084687 0.029510 -0.050580 -0.065819 0.037640 0.037153 -0.082879 0.076720 0.075723 0.026922 -0.033190 0.027106
 -0.076303 -0.084848 0.052140 0.004802 0.038843 0.062666 0.062904 -0.040226 0.056657 -0.040044 0.054599 0.028481 0.069248 0.022652 0.070800 -0.088973
 0.086556 -0.084667 0.093789 0.059858 -0.097923 0.040583 0.049945 -0.044398 0.080803 0.013578 -0.026212 -0.075144 -0.041924 0.065927 -0.017590 0.099937
 -0.009310 -0.017950 0.060811 0.022857 0.024281 -0.009809 -0.066958 -0.069332 0.002048 -0.061294 0.098609 -0.076994 -0.033262 0.026440 -0.086432 0.079264
 0.004604 0.043107 -0.063617 0.074235 0.008509 0.004625 -0.065934 -0.040471 -0.009240 -0.080348 -0.099836 -0.031917 0.024815 0.013542 -0.022078 0.067500
 0.033419 -0.064126 -0.059950 -0.084258 -0.018811 0.054304 -0.043922 -0.057888 -0.029972 -0.080600 0.041577 0.061463 -0.059699 0.075887 -0.018849 -0.062749
 0.087758 -0.019302 -0.086279 0.008219 0.023547 0.065442 0.074961 0.044029 -0.086557 0.058383 0.051560 0.089288 -0.082012 0.051322 -0.057272 0.000980
 -0.036148 -0.013340 0.071029 0.092849 0.081471 -0.006083 -0.096156 -0.032943 -0.079459 0.063670 -0.048692 -0.067211 -0.057458 0.016090 0.018200 0.027962
 -0.038332 -0.008069 0.079695 -0.013792 0.015223 0.013001 0.026940 -0.096690 -0.095750 0.010481 0.060496 -0.072856 0.047603 0.069606 -0.032986 -0.022952
 0.043807 -0.048047 -0.015654 -0.030225 -0.087912 -0.092114 -0.025440 -0.020022 -0.034358 0.060574 -0.037546 0.026021 0.099989 0.011629 -0.099370 0.021442
 -0.037193 -0.006160 -0.089579 0.060786 -0.055791 -0.017861 0.059343 0.093784 -0.049942 -0.062987 -0.013371 -0.005205 0.058644 -0.030937 -0.050356 0.005504
 0.026457 0.090986 -0.065526 -0.054956 -0.029227 -0.077375 0.097402 0.059756 0.086509 0.046013 -0.085534 -0.037416 0.079161 -0.023626 -0.050631 -0.055650
 -0.054597 0.029239 0.088350 -0.007092 0.073867 -0.005569 -0.038397 0.066980 -0.069371 0.057518 0.054845 0.089107 -0.006380 -0.038581 0.055651 0.023491
 0.049291 0.034126 0.006927 -0.044214 0.028871 0.073361 0.035062 0.099706 -0.090273 -0.035353 0.010653 -0.016710 -0.084502 0.004340 0.068640 -0.077131
 -0.066235 0.061865 -0.087968 -0.084412 0.095478 0.066102 -0.098379 -0.013573 0.063089 -0.070010 0.062293 0.075821 0.063496 -0.075150 -0.076034 0.036640
 0.095056 -0.049034 0.054646 -0.091528 -0.074888 -0.079079 0.058858 -0.011807 0.011966 0.085756 0.017870 -0.022943 0.018802 -0.071687 0.001971 0.002247
 0.015485 -0.092690 -0.026324 0.044640 0.005711 0.078784 0.058652 -0.026983 -0.090699 0.081490 -0.009142 0.042431 0.064998 0.013909 0.089915 -0.081646
 0.019534 0.070241 -0.037874 0.044425 -0.064603 -0.091383 -0.076440 0.027776 0.074829 -0.057163 -0.041649 -0.089051 -0.037915 0.078541 -0.004627 -0.020335
 -0.081609 0.080785 0.052703 0.053339 0.013679 -0.009882 0.046025 -0.067715 -0.028722 -0.088861 -0.037322 0.067580 0.055732 -0.048630 -0.083038 0.066075
 -0.019193 -0.095345 0.068057 0.061655 -0.053940 -0.057368 -0.067435 -0.079268 -0.038074 0.014952 0.020242 0.096235 0.084494 0.059355 0.048989 0.053990
 -0.041081 0.084961 0.065745 0.083027 -0.021858 0.010636 -0.095426 0.068222 0.007998 -0.084643 0.039308 0.070354 0.023106 -0.040396 0.021228 0.050161
 -0.013849 -0.016870 -0.033858 -0.032064 -0.026959 0.010952 -0.038924 -0.017664 -0.014589 -0.072515 -0.049775 -0.099213 0.089873 -0.028132 0.064296 0.089552
 -0.095098 -0.022533 0.036683 0.092065 0.093552 -0.075000 -0.017602 -0.045304 0.044450 -0.096182 -0.073396 0.070424 -0.078481 -0.014324 -0.093821 -0.051866
 0.065990 0.031525 -0.064703 0.043345 -0.077295 -0.055098 -0.009213 0.064996 -0.040419 0.094967 -0.039357 -0.022925 -0.075859 -0.022571 0.044045 0.067701
 -0.075555 0.011939 0.012802 0.032458 0.014401 -0.000870 0.010389 -0.052908 0.029182 0.060539 0.052835 -0.006307 -0.008060 -0.037576 -0.084495 0.096354
 -0.029356 0.062642 -0.002114 0.094436 -0.097241 -0.085122 0.054792 0.039135 0.055879 -0.000653 -0.079742 -0.027164 -0.038250 -0.034172 0.014340 0.063623
 -0.063881 -0.045985 0.029120 0.056011 0.063175 0.053339 0.063398 -0.067253 0.015421 -0.004414 0.030589 0.050793 -0.047791 -0.045338 0.032999 0.070657
 0.036168 0.098656 -0.008250 -0.014890 0.000480 0.073116 0.012278 0.093006 -0.091230 0.028038 -0.068305 -0.084791 0.086834 -0.036858 -0.099251 -0.012944
 -0.099444 0.068808 -0.060220 0.011434 -0.013592 0.011497 -0.042786 0.061917 0.004763 -0.036848 0.030098 -0.010472 -0.005680 -0.078843 -0.054516 0.097081
 -0.080680 0.029655 0.027703 -0.032429 -0.056875 -0.070330 -0.056032 -0.080841 0.018306 0.007525 -0.053061 -0.030119 -0.089048 0.065448 0.077742 0.068553
 0.062530 0.079615 0.047855 0.090475 0.087259 0.005662 0.049839 0.038422 0.053285 -0.024634 -0.078909 0.055213 0.018569 -0.098406 -0.093625 0.011390
 -0.056489 -0.026391 -0.099413 0.082485 -0.052531 -0.003153 -0.044049 -0.060312 0.021148 0.048803 -0.051728 0.007220 -0.020119 -0.011711 -0.088825 -0.028784
 -0.029601 0.032315 0.073137 0.073540 0.026167 -0.084859 -0.038594 -0.057171 -0.003252 0.016810 -0.060535 -0.092589 0.072107 -0.016618 0.097280 0.073371
 -0.006046 0.005123 0.045367 -0.018864 -0.076328 -0.046837 0.054489 0.006667 0.070174 0.068427 0.049680 -0.034409 0.029171 0.016598 -0.072589 -0.026002
 -0.078262 0.074011 0.096704 -0.023789 -0.075360 0.051488 -0.033937 -0.089740 -0.099036 -0.098382 -0.065287 0.064740 0.061799 -0.009187 -0.064920 0.077189
 -0.023303 -0.082050 -0.038146 -0.064610 -0.050186 -0.026888 0.020926 0.007456 -0.044537 -0.008773 -0.079673 -0.084202 0.089417 0.016480 -0.045890 -0.014391
 -0.031193 0.069174 0.075032 -0.086223 0.023020 0.077161 0.007695 -0.021130 -0.059971 0.006355 0.002513 0.072812 0.003821 -0.055276 0.019032 0.016310
 -0.061797 0.018127 0.045206 -0.012625 0.031472 0.049555 0.017989 -0.013651 -0.088915 -0.027487 0.055768 -0.000681 -0.033755 0.047877 -0.071793 0.053486
 -0.026438 0.004550 -0.081491 -0.027345 0.065384 -0.013364 -0.001163 0.015885 0.063843 -0.046873 0.092043 -0.019290 -0.085805 -0.052804 0.041712 -0.013914
 -0.013806 0.021754 0.022643 0.055193 -0.013174 -0.071435 -0.023821 0.005637 0.091636 0.060333 -0.010745 -0.007311 0.012318 0.096665 0.000128 -0.006048
 -0.044354 -0.009222 -0.099133 0.006649 -0.001980 0.072866 0.030953 0.068509 -0.082638 0.096973 -0.091566 0.016051 0.014083 0.089933 -0.017277 0.070287
 0.080959 0.080714 -0.068967 0.074174 0.097032 -0.039064 -0.021004 0.070547 0.011693 0.098911 0.065777 0.062054 -0.068238 0.053566 -0.095552 0.085512
 -0.019291 -0.034625 -0.042691 0.010063 -0.079136 -0.005979 -0.044796 0.077773 0.077177 0.053864 0.024485 0.095739 0.010833 0.056004 -0.033642 0.074943
 0.007433 -0.086759 0.036690 -0.060351 -0.001759 0.045859 -0.007797 0.027452 -0.082006 -0.078233 -0.053990 -0.021321 0.033163 0.020064 -0.072173 0.079330
 -0.016963 0.071941 0.002056 0.083281 0.095563 0.035955 -0.014113 -0.047713 0.014865 -0.062735 0.064708 -0.051694 -0.002059 -0.051591 -0.082185 -0.080553
 0.087187 -0.036584 -0.089493 -0.098849 -0.014308 -0.077332 0.027683 -0.053507 0.076069 -0.019361 0.071381 0.055931 0.013239 -0.027729 -0.082805 0.065991
 0.092751 0.076426 0.025342 -0.007039 0.093010 0.027765 -0.026918 0.072146 -0.092047 0.029099 -0.018387 -0.076631 0.013519 -0.054743 0.019603 0.010470
 0.014084 -0.077132 -0.059832 0.038544 0.019309 -0.013661 -0.035213 -0.014098 0.024691 0.002724 0.023388 -0.009232 -0.066313 0.087076 0.043910 0.040486
 0.011199 0.010601 -0.049125 0.006054 -0.031019 0.026605 -0.096095 -0.087948 -0.088328 -0.095773 0.012559 0.002627 -0.030333 -0.041060 0.022246 0.086110
 0.049884 0.023808 0.031079 0.021354 0.021168 -0.059794 -0.014702 -0.043849 -0.086824 -0.015169 -0.076074 0.075839 -0.024122 0.054791 -0.064931 0.015517
 -0.054220 0.034331 -0.031302 -0.055733 0.062311 0.086218 0.062505 -0.043437 -0.099895 -0.096410 0.062297 -0.018109 0.002838 -0.077377 -0.038918 -0.030682
 0.037599 0.013907 -0.019887 -0.010768 0.031943 0.018479 -0.031453 -0.037249 -0.046527 -0.090409 0.086500 0.094489 0.058551 -0.004908 -0.023095 0.057814
 -0.047302 0.042918 0.007179 0.016657 -0.089151 -0.083675 -0.051426 0.066433 0.069542 -0.025292 0.028599 -0.090814 -0.086890 -0.012092 -0.011230 0.013722
 -0.036299 0.069507 0.052726 0.028685 0.000500 0.048592 -0.003303 -0.092540 0.022349 0.094270 0.055933 -0.021669 0.098938 0.015748 0.028922 0.031783
 -0.018178 -0.096527 0.018150 0.071158 0.074254 -0.043139 -0.085046 0.092179 0.075310 -0.012665 -0.052224 0.010171 -0.010402 -0.079409 0.061244 0.057140
 -0.026544 -0.050564 0.063783 -0.049422 0.074879 0.055875 -0.086526 -0.098494 -0.025612 -0.025628 0.069886 0.085192 0.035620 0.095503 -0.094849 -0.032755
 0.054251 -0.053733 -0.052363 0.038657 -0.082554 0.041777 -0.004154 0.014666 0.079003 -0.058289 -0.034167 -0.018861 -0.016717 -0.059832 0.069330 -0.067066
 -0.070361 0.008594 -0.065589 0.022499 0.059689 -0.031963 -0.097823 -0.046017 -0.013277 0.023043 0.064594 0.077270 -0.015678 -0.021236 -0.078163 0.077890
 -0.052275 0.047987 0.081156 0.005536 0.041593 -0.001204 -0.055796 0.054048 0.009081 -0.013119 0.037701 0.021941 0.075763 0.084801 0.096607 -0.096944
 -0.070453 0.006674 0.015551 -0.027850 0.008804 -0.062152 0.052284 0.007839 0.091870 0.079400 0.033545 0.035389 -0.063390 0.090341 -0.098146 -0.005646
 -0.061545 0.024273 0.038196 0.079623 0.093203 0.081133 -0.062295 0.082931 -0.079962 0.093340 0.021319 -0.094860 -0.052802 -0.068737 -0.053631 -0.095103
 -0.068267 0.084653 0.086215 0.088037 -0.047665 -0.076694 -0.049489 0.094355 0.048147 0.031305 0.016331 0.083301 0.015894 -0.048460 -0.090328 0.047490
 -0.038848 -0.084864 0.039688 -0.014102 -0.053890 -0.080396 0.094397 -0.054803 0.050792 0.078412 -0.057105 0.012370 0.036270 0.024880 0.004481 -0.037873
 0.034258 -0.097787 0.090411 -0.093754 0.027768 0.030842 0.005599 0.063899 -0.071646 0.000046 -0.063114 0.007417 -0.067529 0.015321 0.003090 -0.051869
 0.069207 0.078023 -0.053709 0.057118 0.095728 -0.068312 0.083659 -0.019964 -0.014254 -0.084585 0.052492 -0.081456 -0.014606 0.083801 0.038800 -0.062563
 0.045909 -0.009520 0.037731 0.005733 0.055795 -0.009987 -0.028484 0.012451 -0.091637 0.024267 -0.030918 0.066150 -0.000767 -0.021167 0.007336 0.070990
 0.034218 0.084517 -0.002956 0.087637 -0.085867 0.068224 0.035600 -0.059977 0.077486 -0.025865 -0.009310 0.007945 -0.050074 0.019387 -0.095140 0.067056
 -0.032265 0.050848 -0.058254 -0.006129 0.024636 -0.087376 0.040914 0.042266 0.013208 0.039798 0.033713 -0.041714 -0.047575 -0.084648 -0.052377 -0.008552
 0.085684 -0.044208 -0.044754 0.095254 -0.059883 0.072473 0.074322 0.010797 0.010496 0.053117 -0.056096 -0.083417 0.098873 -0.030583 -0.053375 0.040034
 -0.025971 -0.020646 -0.075523 -0.035960 0.092572 0.095234 -0.002193 -0.071366 -0.037351 -0.063645 0.078628 0.007474 -0.001662 0.062669 -0.044200 -0.024965
 0.003357 -0.056632 0.045924 -0.060352 -0.084948 0.081813 0.018608 0.065668 0.020115 -0.008468 -0.087025 -0.053314 0.048654 0.069603 -0.068981 0.054853
 -0.083510 0.033153 0.076331 -0.074767 0.037619 -0.082587 0.080800 0.075869 0.003344 0.021970 0.048501 0.068340 0.008802 -0.041778 0.087225 0.032469
 -0.033142 -0.066592 0.033071 0.001592 0.075440 -0.070592 0.075432 -0.032609 0.045867 -0.050247 -0.093358 -0.072997 -0.048820 0.046004 0.071964 0.093886
 0.071573 0.009960 0.011741 -0.085272 -0.093715 -0.095546 -0.026031 0.004035 0.040958 -0.093038 -0.098778 -0.064198 0.022367 0.090834 0.052377 0.088079
 -0.013142 -0.008721 0.014319 0.092733 -0.029015 0.090705 0.078291 0.015550 -0.086059 0.032522 0.044405 0.067764 0.083212 0.034403 0.095240 0.056118
 -0.081324 -0.072742 0.078467 -0.098900 -0.096457 -0.059259 -0.024644 -0.093863 -0.024108 -0.091545 -0.023142 -0.080629 0.062388 0.074763 -0.042742 0.074800
 -0.057307 -0.040160 0.010831 0.021021 -0.055571 -0.045403 -0.037846 -0.016354 -0.029384 0.093220 0.040100 -0.085292 -0.031780 0.037629 0.017707 0.065677
 -0.018520 -0.001044 -0.017466 0.094947 0.082287 0.084158 0.026170 -0.089576 -0.068088 0.005376 0.060674 0.072352 -0.048237 -0.049354 -0.000908 0.097787
 -0.071355 0.002971 -0.004708 -0.057608 -0.052344 -0.054276 -0.093472 0.084057 -0.043447 -0.088808 -0.033839 -0.069569 0.096414 -0.076124 0.026082 -0.045092
 0.081156 -0.017327 -0.012589 -0.076291 0.061264 0.085309 -0.035860 -0.047125 -0.045166 -0.084816 0.082616 -0.011856 -0.099545 0.030484 0.002679 -0.015332
 -0.067716 -0.077284 0.077142 -0.015195 -0.095808 -0.030404 -0.067186 0.005447 0.014564 -0.034737 0.030989 -0.097928 -0.094322 0.004690 0.080861 -0.074723
 -0.073018 -0.045724 -0.017736 0.067899 -0.000085 0.089495 0.020022 -0.062066 0.053049 -0.025757 0.032161 -0.046439 -0.032960 -0.017876 -0.047759 -0.005577
 -0.026325 -0.054205 -0.075881 0.015378 -0.083643 -0.091096 0.042335 0.015229 -0.085589 0.054099 -0.086055 0.037321 0.073878 -0.009326 -0.021144 -0.001798
 -0.097830 -0.028035 0.034642 -0.003793 -0.050810 0.060146 -0.073962 0.001687 -0.000122 0.045807 0.031993 -0.029768 -0.033013 -0.019517 -0.018535 -0.071992
 -0.027166 -0.032940 -0.074743 -0.032974 -0.084129 0.024372 -0.031139 0.091956 -0.094355 0.012217 0.096214 0.004644 -0.021202 -0.036528 0.059452 0.004440
 -0.029080 0.016938 0.030652 -0.084221 -0.004259 -0.067862 0.037573 0.032576 0.037702 -0.081754 0.015707 -0.061186 0.094153 -0.096363 -0.048265 0.062683
 -0.028385 0.030658 -0.024872 -0.005842 0.092843 0.047038 0.071177 -0.063271 -0.034302 0.010202 -0.041992 0.027579 0.024418 -0.038351 -0.014199 -0.046460
 -0.068290 0.099679 0.025776 0.003532 0.080928 -0.064156 0.052762 -0.019845 -0.054796 -0.094525 0.059171 -0.064136 -0.058647 -0.041840 0.038179 -0.093537
 0.055735 0.023991 0.048233 0.095380 0.004956 -0.017776 0.029757 0.053259 0.025310 0.021756 0.023658 -0.034559 0.077392 0.015818 -0.008577 0.010657
 -0.078205 0.080343 -0.086419 0.079774 0.003304 -0.023583 0.087271 0.014721 -0.071812 0.052565 -0.067038 0.065398 0.019427 0.068495 -0.097361 -0.009251
 -0.033547 0.087566 0.030490 -0.032062 -0.048304 0.094980 0.035789 0.096810 0.082749 0.050455 0.002336 0.047612 0.060124 0.031947 -0.018609 -0.091261
 0.024609 0.063273 0.019495 -0.065182 -0.023612 -0.099311 0.097810 0.009478 -0.043323 0.005357 -0.029721 -0.050755 -0.096595 0.070161 -0.039284 -0.069928
 -0.078429 0.046322 0.094801 -0.012909 -0.057879 0.087172 0.020895 -0.019362 0.022894 -0.038055 -0.065740 -0.073340 0.069401 0.095710 -0.017117 -0.001462
 -0.039443 0.062126 0.040551 -0.080169 0.001194 -0.048465 0.027377 0.062340 0.008032 -0.003292 0.084278 0.082560 0.054303 0.025278 0.077906 -0.024296
 0.062873 0.026782 -0.024565 -0.060062 0.055287 -0.036600 0.057940 0.030700 0.084542 -0.042964 -0.069894 -0.007787 0.036913 0.086237 -0.007031 0.011056
 -0.062145 0.067938 -0.075926 -0.094630 0.005258 0.019461 0.009029 -0.095289 -0.023330 -0.049225 -0.061616 -0.010862 -0.066913 0.081887 -0.016500 0.074407
 -0.045651 0.009130 0.056388 0.029810 0.005090 -0.086139 0.001153 0.055947 0.083465 0.043887 -0.039219 0.010382 0.016344 -0.011063 -0.096259 0.015163
 0.006727 -0.008763 0.030996 -0.020662 0.067581 -0.082135 -0.091812 -0.013513 -0.092168 0.071476 -0.090296 -0.015434 0.011472 -0.082723 -0.055509 0.028448
 -0.061486 -0.021680 -0.081568 0.071870 -0.040685 0.046344 0.028156 0.033092 -0.058779 -0.003123 0.078185 0.063144 -0.018227 -0.095274 0.021254 -0.064972
 0.049980 -0.089735 -0.074971 0.077138 -0.000952 -0.023246 0.046809 -0.029651 0.070741 0.022707 0.080253 0.031151 0.049722 -0.004745 0.074316 -0.034582
 0.008115 -0.003397 -0.016897 0.068565 0.059508 -0.078015 0.092748 0.009308 0.051974 0.081396 0.027510 -0.070447 -0.054116 0.029530 -0.009991 -0.076080
 -0.046943 0.092761 0.087141 0.062856 -0.044671 0.009095 0.051054 -0.054746 -0.045252 0.097748 0.076831 0.048033 0.070445 0.034322 0.071433 -0.075030
 0.042433 0.056997 -0.067318 0.045791 -0.038726 0.072488 -0.032152 0.077061 0.035194 0.000977 0.066329 -0.057767 0.098425 -0.021939 -0.099910 0.064290
 -0.039957 0.063891 -0.060342 0.094560 0.092585 -0.014473 -0.002215 -0.038002 0.091173 -0.034817 0.049709 0.012790 0.096992 -0.012929 0.054490 -0.055057
 0.018411 0.011954 0.048111 -0.050342 0.005897 -0.086527 0.064944 0.020838 0.018219 -0.038880 -0.008290 0.098845 0.056991 0.006466 0.033536 0.098441
 0.037478 -0.009377 -0.007187 0.089304 -0.094555 -0.059661 0.034793 0.039849 -0.072085 0.050012 -0.063644 0.087876 0.039572 0.001248 -0.078793 -0.062097
 -0.056796 0.039600 0.041560 0.085616 -0.066624 0.018291 -0.082233 -0.043106 -0.051767 -0.039884 -0.038562 -0.025116 -0.083595 -0.096325 0.040605 -0.016592
 -0.068346 0.036910 0.078267 0.021337 0.003517 0.096154 0.015212 -0.025546 -0.047789 -0.083759 0.047333 -0.002499 -0.048071 -0.010605 -0.061546 0.025296
 -0.044543 -0.067292 0.002786 0.040747 -0.084684 -0.050215 -0.064800 -0.044229 0.011122 -0.083082 0.031188 0.083704 -0.033450 -0.069536 -0.029921 0.038386
 -0.033955 0.071289 -0.002776 0.043646 -0.078957 0.017103 -0.028686 -0.037367 0.045281 0.078965 0.023173 0.002209 -0.011427 0.029165 -0.092857 -0.053327
 -0.069168 0.092793 0.017549 -0.092839 -0.076548 0.016738 0.044336 -0.023900 -0.027843 -0.005812 0.074560 0.078061 0.082216 0.003647 -0.006673 -0.011696
 0.044177 -0.098614 0.020270 -0.034419 -0.004057 0.093095 -0.042829 0.050806 0.054281 0.026540 -0.022528 0.052649 0.057378 -0.022930 0.020353 -0.054613
 -0.044994 -0.051290 -0.083421 0.019538 0.046391 0.037586 0.022800 0.058039 0.096531 0.064710 0.094582 0.060640 0.027451 0.004003 -0.065246 -0.016276
 -0.084679 -0.013061 -0.051298 0.090864 0.093836 0.060008 -0.001813 0.090444 -0.096096 0.081836 0.009050 0.071942 -0.062393 -0.029963 0.087390 0.034689
 0.041896 -0.051751 -0.085486 0.084190 0.056938 0.063770 -0.065844 -0.018185 -0.030731 0.029191 -0.036335 0.077262 -0.075197 -0.026206 -0.046985 -0.019464
 0.060657 0.082515 0.046370 0.062392 0.093834 0.000467 0.087189 -0.052353 -0.070235 -0.065116 0.026211 -0.005923 0.089106 0.044187 0.060116 0.028619
 -0.038708 -0.087294 -0.057717 -0.016726 -0.047928 0.048540 -0.092844 -0.030191 -0.005073 -0.010745 0.083391 -0.093595 -0.042780 0.073047 0.075285 0.031120
 0.000034 0.027745 0.085875 0.033310 -0.089295 0.034681 0.008315 0.071783 -0.000529 -0.000931 0.081402 0.093307 0.021580 0.027186 -0.027720 -0.099769
 -0.073267 -0.026336 -0.006735 -0.036304 0.058693 0.085135 0.047886 -0.096891 0.028561 0.099941 0.005280 0.043196 0.063833 0.030728 0.025413 0.063905
 0.082154 0.066894 -0.044406 0.074179 0.074188 0.042119 -0.014462 -0.071833 0.078623 -0.063333 -0.092943 0.021947 -0.024340 0.069418 0.092898 -0.009852
 0.054576 0.031235 0.022957 -0.011594 -0.048707 0.052987 -0.044084 -0.043186 0.065807 0.099089 0.038599 0.063232 0.090197 0.090191 0.063715 0.071749
 -0.030671 0.094865 0.007975 -0.066020 -0.077296 -0.039622 0.047333 0.063186 -0.039189 -0.024881 0.035476 0.071201 0.041409 0.020127 0.064100 0.057060
 0.034387 0.073633 -0.076995 -0.058414 0.096273 0.065731 0.086300 -0.010614 0.096226 0.000908 0.000848 -0.027375 0.091325 0.084963 -0.028655 0.042479
 0.020622 0.039111 0.046769 0.045209 -0.038466 -0.024021 -0.025265 0.036063 0.045194 -0.012983 0.035414 -0.092772 0.066094 0.069184 -0.085755 -0.033489
 -0.026583 -0.025201 0.080136 -0.004297 -0.063277 -0.077926 -0.083597 0.019436 -0.076239 -0.059015 -0.050704 0.021597 -0.036643 -0.073334 -0.019151 0.023396
 0.036376 0.006183 -0.045456 0.058289 0.051848 0.011576 -0.022755 -0.010515 0.063087 -0.015680 -0.027292 -0.052927 -0.086726 -0.057795 0.037591 0.061734
 0.076019 -0.051381 0.071602 -0.064425 -0.067800 0.032426 0.009077 0.044544 0.044566 -0.085479 0.099971 0.022317 0.031969 -0.039301 0.048720 -0.043328
 0.070990 -0.096469 0.092770 0.028617 0.064446 -0.007861 0.044693 0.006696 0.076175 -0.070830 -0.083633 -0.026891 0.084547 0.025865 -0.012322 -0.032065
 0.030899 -0.086149 0.087571 0.029630 0.025340 0.085765 -0.022300 -0.043347 -0.039371 -0.037188 0.077438 0.083937 -0.045048 -0.071425 -0.095330 -0.082681
 -0.000452 -0.062977 -0.089590 0.051110 0.055205 0.066213 0.063889 -0.061605 0.027031 -0.050858 -0.089921 0.059384 -0.092476 0.028813 0.059389 0.071015
 0.016046 0.015203 0.095990 -0.015109 -0.007733 -0.079801 0.000757 0.065333 0.031572 0.087882 -0.027665 0.087154 0.028860 -0.092311 0.089587 -0.017184
 0.016426 0.007039 0.074688 0.050934 -0.000612 -0.055308 0.095557 0.043339 -0.043467 0.009907 -0.076729 -0.039647 0.086754 -0.063291 -0.019373 0.004228
 -0.027990 0.050527 0.097393 -0.068633 0.089585 -0.012682 -0.071989 -0.004671 -0.013135 -0.093053 0.043637 0.098633 0.010976 0.078863 -0.016973 -0.082881
 -0.039013 -0.071474 0.050229 0.052489 -0.087708 0.046171 0.061923 0.060295 0.082227 0.053224 0.091507 0.073625 0.081119 0.087183 0.070069 -0.095665
 0.098985 0.095907 -0.047076 0.031637 -0.073208 -0.090447 -0.041552 0.074806 -0.096033 -0.019575 -0.057354 -0.046380 -0.065312 -0.051745 -0.045684 0.023915
 -0.009605 -0.016995 0.060809 -0.009629 -0.065507 -0.018233 -0.071071 -0.071636 -0.062205 -0.033090 0.013297 -0.014169 0.024547 -0.002490 0.016279 -0.039196
 0.018132 -0.070302 0.075197 0.043236 0.014926 -0.080699 -0.039488 0.036566 0.094379 -0.011484 0.033918 -0.050249 -0.069392 -0.097688 0.032465 0.025510
 -0.057863 0.052170 0.078704 -0.052142 -0.075105 -0.070392 0.091917 0.073927 0.041414 -0.001386 -0.097475 0.027918 -0.094560 -0.078408 -0.041341 -0.037872
 0.004146 0.045868 -0.088126 -0.069634 -0.077278 0.040288 -0.067855 -0.064722 -0.046367 0.029798 -0.096045 -0.057205 0.096545 -0.073709 0.082868 -0.023977
 -0.066770 0.018230 -0.016491 -0.082854 -0.030423 -0.052381 -0.081731 0.088017 0.067402 -0.040626 -0.004138 -0.000231 0.020173 -0.056926 -0.010833 0.074789
 -0.084521 -0.093072 0.069080 0.025419 -0.001088 0.052324 0.075068 -0.065647 0.041527 0.015377 0.054298 0.024471 0.064398 -0.049920 -0.086439 0.097446
 -0.037160 0.054810 -0.066422 -0.068432 -0.030004 -0.058081 -0.006160 0.005826 0.063670 -0.029554 -0.032397 0.080210 -0.084969 0.022352 -0.024803 -0.010439
 -0.098144 -0.052246 -0.032007 -0.042498 -0.019288 0.084921 -0.041942 0.001726 -0.050545 -0.077497 -0.040540 -0.070876 -0.062655 0.084496 0.047827 0.043915
 -0.060765 -0.071736 -0.030344 -0.019016 0.018014 -0.067826 -0.054793 -0.094294 0.061333 0.055726 0.034598 0.016275 -0.004576 0.097214 -0.003386 0.067758
 0.011240 -0.016711 0.099416 0.081358 -0.080754 0.062527 -0.016386 0.001023 0.094754 0.008932 -0.018939 -0.093095 -0.068548 0.047723 -0.009453 0.033933
 -0.098045 -0.050710 0.033617 -0.069868 -0.046396 -0.012819 -0.029594 0.033751 0.006221 -0.045940 0.027165 0.047531 -0.046663 -0.034283 -0.036517 0.000838
 -0.081357 -0.042951 -0.076591 0.089846 0.032046 0.030387 0.059461 -0.064871 0.006222 0.069210 0.007042 -0.032170 -0.015819 -0.092499 -0.012019 0.031598
 -0.048031 0.070227 -0.097014 0.036498 -0.093609 -0.008498 -0.064327 0.042935 -0.090520 -0.012182 0.055604 -0.087935 0.082978 -0.057166 -0.029648 -0.085614
 -0.069253 0.002857 -0.094279 -0.097892 -0.049808 0.074692 -0.050945 -0.078519 -0.006926 0.030446 0.022297 0.023816 -0.064707 -0.022016 -0.081612 -0.035890
 -0.086211 0.040701 -0.078588 -0.002668 -0.060123 0.086234 0.024741 0.077531 -0.076160 -0.036247 -0.043559 0.078231 0.026745 -0.024184 0.079262 0.035963
 0.014093 0.086486 0.001998 0.050487 0.004998 0.053021 -0.014773 -0.075558 -0.000303 0.062721 -0.096458 -0.085241 -0.067367 0.017763 -0.038345 -0.057476
 0.055029 0.010027 0.002060 -0.089334 -0.020094 -0.090022 -0.010378 -0.014486 -0.094322 -0.082417 0.088976 0.069058 0.007326 0.035269 -0.080392 0.052599
 0.030235 0.015035 -0.067592 -0.001735 -0.079976 -0.006054 -0.086180 -0.041196 0.019893 -0.004054 -0.066671 0.048486 0.093987 0.028586 0.039323 0.045150
 -0.056566 -0.073728 -0.017731 0.017013 0.007131 0.087939 0.056604 -0.061303 0.028472 0.079715 -0.028469 -0.010974 0.037716 -0.042632 -0.070248 0.079485
 0.046026 -0.091149 -0.021333 0.039745 0.089828 -0.041173 0.039443 -0.024356 -0.058103 0.032184 0.035132 0.060974 0.031278 -0.096890 -0.002449 -0.071353
 0.049146 -0.043201 -0.043775 0.001080 -0.091886 -0.002223 -0.057148 0.092814 0.091399 -0.072652 -0.087136 0.001193 -0.059086 -0.069025 -0.049749 0.089355
 0.021358 -0.098408 -0.054931 -0.068169 -0.018961 -0.009767 -0.032507 -0.036898 -0.024342 -0.010167 -0.076546 -0.062993 -0.043982 -0.060567 -0.089416 -0.023531
 0.018589 0.069495 -0.000135 0.074517 0.048301 0.026708 -0.041766 -0.027412 -0.082233 0.074373 -0.023813 -0.075589 0.014690 0.029420 0.020924 -0.056271
 0.045119 0.078085 0.037290 -0.038621 -0.078796 0.011854 -0.058010 -0.080928 -0.066424 0.068346 0.013527 -0.026246 -0.033415 0.016166 -0.063687 -0.062685
 0.023023 -0.043666 0.000101 0.060234 -0.019404 0.016311 -0.070589 -0.037343 0.083395 0.035075 0.005559 -0.076212 -0.014502 -0.020848 -0.092312 -0.023338
 -0.053098 0.065602 -0.003946 -0.048108 0.038929 0.038718 0.034271 0.029104 -0.076176 0.060440 -0.025996 -0.090085 -0.008161 0.003634 -0.062927 0.099428
 -0.055010 0.051483 0.057432 -0.038963 -0.078821 0.053225 0.076231 -0.003953 -0.086227 0.080126 -0.008757 0.040213 -0.090182 -0.058689 -0.061915 0.020062
 0.048785 0.090414 0.054657 0.048180 -0.075779 0.011609 0.089266 -0.025891 0.066106 -0.020446 -0.099070 -0.024913 0.045998 0.008400 0.051859 -0.082625
 -0.016218 -0.033915 0.078455 0.047665 -0.056130 -0.045962 -0.016037 0.052118 0.089894 -0.084845 0.060532 0.052723 0.073870 -0.098162 -0.043176 0.059941
 0.015534 0.037466 0.058327 0.002895 -0.038446 0.034872 -0.055450 0.068541 0.052063 0.075698 0.007482 0.077193 0.055803 -0.024682 0.089989 -0.067524
 -0.007152 0.099340 -0.062369 -0.052227 0.004448 -0.075101 -0.049459 0.036998 -0.077937 0.075879 0.075656 0.079843 0.082156 -0.022627 0.083379 0.011507
 -0.095195 -0.093378 -0.017365 0.091997 0.032740 0.000020 -0.003888 0.090819 0.002563 -0.068697 -0.015424 0.056514 0.019823 -0.093584 -0.065224 0.035424
 -0.082468 -0.011173 0.081441 0.044050 -0.022986 0.049468 0.056985 0.051559 0.012168 0.083669 -0.065535 0.000421 -0.080114 0.094317 0.040393 -0.059920
 0.042537 0.048281 0.047298 0.014817 0.016372 0.077106 0.080748 -0.081818 0.034086 -0.053659 0.033825 -0.088195 0.022980 0.096612 0.071617 0.017674
 0.065039 -0.075969 -0.016545 0.054017 -0.015000 -0.064984 0.089231 0.040819 0.056264 -0.067334 -0.078400 -0.009219 -0.088888 0.054512 0.024852 -0.077295
 -0.012906 0.076634 -0.081658 -0.050767 0.012843 -0.060295 -0.008314 0.057384 0.068642 0.056661 -0.020813 0.051554 -0.054985 -0.057881 0.007332 0.010178
 -0.061566 0.099414 -0.027444 -0.094980 0.078895 0.037258 -0.041687 -0.029849 0.038788 -0.025410 -0.080669 -0.061942 -0.090476 0.038953 -0.093171 0.008003
 0.063488 -0.056024 0.044903 0.062162 -0.035653 -0.026400 0.000418 -0.031718 -0.057350 -0.069748 0.053641 -0.064047 -0.035918 -0.024566 -0.090644 0.081300
 0.017647 -0.093012 -0.019558 0.091693 -0.004115 0.051144 -0.072977 -0.050893 -0.051765 -0.010308 0.019799 -0.000848 0.045715 -0.085051 0.082878 0.065801
 -0.031986 0.058815 -0.035781 -0.071409 0.008894 -0.081909 -0.072260 0.038065 -0.043259 -0.092005 -0.050341 0.074199 0.026060 -0.095193 -0.070464 -0.088532
 0.083918 -0.007031 -0.047042 -0.077873 0.003835 -0.004293 0.028333 0.041611 -0.099140 -0.070961 -0.026300 0.083011 -0.011433 0.028171 0.067900 0.093481
 0.013730 0.060781 -0.013446 0.052677 0.028649 0.069038 -0.001546 -0.006230 0.036224 0.020709 -0.042204 -0.092877 0.015107 -0.086999 -0.039170 -0.005595
 -0.086532 -0.025390 0.012524 0.081772 0.075003 -0.090452 0.061675 0.013348 0.080909 -0.063739 0.072769 -0.035508 0.059679 -0.022156 -0.042195 -0.079638
 0.056064 -0.032634 -0.052584 -0.031492 0.076336 -0.016986 -0.068855 -0.093103 0.056111 -0.085435 -0.046363 0.099607 0.058298 -0.044187 0.074725 0.026720
 0.000566 -0.031900 -0.016647 0.084281 0.084645 -0.074321 0.091332 0.012227 -0.016650 0.000359 -0.071933 0.015501 0.004779 -0.088779 0.069192 -0.058836
 -0.084411 0.048584 0.071238 0.089723 0.081801 0.006742 -0.073433 0.073169 0.047721 -0.024179 0.038086 0.059265 0.096520 0.020881 -0.058191 0.027835
 -0.080322 0.054193 -0.018920 -0.067149 -0.093171 -0.039531 -0.091043 -0.084810 0.064415 0.076882 -0.042436 0.053959 0.094294 0.053817 -0.005783 0.032344
 0.002034 -0.054217 -0.005676 0.062159 0.024368 -0.064195 0.064248 -0.015268 0.061558 0.073070 0.054116 0.019174 -0.010824 0.068262 -0.094494 0.086812
 -0.046126 -0.052393 -0.098285 0.092273 0.012891 -0.057378 0.014396 -0.020232 -0.062203 -0.046249 -0.033808 0.062918 -0.029896 -0.055238 -0.025499 0.010999
 -0.093705 0.085867 -0.097544 0.086992 -0.019465 -0.048550 -0.083675 -0.077349 0.093057 -0.067406 -0.048455 -0.014768 0.063345 0.047819 -0.037699 0.033162
 -0.068498 -0.054072 -0.048323 0.034767 -0.056040 0.023405 -0.091595 0.035489 -0.036510 0.080480 0.057930 -0.070905 0.052731 -0.030473 -0.043565 -0.020435
 0.008148 0.038434 0.015560 -0.005260 -0.044238 -0.091723 0.099964 0.042963 0.023976 0.058262 -0.072523 0.083791 -0.082209 -0.093771 -0.049197 -0.000606
 0.024435 -0.084418 -0.006708 0.050789 0.057386 -0.061580 -0.053912 0.058641 -0.054197 0.092895 -0.055206 0.090911 -0.056423 0.004593 -0.015428 -0.041482
 -0.058855 -0.094462 -0.000398 0.077258 0.011003 -0.031668 0.038837 -0.014697 0.045522 -0.028402 0.004948 -0.003838 -0.039828 -0.045942 -0.006324 -0.055051
 -0.077582 0.028584 -0.094995 0.080570 0.064642 -0.040669 -0.099668 0.079988 0.099015 0.041771 -0.096563 0.088522 -0.055938 -0.025044 -0.057672 -0.051223
 0.081634 -0.000331 0.036935 -0.097900 -0.081193 0.055275 -0.025669 -0.011162 -0.084955 0.028013 -0.005084 0.078631 -0.070875 0.078079 0.005601 -0.038641
 0.015418 0.046348 -0.089897 0.003284 0.084286 -0.046629 -0.022104 -0.068445 0.083114 -0.075858 0.049937 0.032529 0.022203 -0.002175 0.039056 0.052720
 0.079133 0.087638 0.075755 0.066523 -0.067894 0.037414 0.096701 0.087279 -0.090654 -0.049680 0.012001 0.046155 0.003974 -0.018342 0.017279 0.092286
 0.090918 0.072561 0.076869 -0.070888 -0.027044 0.081483 0.001766 0.090293 -0.077048 0.032909 -0.065797 0.015985 0.045089 0.089432 0.090529 -0.037713
 0.000810 -0.072016 -0.079921 0.095055 -0.052695 -0.065123 0.082640 -0.002001 -0.011353 0.089905 0.044662 -0.046717 0.021971 0.084312 0.017942 0.042676
 0.027679 0.059452 -0.067997 0.090403 0.067335 0.049695 -0.065138 -0.013529 0.015755 -0.016455 -0.040528 0.019541 0.069625 -0.056375 -0.041563 -0.076043
 0.033725 0.038543 -0.054318 0.009653 -0.020804 0.082958 0.065643 -0.077068 0.069178 0.090792 0.025825 -0.001112 0.071769 -0.000009 -0.029853 0.069656
 0.095297 -0.081894 0.099712 0.011684 -0.094613 0.067321 -0.059390 -0.030581 0.092951 -0.005574 0.066831 -0.027493 -0.080696 -0.025252 -0.055621 -0.073615
 0.087984 0.098585 -0.086961 0.075910 0.025731 -0.012715 0.009420 -0.057188 0.084572 0.045659 0.069190 -0.093187 -0.041733 0.096990 -0.039510 -0.098392
 -0.079834 0.015767 0.060666 -0.021118 0.090540 0.084313 0.074730 0.086151 -0.013524 0.048635 0.005494 -0.047580 -0.071520 -0.084522 -0.078916 0.026823
 -0.029074 0.091178 -0.035201 -0.071548 -0.091807 -0.087650 -0.067938 -0.055741 -0.012919 -0.070022 -0.014562 0.042364 -0.027782 -0.078740 0.072452 0.053108
 -0.056557 0.013809 -0.094317 0.003065 -0.042576 0.025501 -0.086644 0.088788 0.092174 -0.063433 -0.069946 0.051224 0.056223 -0.025937 -0.069854 -0.088513
 -0.087477 0.091918 0.012532 -0.045553 -0.013534 0.076976 0.072785 -0.053535 -0.029414 -0.072248 0.001208 0.069391 -0.062750 -0.030591 0.052306 -0.086170
 0.049429 -0.026808 -0.027054 -0.054090 -0.031078 -0.073309 -0.033089 0.001962 -0.038861 0.041000 0.024302 0.088363 0.084051 -0.039153 0.087103 0.016777
 -0.079283 0.004646 0.029299 -0.061246 -0.026602 0.089131 -0.034830 -0.033975 0.021953 -0.097532 -0.084394 0.071812 0.037614 0.040938 0.050065 -0.070380
 0.091524 -0.081526 0.020733 0.035445 -0.071905 -0.094053 0.027496 -0.061936 0.049852 0.076034 -0.093919 -0.084444 -0.081343 0.096019 -0.084244 0.068734
 -0.083165 0.000090 -0.098539 -0.047069 0.047183 -0.008542 0.088212 -0.093864 0.067932 0.065753 -0.049942 0.086427 -0.020972 0.037645 -0.017067 -0.073210
 0.070970 0.084713 0.003639 0.018362 -0.022667 0.067465 0.011220 -0.086571 -0.034350 0.022466 0.093388 -0.088560 -0.060551 0.070402 0.043223 -0.068575
 0.095481 0.009166 -0.016039 -0.011985 0.015824 0.092450 0.055461 0.015773 0.037480 -0.013513 0.060295 -0.082975 -0.074730 -0.055507 -0.087513 -0.029697
 -0.007890 -0.097033 0.049263 0.023109 -0.068967 -0.080616 0.032388 -0.026891 -0.080625 0.057267 0.001233 0.058785 -0.095777 0.004159 -0.043297 -0.075360
 0.080359 0.001738 -0.010300 0.050462 -0.087560 -0.090163 -0.020061 0.016983 0.085947 -0.098508 0.097363 0.025745 0.096296 -0.065538 0.097260 -0.089700
 -0.002741 -0.097565 -0.047089 0.005309 0.053941 -0.014047 -0.069819 -0.045911 0.002736 0.044037 0.052090 0.044181 -0.080656 0.041114 -0.014466 -0.078926
 0.004269 0.037317 -0.085642 -0.015549 0.065747 0.096931 -0.039966 0.041927 -0.088188 -0.015320 0.024939 -0.053954 0.018981 -0.061104 0.073903 0.074642
 -0.074801 0.077462 0.016491 0.072632 -0.089277 -0.094431 0.073553 0.084227 -0.017954 -0.033635 0.037361 -0.069327 0.062031 0.016704 -0.090932 0.013925
 -0.041264 0.045547 0.090529 0.045835 -0.051647 0.067469 -0.007919 -0.042853 -0.082211 -0.073594 0.008883 -0.077794 -0.055915 0.035839 0.058585 0.025905
 -0.075497 0.041197 0.072676 0.003607 -0.057876 -0.003529 0.020668 -0.084786 0.049207 -0.064724 -0.022291 -0.066700 0.023535 0.093922 0.035157 0.067667
 0.092058 0.072271 0.006036 -0.065227 -0.024526 -0.075648 -0.097119 0.087255 0.065354 0.005190 -0.017485 0.019609 -0.024327 -0.092789 -0.033903 0.015133
 -0.065841 0.093115 0.068689 0.051221 0.078667 -0.047551 -0.015482 0.054987 -0.023648 -0.012059 0.006838 -0.032878 0.076683 -0.068310 0.018027 0.045442
 -0.016695 0.044706 -0.034300 -0.013902 0.097749 -0.031082 0.028162 0.030118 -0.009093 -0.083212 -0.093445 0.009022 -0.051119 -0.068522 0.060953 0.036003
 -0.029087 0.078913 -0.040539 0.010811 -0.066250 -0.055641 0.087684 -0.061372 0.095917 0.021336 -0.087305 0.013057 -0.046757 0.035910 -0.049427 -0.063486
 -0.022619 0.094349 0.016050 0.032196 -0.037048 -0.072621 0.084421 -0.095004 0.025927 -0.031670 0.093931 -0.082119 -0.075504 -0.099155 0.017636 -0.025556
 -0.012545 -0.090067 -0.058673 0.089487 0.087117 0.034023 0.026246 -0.012321 -0.059002 -0.017348 -0.033544 -0.059059 -0.080592 0.034898 0.056596 -0.020686
 0.001522 0.039252 0.050550 -0.069769 0.081406 0.078315 0.027637 0.079608 -0.057380 -0.040594 -0.001699 -0.042657 -0.090126 0.002780 0.074042 -0.065602
 0.027696 -0.073520 0.096560 0.090138 0.011106 -0.099763 -0.094730 -0.041788 -0.083901 0.076306 -0.005078 0.043307 0.041716 -0.047126 0.084920 0.007057
 -0.026211 -0.099964 -0.041158 -0.001708 -0.001593 0.080079 0.018606 0.004638 -0.071098 0.007147 0.090814 -0.016413 0.067843 0.077535 0.002020 -0.091178
 -0.023011 -0.094373 -0.084945 0.051636 -0.006211 0.041690 -0.002883 0.000441 0.075222 0.003127 0.016967 -0.097726 -0.048031 -0.029921 0.006543 -0.070510
 0.088780 -0.097315 0.007591 0.040274 -0.010946 0.072438 0.023189 -0.049971 -0.002211 0.002215 -0.058686 0.028548 0.066688 -0.069968 -0.035222 0.006758
 0.088277 -0.076679 0.015169 0.077680 -0.091177 -0.099259 0.004146 0.090363 -0.047598 -0.067675 -0.085169 -0.028161 0.060588 0.018706 -0.055330 0.048361
 -0.013934 -0.068839 -0.017682 -0.022715 0.093700 0.022562 0.007880 0.015432 -0.062098 0.067973 0.041298 -0.062182 -0.041903 0.008912 0.070408 0.018168
 -0.080157 -0.083598 0.013848 0.062122 0.083702 0.059057 -0.087527 -0.014825 -0.091877 0.051024 0.094605 0.009832 0.029208 0.036988 0.066800 -0.059612
 -0.047101 0.023826 0.009094 0.049517 0.004986 -0.070134 0.032714 0.088189 -0.065621 0.069155 -0.040784 -0.068312 -0.023972 -0.021730 0.023439 -0.033640
 0.011375 -0.091403 0.022188 0.005221 0.066282 -0.066967 -0.078101 -0.069998 0.054879 0.030489 0.001848 0.007497 0.012406 -0.077605 0.058652 -0.078050
 0.073494 0.011861 0.050212 -0.047986 0.047509 -0.071815 -0.017771 0.062338 -0.029781 0.034896 0.056005 0.061275 0.048497 0.078989 0.003551 -0.079946
 -0.070387 0.062892 0.010475 -0.040211 -0.013365 0.040006 0.009076 -0.035422 0.022113 -0.078362 -0.064180 -0.079926 -0.038668 -0.077781 -0.013399 0.011236
 0.014590 -0.091151 0.011930 -0.074549 -0.052910 -0.057726 -0.073432 -0.025009 0.064217 0.016034 -0.044669 0.052960 0.003275 -0.074280 -0.057852 -0.015423
 0.042685 0.082995 0.076960 0.086725 -0.084178 -0.089703 0.052095 0.070716 0.053830 -0.092999 -0.028719 0.023192 -0.033083 0.031143 0.029886 -0.017646
 0.060639 -0.071537 -0.043179 -0.048051 0.042146 -0.034907 0.085539 0.098520 0.038463 0.091113 0.048333 -0.048165 -0.038910 -0.004633 0.068562 0.017687
 -0.047326 -0.031611 -0.075817 0.093373 0.015974 -0.052721 0.020943 0.065379 0.028386 -0.053380 0.020684 -0.056278 -0.085892 -0.072893 0.002807 -0.038816
 0.047967 0.025288 -0.069809 0.095102 -0.089623 0.013263 -0.015851 -0.010221 -0.078167 -0.042440 0.080565 0.042474 0.046469 -0.055598 -0.022923 0.098885
 0.004034 0.039304 -0.077389 0.030750 -0.049892 -0.041562 -0.089546 0.087164 -0.071876 -0.046532 -0.069282 -0.018067 0.003879 -0.096927 0.083134 0.026315
 0.032951 -0.009715 0.089707 -0.035094 -0.018810 -0.068752 0.087909 -0.038744 0.076516 -0.028264 0.006286 -0.013895 0.035687 0.060179 0.069240 0.040505
 -0.043143 -0.025848 -0.035668 -0.047509 -0.081971 -0.056054 -0.083032 0.022960 -0.089342 0.065969 0.006643 0.059100 0.084562 -0.081285 0.014846 -0.075826
 0.064166 -0.007179 -0.090546 0.012195 0.073879 -0.064028 -0.079586 0.039330 -0.028966 -0.080223 0.045414 -0.067971 -0.010756 -0.083208 0.092263 0.071814
 -0.005642 -0.078406 -0.066639 -0.092499 -0.084992 0.022680 0.058416 -0.095796 0.055634 -0.040253 -0.000833 0.088809 0.051410 -0.084918 -0.060475 0.054180
 0.038573 -0.099645 -0.081216 -0.042469 -0.013617 -0.073956 -0.045692 0.007865 0.026272 0.006076 0.084286 0.058105 -0.005460 0.079634 -0.086647 0.005227
 0.089152 0.046396 0.013467 -0.050390 0.033940 0.070249 0.082681 -0.056144 -0.009511 -0.077528 -0.065832 -0.058473 0.031093 -0.012256 0.040672 -0.014555
 0.046272 0.053458 -0.039923 0.032555 -0.079908 -0.096932 -0.017175 -0.005528 0.006045 0.069376 0.014695 0.004225 -0.015878 -0.061751 -0.074984 -0.046773
 0.065491 -0.066874 0.055394 -0.028026 -0.030011 -0.013814 -0.001468 0.013672 -0.007183 -0.003181 -0.053801 0.079715 0.035788 -0.007991 0.029319 0.041448
 0.030019 0.029467 0.015645 0.022525 0.029030 -0.097210 -0.083772 -0.038406 0.020809 -0.025778 -0.035427 -0.023650 0.006714 -0.090129 0.069465 -0.039503
 0.077651 -0.002129 -0.082089 0.025336 0.004034 0.065223 -0.056240 -0.053836 -0.005688 0.025770 -0.048263 -0.070519 -0.078060 -0.072140 -0.028759 0.091297
 0.078583 0.017689 -0.092724 0.033416 -0.075336 0.032973 -0.044704 0.054436 0.011372 -0.087379 -0.091149 0.070090 -0.019871 -0.036637 -0.038490 0.071337
 0.007079 0.001016 -0.011832 0.070753 0.045134 -0.050550 0.000111 0.003598 0.055302 0.003378 -0.045680 0.046980 0.067248 0.045412 -0.068786 0.008488
 0.051417 -0.078749 -0.061142 -0.063064 0.076157 -0.074920 -0.007883 0.080052 -0.004183 0.038955 -0.089447 0.091662 -0.015671 -0.051730 0.077761 0.066117
 -0.010622 -0.005723 0.032420 0.032229 -0.065073 0.056932 -0.019491 0.030972 0.031913 -0.037053 -0.025664 0.014263 -0.068511 -0.036690 0.029328 0.061397
 -0.008818 0.090197 0.070191 -0.092531 -0.045605 -0.054726 0.078960 0.084836 -0.042199 0.084445 0.067207 0.064038 0.037771 0.029836 0.090519 -0.090590
 -0.025719 -0.054598 0.033636 -0.064356 -0.085223 0.060111 0.068660 -0.080659 -0.046780 -0.020320 0.014927 -0.000705 0.070512 -0.045287 0.063093 0.009433
 -0.080396 -0.072775 -0.039176 -0.038691 0.014775 0.079566 0.038658 -0.037701 0.012886 -0.030347 0.035333 0.005047 -0.022864 -0.015917 0.029145 -0.090933
 -0.008577 -0.050421 -0.066591 -0.030695 0.020302 0.084301 0.067643 -0.036812 -0.079597 -0.097620 0.019765 0.015988 0.000321 -0.017136 0.017569 0.028741
 0.042390 -0.013771 -0.034658 0.079938 0.080244 0.039741 0.065086 -0.049250 -0.053615 -0.043302 -0.039235 -0.043175 0.040043 -0.072293 0.043644 0.089315
 0.078096 0.003986 0.050206 0.024169 0.070201 -0.087027 -0.066141 0.039839 0.023426 -0.071408 0.018814 0.007255 0.088557 0.085663 0.049914 0.035943
 -0.024732 0.091344 0.048096 -0.014783 -0.015296 0.005687 -0.003350 -0.073400 0.059631 0.050964 0.062630 0.080522 -0.093752 -0.014168 -0.042710 0.048756
 0.098872 -0.071432 -0.061250 0.013593 -0.040566 -0.059045 0.027279 -0.029531 0.000535 -0.056362 0.040777 -0.027392 0.078010 -0.058341 0.044758 0.042186
 0.024060 0.083213 -0.001988 0.034042 0.081542 -0.051710 -0.028218 0.094135 -0.062364 0.058819 0.031099 0.083922 0.098767 -0.065569 -0.069748 0.095034
 -0.045558 -0.072345 0.012525 0.038096 -0.060796 -0.032742 -0.088703 -0.027256 -0.064325 0.014052 -0.062218 0.046589 0.066060 0.032970 0.086265 0.000756
 -0.030531 -0.029712 0.006909 -0.075212 0.049117 -0.061090 -0.093840 0.020679 0.078199 0.060182 -0.024812 -0.024484 0.018928 -0.067744 0.053725 -0.054015
 -0.092567 -0.067538 -0.018954 0.056191 0.002342 0.059583 0.086464 0.019934 -0.056356 0.079668 -0.042133 -0.037696 -0.041983 -0.066360 0.093983 -0.083240
 0.020793 -0.081909 0.094473 0.080051 0.012776 0.028662 0.016070 -0.057616 0.082794 0.067924 0.006249 -0.035558 0.082423 0.016407 -0.019350 -0.003996
 0.005207 0.044194 0.062072 0.039581 -0.072167 0.067462 0.016970 0.069510 -0.053730 -0.096079 -0.090898 -0.034520 0.063090 0.050414 0.022237 0.056632
 0.083648 0.056036 0.047130 -0.027031 0.017075 0.071902 -0.009730 0.008998 0.066491 0.041546 -0.051910 -0.007209 -0.055520 -0.074402 0.013803 -0.094377
 -0.039337 0.024364 -0.049650 0.048051 -0.078792 -0.079405 -0.032716 -0.002806 0.083407 -0.048861 -0.065193 -0.056855 -0.001683 -0.025222 0.061883 0.043387
 -0.078571 -0.049029 0.024041 -0.093832 0.085175 0.092021 -0.010977 -0.021179 -0.076249 -0.088579 0.053809 0.033323 -0.075742 -0.001561 -0.050773 -0.075437
 -0.028893 -0.008138 -0.078186 0.013039 -0.076789 0.013995 0.089067 0.062727 -0.014594 0.099295 0.047666 -0.028754 0.052527 0.059556 -0.040506 -0.027398
 -0.000651 0.082626 -0.035495 -0.037843 -0.033500 0.000235 0.055206 -0.079524 -0.081641 0.012283 -0.007455 -0.017783 0.030555 -0.057275 -0.027012 -0.025774
 0.091573 -0.076412 -0.079250 -0.031451 0.046210 -0.008513 0.027367 0.051806 0.055806 -0.073932 -0.079302 -0.020247 -0.057399 0.001563 -0.055579 0.008063
 0.042957 -0.005330 0.079636 -0.012618 0.048592 0.003537 -0.006257 0.008166 0.030959 0.020726 0.060894 0.034776 0.012898 -0.015358 0.077581 -0.067186
 0.076116 -0.089378 -0.029335 -0.006030 -0.033797 -0.085454 -0.085066 -0.036123 -0.085677 -0.002561 0.006455 -0.024521 -0.005112 0.065954 0.046987 0.039815
 0.039099 0.060848 0.050790 -0.073535 -0.099654 -0.040255 0.006166 -0.098076 -0.037014 -0.088371 0.043775 0.094709 0.036336 -0.023343 0.051985 -0.033163
 0.059173 0.006276 0.061144 -0.035869 0.028437 0.000189 0.061308 0.039404 -0.011839 0.094890 0.007129 0.098779 0.078488 -0.017500 0.031587 -0.065821
 0.068530 0.042639 -0.073265 0.081689 -0.065349 0.098245 0.021656 0.059496 0.097667 0.036613 -0.081604 0.092008 -0.073921 0.075486 0.001702 -0.055639
 0.070785 -0.039839 -0.067543 0.024439 0.067644 -0.015949 -0.014845 -0.091567 0.073961 0.087133 -0.044985 -0.074904 -0.076236 -0.012772 -0.097490 0.030508
 0.092385 -0.042187 0.071540 -0.091972 0.098755 -0.090435 0.052170 -0.012353 -0.093439 -0.009791 0.095465 -0.071801 0.091805 -0.083237 -0.043965 -0.026678
 0.058012 0.095219 0.026199 -0.030544 0.065164 -0.000155 0.048932 -0.080649 0.009350 -0.041092 -0.071534 -0.099161 0.039840 0.013300 -0.081918 0.097766
 -0.009977 -0.055515 -0.090071 -0.092963 -0.029490 0.006645 0.027037 -0.083415 0.059540 0.022890 -0.090216 -0.040624 0.034879 0.088358 0.024121 -0.009291
 -0.013417 -0.087081 -0.064002 0.010485 -0.039370 0.005069 0.056570 -0.055058 0.045812 -0.007532 -0.017006 -0.025829 -0.077261 -0.054652 0.088479 0.002239
 -0.074861 0.017402 -0.009942 -0.042292 0.068493 -0.008996 -0.012169 -0.092959 0.030367 0.048387 0.089055 -0.060070 -0.057129 -0.087300 -0.027220 0.049525
 -0.048189 -0.036355 -0.089516 0.000674 -0.078804 -0.070069 0.026313 0.082369 -0.026637 0.083813 0.066886 0.005802 0.082342 -0.072702 0.025259 0.066915
 0.000355 0.018881 -0.095832 0.024228 -0.044469 0.051070 0.026691 -0.016200 0.095457 -0.051535 -0.039049 -0.004738 0.051774 0.060887 -0.050832 -0.079520
 -0.002686 -0.095903 -0.095854 -0.017623 0.061263 -0.098499 0.011360 0.074311 0.080972 -0.022882 -0.020796 -0.048343 -0.062358 -0.008121 -0.000384 -0.085265
 -0.055844 0.066235 0.011986 0.024203 0.066084 -0.049718 0.078488 0.040048 -0.094144 0.092472 0.056484 -0.010343 -0.078090 0.070988 -0.010180 -0.095448
 -0.052292 0.030028 0.025741 0.020644 0.048300 0.001244 0.094417 -0.019373 -0.039858 0.032123 0.032094 0.080822 0.082378 0.073331 0.094454 -0.082637
 -0.055933 0.034207 -0.061142 0.080507 -0.091028 0.065026 -0.029767 -0.082326 -0.077529 0.018670 -0.016971 -0.060723 -0.063136 -0.028299 0.005441 -0.000319
 0.095410 0.061478 0.088024 0.056002 0.007693 -0.062812 -0.072775 0.095139 0.071615 -0.020110 0.045734 0.028300 -0.059354 0.007009 -0.062511 0.049016
 -0.097320 -0.038185 -0.073376 -0.023307 0.094584 0.010735 -0.007578 -0.043741 -0.070312 0.021361 -0.000991 -0.034607 0.087221 -0.011143 -0.017931 -0.055425
 0.075580 -0.026183 -0.082077 0.002768 0.045963 0.060053 -0.003062 0.067173 0.012553 -0.028982 0.093614 -0.069208 -0.052715 -0.069146 -0.099295 -0.070215
 0.096075 0.015259 0.008333 -0.088206 -0.023873 0.012079 -0.080837 0.077861 -0.097598 -0.088803 0.091627 0.062127 -0.054511 0.059575 -0.005200 0.027352
 -0.047274 -0.010790 0.008199 -0.021789 -0.081636 0.078022 0.054644 0.086232 -0.087996 -0.083128 0.067287 0.063100 0.071368 0.093122 0.061245 -0.020665
 0.026601 0.023287 0.049491 -0.054324 0.013030 -0.081316 -0.032677 0.035430 0.054184 -0.073906 0.018705 -0.096117 0.079876 0.068847 -0.013962 0.083316
 0.067604 0.044069 -0.037383 0.040676 0.005895 -0.036277 -0.056675 0.024239 0.008298 0.057132 0.001511 0.030102 0.093693 -0.089009 0.098396 -0.046211
 -0.001942 0.022916 0.047407 -0.052917 -0.069565 -0.078433 -0.029189 0.088254 -0.093331 -0.073739 -0.028829 -0.033594 -0.019837 0.080449 -0.057576 -0.065551
 0.008102 -0.043652 0.085274 0.007455 0.023540 -0.049426 -0.035867 0.077675 0.085957 0.027765 0.087913 0.018579 -0.047842 0.071059 -0.011316 -0.008309
 -0.004992 -0.068527 0.028411 -0.026352 -0.044669 -0.099932 -0.083580 -0.048433 0.025980 -0.052206 0.090030 0.089349 0.044958 0.088991 -0.090841 0.074703
 0.015831 0.009474 -0.003861 0.010923 -0.035977 -0.058270 -0.061504 -0.008057 -0.095910 0.069935 0.059075 0.063946 -0.011983 -0.025612 0.073229 0.077777
 0.085141 0.024059 -0.019278 0.036779 -0.001518 -0.063808 0.067536 -0.075277 0.049360 0.086330 0.083574 0.049185 -0.016386 0.073821 0.085233 0.064806
 -0.081959 0.070251 0.024083 0.018333 0.039338 -0.060934 -0.067406 -0.061679 0.061465 -0.042705 0.083901 -0.083287 0.036087 0.083024 -0.047410 0.001637
 0.048675 0.089084 0.051118 0.055411 0.063461 -0.070518 0.085404 0.064710 0.063389 0.026883 -0.004345 -0.030695 -0.074506 -0.051526 -0.013690 0.006811
 -0.041259 -0.023378 0.015779 -0.022560 0.001033 0.012816 -0.016310 0.022234 -0.052227 -0.047279 0.028437 0.002050 0.049030 0.046710 0.078868 0.066156
 0.045541 -0.051349 -0.010549 -0.068190 0.019399 -0.018224 -0.078439 0.068588 -0.054101 0.043738 0.086302 -0.078405 -0.061695 -0.031572 0.055759 -0.036570
 0.093621 -0.067003 -0.079025 -0.085653 -0.074762 0.065112 -0.031486 0.037481 -0.006847 -0.082508 -0.040513 0.060018 0.034950 0.026069 -0.024538 -0.048819
 0.024098 0.012096 -0.021725 0.083425 -0.037872 -0.060916 -0.073101 0.054848 -0.038541 0.003907 -0.049255 0.007241 -0.072877 -0.091702 -0.017276 -0.064826
 -0.061040 0.007812 -0.088296 0.039838 -0.078510 0.005784 -0.010075 -0.072366 -0.059021 0.000970 0.020641 0.060660 0.031787 -0.060239 0.060934 0.005429
 -0.062079 -0.028000 0.081759 -0.007313 0.090071 0.067992 0.027012 0.038386 0.043633 -0.078136 0.095053 -0.093874 -0.037612 -0.056434 0.009349 -0.030876
 0.072100 -0.092857 -0.059410 0.014089 -0.037054 -0.011496 0.054982 0.060766 -0.097823 0.010276 -0.092097 0.064598 0.073688 -0.002166 0.018415 0.040890
 0.000321 -0.046534 -0.004910 -0.011768 -0.077932 -0.071807 0.051295 0.095367 0.022397 0.098658 0.004907 -0.035453 -0.053182 -0.040582 -0.073255 0.040710
 -0.081219 0.018748 -0.058499 -0.092311 0.057901 -0.079237 -0.076888 -0.098456 -0.070227 -0.092778 -0.056039 0.011072 0.048313 0.041332 -0.094717 0.088892
 0.010111 -0.075773 -0.057664 -0.096801 -0.058707 0.065417 0.085673 -0.084073 0.006906 -0.057811 -0.046208 -0.039699 0.044498 -0.083088 0.000130 -0.098650
 -0.008109 -0.051692 -0.007894 -0.031862 -0.074555 -0.093357 -0.090667 0.082508 0.047948 0.068261 -0.084270 0.073049 0.064179 0.047755 -0.033235 -0.087785
 0.013983 0.013558 -0.031526 0.088927 -0.020325 0.041824 -0.037148 0.086094 0.004962 0.049986 0.031915 0.086366 0.029706 -0.031663 0.061276 0.017542
 -0.081757 0.063319 -0.017048 0.035062 -0.041113 0.075265 -0.040644 0.003445 -0.084203 0.072179 -0.085976 0.097767 -0.089643 0.002454 0.005809 0.061593
 0.003140 -0.065115 0.073629 0.068276 -0.014274 -0.046914 -0.085245 0.055696 0.051179 0.060772 0.070201 -0.045656 0.057445 -0.021223 -0.093319 -0.045283
 0.056707 0.041541 0.032343 0.080700 0.077240 -0.015204 0.057442 0.051696 -0.081081 0.021582 -0.038933 -0.031375 -0.054668 0.046664 0.052302 -0.004186
 -0.088674 -0.053484 0.007301 -0.024438 -0.009616 -0.030790 0.014969 0.034263 0.095126 0.063169 0.044381 0.019895 -0.091451 0.003834 0.048005 0.063734
 0.002371 -0.066692 0.010514 0.072748 0.058917 -0.060883 -0.032442 -0.025581 0.061012 0.092559 -0.045737 0.088012 0.017794 -0.041651 0.027804 -0.038099
 -0.007708 0.029345 -0.003902 0.051135 -0.094285 -0.015385 0.072380 -0.082131 -0.082597 0.065325 -0.028861 -0.026456 0.042631 0.064691 -0.004271 -0.082146
 -0.046579 -0.003432 0.090926 -0.064869 0.004616 -0.066847 0.016251 0.020345 0.053631 0.018190 -0.048684 0.066071 0.081742 0.074185 -0.020688 -0.080102
 0.064152 -0.065649 -0.020530 -0.073826 0.013779 -0.094249 -0.073311 -0.040859 -0.075603 0.074092 0.057283 -0.087475 0.049825 0.016183 0.028543 0.062070
 0.004409 0.015516 -0.017021 -0.065624 0.057609 0.050104 -0.092609 0.017413 -0.010459 0.056833 -0.055103 -0.052665 0.020243 0.088938 0.078596 -0.074349
 -0.077084 0.013923 -0.026024 -0.024250 -0.073909 0.029462 -0.067077 0.044628 0.023053 -0.004721 0.009848 -0.041068 -0.015823 0.022093 0.028928 -0.032849
 0.081870 -0.050427 -0.069330 -0.055263 -0.015030 -0.042510 -0.046055 -0.070720 -0.024451 -0.042866 0.025227 0.060244 -0.060964 0.017418 0.053273 -0.086543
 -0.034281 0.077817 0.021077 -0.039155 -0.010382 0.008887 0.036593 0.002631 0.051461 -0.098776 -0.055837 0.004634 -0.021935 -0.064464 0.008981 0.028976
 -0.023454 -0.091622 0.005548 0.067002 -0.054591 -0.038211 0.026603 0.089743 0.038878 -0.063169 -0.037391 0.081122 0.065327 -0.086653 -0.002454 0.028137
 0.020996 -0.007235 -0.070120 0.098370 -0.004553 -0.000937 0.009103 0.099981 0.092038 -0.093384 0.051922 0.055571 -0.047771 0.058905 -0.088609 -0.052138
 -0.089980 0.099349 -0.094021 -0.033999 0.020786 -0.039982 -0.065887 -0.075931 -0.049662 -0.007035 -0.061970 -0.063230 -0.028847 -0.037969 0.061902 -0.046814
 -0.018753 -0.039452 0.027582 0.071460 -0.064567 -0.058503 -0.078730 0.001545 -0.066425 -0.061148 0.003670 0.067842 -0.087360 -0.052842 0.070815 0.064285
 0.080148 0.015732 0.077560 -0.025845 -0.066014 0.069506 -0.022742 -0.019277 -0.077312 0.087161 -0.087599 0.032165 -0.026614 0.061946 -0.080166 0.047085
 0.090952 0.014671 -0.099804 -0.059761 -0.086487 0.073115 -0.037319 0.019382 0.046251 0.080192 0.034647 -0.059491 0.086711 0.096842 -0.001994 -0.034377
 0.049238 -0.098545 0.031219 0.018482 -0.012909 0.030347 -0.069333 -0.064429 -0.064178 0.016497 0.044484 -0.019633 -0.056474 0.046941 0.009109 -0.027169
 0.016862 -0.057414 0.052481 0.088907 0.075472 -0.072978 0.041935 -0.043216 -0.039466 0.039243 0.066454 0.068417 -0.079951 -0.059428 0.050439 0.053761
 -0.008687 0.087084 -0.007815 0.026235 -0.064817 -0.083003 0.030322 -0.042229 0.005470 0.097409 -0.081181 -0.046019 -0.093774 0.031054 0.074313 0.068145
 -0.068833 -0.081026 0.069255 0.019054 -0.018093 0.086428 0.081678 -0.018185 -0.034000 0.072729 -0.059541 0.054274 -0.056604 -0.006574 0.027850 -0.046070
 -0.006982 0.099528 0.020694 -0.089818 0.035668 0.069694 0.007591 0.013885 -0.095349 -0.034415 -0.042522 -0.031352 -0.013172 0.002162 0.085885 -0.039755
 0.057787 -0.066568 0.074531 -0.033088 -0.096683 0.002824 -0.013074 0.032268 -0.098224 0.039578 -0.046538 -0.064793 -0.093251 -0.047246 -0.077365 -0.023842
 0.008723 -0.030432 0.044118 0.043000 -0.000956 -0.093784 -0.033253 0.073799 0.055211 0.048029 -0.089947 0.061491 0.076787 0.092512 -0.065892 -0.074883
 -0.051149 -0.079838 -0.077554 -0.003115 0.033030 -0.022402 0.010012 -0.081589 0.081156 -0.035721 -0.084989 -0.023439 -0.081853 -0.052742 0.049776 -0.009541
 -0.051575 0.073223 -0.010424 0.069100 0.065721 0.063890 0.038995 -0.047872 0.099680 0.045620 0.065060 0.000421 -0.093308 -0.080109 0.028160 0.010754
 0.031982 -0.004064 0.086910 0.016713 0.033565 0.059656 0.088744 0.005727 0.099385 0.029323 -0.034246 -0.013771 0.012105 -0.015136 0.071858 -0.018359
 -0.057884 0.015513 -0.085635 0.054236 0.093061 0.015360 -0.045089 -0.099473 0.042814 0.059223 -0.047004 0.020062 0.033360 0.016212 -0.085227 -0.079045
 0.076964 0.048645 0.058956 -0.072942 0.069499 -0.067848 -0.088595 0.008340 -0.061602 0.056078 0.034477 0.005144 0.040941 0.066487 0.052387 -0.086600
 0.024514 -0.058672 0.091537 0.085016 0.057318 -0.073243 0.043527 -0.061218 -0.046090 -0.021493 -0.044519 0.014414 -0.051288 -0.093656 -0.006274 0.040347
 -0.092187 0.031771 0.041773 -0.034994 0.061646 -0.078442 0.033491 0.013943 0.079594 0.043088 0.079880 -0.084717 0.010398 0.070025 -0.036684 -0.038722
 -0.031036 0.001242 0.057121 -0.059991 -0.008828 0.064803 -0.009577 -0.022584 -0.004517 -0.091605 0.072491 0.055681 0.011822 -0.016475 0.003059 0.028267
 0.095684 -0.044199 0.036304 -0.041405 -0.078912 -0.066449 0.092520 -0.001306 0.069951 -0.066527 -0.087019 -0.003960 0.012454 -0.009493 0.066332 0.079756
 -0.001629 0.038740 -0.044902 0.000466 -0.003231 0.000895 0.096814 0.016439 -0.092776 0.047458 0.076124 0.081493 0.085475 0.023371 -0.083832 0.053505
 0.096808 0.008889 0.057417 0.013503 0.046687 -0.054491 0.007460 0.043962 0.073014 0.040739 -0.087066 0.045943 0.019381 -0.076114 -0.047817 -0.086339
 0.053524 -0.011726 0.010657 -0.068074 0.034279 -0.016607 0.002947 -0.097793 -0.094989 -0.022957 -0.029070 -0.093213 -0.067286 0.087615 0.071446 0.061092
 0.050841 0.007242 0.029674 0.092350 0.060273 -0.057614 -0.031080 -0.071960 -0.057642 0.046114 -0.017970 0.079143 0.025208 0.075891 -0.016656 0.079737
 -0.094708 0.063656 -0.083047 -0.053644 0.075024 -0.085309 -0.082255 0.026830 0.082371 -0.008298 -0.048243 -0.027611 0.045794 -0.024955 0.075192 0.006376
 0.087325 0.078347 0.055031 0.075243 0.027426 0.038576 -0.094348 0.030128 -0.016585 0.051246 -0.088185 -0.096260 0.098922 -0.006211 0.089177 0.071667
 0.072661 -0.098596 -0.000172 -0.008094 0.041009 -0.090660 -0.094161 0.090732 0.020428 0.013320 -0.018202 0.094613 0.050792 0.097278 0.003596 -0.010125
 -0.026288 0.019016 0.064257 -0.073014 0.028447 0.037813 -0.018914 0.044389 0.051249 -0.080017 -0.023511 0.086189 -0.074295 0.018939 0.095918 -0.061643
 0.021760 -0.028189 0.098789 0.077661 0.031164 0.065565 -0.022274 -0.024896 0.039634 -0.012449 -0.081186 -0.082802 -0.046035 0.078069 -0.016012 -0.027078
 0.097998 -0.070747 0.088990 0.078749 0.092715 -0.052558 -0.087525 -0.018362 0.096475 -0.049749 0.082263 -0.012286 0.011292 -0.022891 0.018462 -0.064488
 -0.030626 0.067975 -0.046997 -0.089147 -0.042681 0.032776 0.065695 0.085425 0.061726 0.030824 -0.075563 0.016173 0.081218 -0.039890 0.034461 -0.018093
 0.010888 0.055517 -0.058038 -0.030037 0.052649 -0.045179 0.077754 -0.032936 0.009473 0.077102 -0.038350 0.055738 0.082456 -0.036704 -0.083426 -0.062971
 0.019620 -0.080350 0.024957 0.096341 0.098131 0.074029 -0.040858 -0.026204 -0.004521 -0.063289 0.061165 0.009226 -0.028392 0.081464 -0.087265 0.074843
 -0.026705 -0.043671 0.084351 0.092380 0.017205 -0.038105 0.051835 -0.037439 0.086048 -0.072541 0.025980 -0.074006 -0.051496 0.017728 0.077547 -0.013185
 -0.080397 0.002304 0.086654 -0.065110 0.070783 -0.061432 0.069049 0.072989 -0.022126 0.035417 0.074593 0.043653 -0.054701 0.089532 -0.057949 0.074711
 -0.011723 -0.068711 0.090280 0.028883 0.027624 -0.061463 0.028593 0.098958 -0.065417 0.033828 -0.022950 0.073545 0.056862 0.045273 -0.086907 0.013944
 -0.085744 0.090498 -0.029045 -0.080962 0.023270 -0.040991 -0.098114 -0.077892 0.011801 0.094741 0.042950 0.015732 0.000335 -0.053258 0.034392 0.052584
 0.023875 0.057205 0.035764 -0.063839 -0.042403 -0.050650 0.008817 0.046841 0.100000 -0.036131 0.079707 -0.021750 -0.016303 0.015627 -0.022683 0.063579
 0.076516 -0.097003 -0.001223 -0.024626 -0.081118 0.036782 -0.011692 0.032554 -0.008801 0.048876 -0.097997 0.017176 -0.030753 0.056141 -0.045944 -0.084477
 -0.072046 0.092178 -0.012119 -0.075651 -0.085536 -0.092570 0.077084 0.050572 -0.064066 -0.029686 0.062640 0.000903 0.046876 -0.016655 -0.099270 0.028428
 0.070027 -0.029146 0.045381 0.018885 0.035505 -0.010911 -0.007481 -0.014404 0.036408 -0.030036 0.021102 -0.076417 0.052043 -0.086723 -0.081324 0.076594
 -0.079281 -0.077835 -0.089139 -0.081847 0.016450 -0.017462 -0.041063 -0.065366 0.047768 0.056783 0.089359 0.011268 -0.054457 0.052354 -0.050431 0.067861
 0.045614 -0.094895 -0.071334 0.029562 -0.040897 0.053582 -0.065310 0.021157 -0.019598 -0.039620 0.044565 0.001482 -0.017214 -0.088402 -0.099388 -0.075935
 -0.027718 0.078124 -0.017179 -0.052670 -0.048103 0.034205 -0.080040 -0.019190 0.056293 -0.042740 0.011489 -0.012214 -0.015846 -0.095133 0.003034 -0.010364
 0.046268 0.085835 -0.007526 0.056111 -0.008419 0.076873 0.099228 -0.055476 -0.037681 -0.046903 -0.078958 0.041193 0.032237 0.015958 -0.069496 -0.015915
 -0.061135 0.050694 0.030581 0.064855 0.064352 0.090858 0.096904 -0.035532 0.047354 -0.064498 -0.020670 0.071999 0.036103 0.007677 0.012350 0.032563
 0.020034 0.013085 -0.042830 0.031414 0.000063 -0.045519 0.049515 0.082024 0.062165 -0.070434 -0.000616 -0.073536 0.006594 0.071661 -0.087112 -0.036718
 0.072981 -0.026196 -0.003090 -0.045130 0.080392 0.049958 -0.076452 -0.033397 -0.011059 0.066001 0.010777 0.008631 0.029087 -0.005892 0.052431 -0.081332
 0.071532 -0.033332 0.047275 0.086495 0.047803 -0.072564 -0.040347 -0.063318 0.075240 -0.049705 0.056499 0.070095 0.000266 0.026969 -0.011632 0.002656
 -0.077071 -0.051815 0.005989 -0.037688 -0.052305 -0.042137 -0.016414 -0.032352 0.093556 -0.025880 0.060099 -0.024517 0.062650 -0.009783 0.067838 -0.023731
 0.029167 0.037758 -0.021412 -0.009781 -0.048125 0.086965 -0.041294 -0.034150 -0.095819 -0.066638 -0.092035 -0.036462 -0.029455 -0.045906 0.095870 0.059219
 -0.024899 -0.078645 -0.074352 0.036730 -0.024396 0.007230 0.052927 -0.011483 0.055250 -0.037042 0.021999 -0.005152 -0.017735 -0.086683 0.031988 -0.077068
 0.064081 -0.091750 -0.013286 -0.060162 -0.072501 0.086782 0.060859 0.024610 -0.053695 0.011979 -0.010500 -0.073423 -0.058869 0.059849 -0.027841 0.038172
 0.042520 -0.071392 0.099716 -0.035850 0.041454 0.043145 -0.027716 -0.080066 0.052244 0.042679 0.027123 0.053309 0.096434 -0.001289 -0.008488 -0.017312
 0.003830 0.091123 0.001420 -0.029791 0.011851 0.008639 -0.095452 -0.035846 0.070308 -0.038643 0.064290 -0.059682 -0.054116 -0.076252 -0.090216 0.001256
 0.023934 -0.034394 -0.024557 -0.037669 -0.004715 -0.057744 -0.065350 0.044276 0.030073 -0.042808 0.090359 0.042223 0.015908 -0.009479 0.094818 0.051059
 0.082360 0.082326 0.004832 0.013619 -0.003013 -0.062948 -0.091992 0.038408 0.018105 -0.010219 -0.068205 0.012610 0.048564 0.065240 -0.098829 0.047669
 0.031917 -0.031634 -0.097449 -0.089274 0.081456 0.063200 -0.016375 0.018899 -0.063499 -0.048384 -0.016273 0.027802 -0.019238 -0.008685 -0.076134 0.007967
 0.059771 -0.070314 -0.064409 0.027643 -0.091285 -0.045970 -0.075471 0.018901 0.045854 0.073242 -0.066396 0.094690 -0.044841 0.030921 -0.066323 -0.050101
 0.015347 0.053610 -0.095826 0.055114 -0.024792 -0.058536 0.071290 -0.042063 0.083883 -0.067024 -0.057773 -0.002073 -0.045035 0.077280 0.064452 0.095810
 0.022212 -0.052104 0.014575 0.083755 -0.004649 -0.041948 0.068284 -0.048031 -0.031550 0.013198 0.004911 0.093453 -0.048985 0.077108 -0.093005 -0.082784
 0.048468 0.022141 0.061763 -0.094638 0.070618 0.096797 0.093179 -0.060700 -0.025134 0.016950 -0.024428 0.008806 -0.050268 -0.076639 0.038391 -0.033700
 -0.050048 0.040670 -0.073875 -0.038665 -0.003704 -0.088096 0.079355 0.063333 0.006752 -0.080212 0.046697 -0.079599 -0.081187 -0.035042 0.000471 -0.079568
 0.003598 -0.067124 0.013734 0.000489 -0.055145 -0.003321 0.019274 -0.075377 0.081409 -0.091151 -0.079113 -0.071799 0.042740 -0.049223 -0.062450 -0.022039
 0.073312 -0.066574 0.074269 -0.068871 0.084143 -0.006568 -0.006731 0.073504 -0.010458 -0.080149 0.099678 -0.007252 0.063262 -0.061671 0.043538 -0.000161
 0.030142 -0.097721 -0.006827 0.004515 0.046300 0.068059 -0.023885 -0.098310 -0.068084 -0.001891 -0.021568 0.075905 0.019828 -0.012067 0.099466 -0.033247
 -0.093982 -0.047017 0.055932 -0.053910 0.086361 -0.053191 -0.005334 0.016619 0.082171 -0.007302 0.027612 0.041398 0.086231 0.063150 0.072821 0.005199
 0.012323 -0.008567 0.052098 -0.007559 0.002167 0.085994 -0.044776 -0.065806 0.059217 -0.078733 -0.044386 0.040418 -0.019371 0.094817 -0.044753 0.039766
 -0.090953 -0.047552 0.000476 0.059212 0.034118 0.097490 -0.058379 -0.041243 -0.055917 0.039557 -0.098429 0.018006 -0.033131 -0.093505 0.099957 -0.034483
 0.041500 -0.060052 -0.009929 0.023245 -0.003579 -0.016807 -0.034328 0.032865 0.067241 -0.070168 -0.096312 -0.019879 -0.075869 -0.006276 -0.006120 0.048485
 0.094474 0.084184 -0.025744 -0.066934 0.001085 -0.060898 0.037546 0.063008 -0.031344 0.045674 -0.084010 0.058915 -0.014403 -0.061636 0.051566 0.003587
 -0.024722 0.004335 -0.078354 -0.069311 0.075273 0.055035 0.023456 0.002991 -0.036519 0.000082 0.009887 0.087383 0.053415 0.087145 -0.031771 0.035153
 0.032849 -0.044975 -0.061721 0.011383 -0.035675 -0.052319 0.037935 -0.036040 0.029273 0.087566 -0.072232 0.093902 0.026788 0.068665 0.005025 0.054525
 0.082524 0.097139 -0.055344 -0.057958 -0.033715 0.059048 0.051052 0.019113 -0.020448 0.062159 -0.008483 0.088711 -0.082274 -0.033951 -0.037031 0.007080
 0.017880 0.015955 -0.032823 -0.026332 0.042024 -0.014284 0.050942 0.079983 0.009360 -0.049899 0.032329 -0.037987 0.029535 0.072380 -0.085356 -0.042822
 0.045112 -0.008305 -0.048781 -0.035366 -0.097471 -0.099046 0.094173 -0.027536 0.016688 -0.013053 0.004950 -0.012741 0.068801 -0.094185 -0.068444 -0.022063
 0.042316 -0.034184 -0.025283 -0.002836 -0.093616 -0.059789 0.064616 0.033805 0.024425 -0.062860 0.007266 0.020085 0.056389 -0.043437 -0.018068 -0.026988
 -0.014786 0.051537 0.015973 -0.008338 0.055424 -0.077234 0.097676 0.012474 -0.059495 0.095147 0.020645 -0.020310 0.097835 0.043011 -0.022848 -0.006913
 -0.016615 0.000893 0.039846 -0.012778 -0.072288 0.088077 -0.066251 0.050019 -0.094825 0.024900 -0.098152 0.058843 -0.025299 -0.035890 0.096220 -0.067656
 -0.082595 0.068042 0.090329 -0.059854 -0.004357 0.012413 0.099191 -0.015423 -0.040235 0.041559 0.030213 -0.084779 0.032461 0.040335 -0.033804 -0.059198
 0.027206 -0.006237 -0.075887 0.096164 -0.095202 -0.080458 -0.019771 -0.040166 -0.036956 0.025890 -0.032353 -0.027639 -0.088987 0.040841 -0.045132 -0.016975
 -0.095449 0.045790 -0.035935 -0.083631 0.043441 -0.063253 -0.041863 0.081349 0.063530 0.058342 0.001054 -0.054398 0.054068 0.099310 -0.004152 0.063368
 -0.023291 0.020638 -0.062923 -0.011179 0.061660 0.020233 -0.062412 -0.073704 -0.041904 -0.080069 0.010530 -0.077370 -0.093638 0.093999 0.023413 0.089204
 0.087056 -0.094254 -0.050921 -0.071477 -0.070164 0.017505 -0.008915 -0.003564 -0.046092 0.035240 0.046993 0.046570 0.030652 -0.000605 -0.021115 0.029798
 0.051691 0.046452 -0.078529 0.050896 -0.028757 -0.027037 -0.079637 0.075831 -0.068714 -0.038079 -0.024938 0.060144 0.024235 0.087480 0.023857 0.082291
 -0.020473 -0.092071 0.053946 0.006533 0.096255 0.015538 -0.043691 0.091702 -0.057344 -0.056755 -0.038242 0.057157 -0.011269 0.032043 0.052994 0.022566
 0.005595 0.041700 -0.066912 0.003726 0.082604 0.039555 0.039963 0.062469 0.097352 0.074171 0.092583 -0.027207 0.080342 0.003974 0.080215 0.092780
 0.093951 -0.024435 -0.094841 -0.064669 -0.023759 0.002188 -0.059197 0.019541 0.067016 0.084409 0.008101 -0.008020 -0.047419 0.020125 -0.013419 0.034482
 -0.052074 -0.007512 -0.021966 0.039925 0.099356 0.071054 0.035257 -0.015190 -0.046515 -0.078344 0.091725 0.057902 -0.004509 0.047069 -0.094650 -0.083205
 0.038923 0.054152 -0.027716 0.008373 0.057355 -0.014386 0.061397 -0.063405 -0.084211 0.097422 0.003648 -0.016037 -0.065255 0.094010 0.002595 -0.045100
 -0.067042 -0.004907 0.005629 0.001259 -0.077195 0.066485 0.099753 -0.076404 0.060674 0.082343 -0.044212 0.030258 0.069768 0.017022 0.028587 -0.010305
 -0.097953 0.000391 -0.045323 0.016810 -0.045473 -0.037336 0.061066 0.029299 0.095437 -0.026055 0.084944 -0.087143 0.099553 0.072769 0.073964 0.042515
 0.060388 -0.088634 -0.097387 0.005047 -0.048271 0.064282 -0.038762 -0.056177 -0.033876 -0.038403 -0.026747 -0.038633 -0.011354 -0.003022 -0.026111 -0.079098
 0.023043 0.014263 0.031727 -0.093366 0.004335 0.060400 0.079345 -0.038006 0.035517 0.032976 -0.077547 0.050466 -0.030387 0.046735 0.083036 -0.062739
 0.031411 0.093324 -0.057192 0.041374 -0.000915 -0.014789 -0.005094 0.048359 0.072743 0.038441 0.099013 -0.026574 0.036574 0.096725 -0.057090 0.074752
 0.037072 0.082173 0.081971 0.013263 -0.058451 -0.066335 -0.022969 0.096768 0.087384 -0.055687 -0.011063 -0.064389 -0.001762 -0.004360 -0.021323 -0.069540
 0.097751 0.001418 -0.088086 0.033527 0.080315 0.021441 -0.072878 0.016073 0.001210 0.077116 -0.061671 0.013853 -0.009835 0.010014 -0.088665 -0.080631
 -0.065160 0.090554 -0.093195 0.066281 -0.002409 0.019405 0.062056 -0.074127 -0.066457 0.057139 0.076506 0.003153 0.099871 0.000678 -0.085366 -0.018674
 0.041113 0.011637 0.021876 0.046398 -0.094530 0.050597 -0.007298 0.049536 -0.047827 0.059280 -0.070646 0.018644 -0.054552 -0.033634 -0.052174 0.032276
 -0.049691 -0.029122 0.007711 -0.012893 0.061882 -0.047903 -0.060539 0.043855 -0.062832 0.038819 -0.003906 0.078446 0.030968 0.034175 -0.050115 -0.066469
 0.028243 0.024893 -0.052456 -0.048396 0.016672 0.094427 0.086277 -0.019357 -0.082122 -0.082874 0.006230 0.088299 -0.014592 0.043888 0.000331 -0.061277
 0.023305 -0.038096 0.085012 -0.084331 0.068697 -0.082770 -0.065336 -0.071453 -0.035797 0.098736 0.004475 0.028052 -0.098935 -0.060208 -0.010996 0.022558
 0.094890 0.040550 0.070407 -0.037544 0.098947 0.056029 0.024483 0.045049 0.010955 0.091870 0.021496 0.019934 0.049875 0.001151 -0.028314 0.086528
 0.001203 0.076175 -0.071202 -0.058383 0.093229 0.022954 -0.060904 0.092515 0.054477 -0.079539 0.090646 -0.008550 0.066210 0.072383 0.064360 -0.004363
 -0.004916 0.048639 -0.097746 -0.030054 -0.023152 -0.065207 0.039541 -0.027875 0.043501 0.092949 -0.035403 0.069603 -0.043372 0.056252 0.050023 0.068868
 0.080683 -0.032574 -0.027194 0.034888 0.026988 0.095600 -0.007050 -0.093363 0.078497 0.075787 -0.069556 -0.022246 -0.045608 0.093327 -0.029748 -0.095281
 0.018906 0.071229 -0.089521 -0.005417 0.064516 -0.067499 -0.092909 -0.023012 -0.053367 0.089166 0.046728 -0.086976 0.004022 0.041171 0.072555 0.050291
 0.086004 -0.002319 -0.049188 -0.067225 -0.065568 -0.002739 -0.046989 0.084782 -0.078318 -0.059051 -0.003010 0.047986 -0.091779 0.086983 -0.082713 0.002896
 0.032987 0.088296 0.048911 -0.082998 0.002445 0.065569 -0.044408 0.039575 0.016916 -0.056698 0.010890 0.010927 0.027778 0.039776 -0.083035 -0.056191
 0.066734 0.098553 -0.083512 -0.000889 0.033717 0.055887 -0.053244 -0.054219 0.081965 -0.073901 0.077120 -0.072109 0.030903 -0.032286 0.060456 -0.040155
 0.018187 -0.061206 -0.005724 -0.040326 0.091963 -0.039484 0.029189 0.032422 -0.036219 -0.096374 0.097995 0.069282 -0.059886 -0.068157 -0.038197 0.045867
 0.059179 0.056003 0.093733 -0.027200 -0.055692 -0.042817 -0.000384 0.056235 0.059737 -0.083417 -0.051757 0.056606 0.064324 0.040722 -0.079500 0.080230
 0.050434 -0.024307 0.023150 0.091771 0.095624 0.058374 0.024705 -0.088496 0.086469 -0.065068 0.099171 -0.037229 0.020691 -0.009832 -0.074770 0.064168
 -0.040906 0.099815 -0.036612 -0.078711 0.004450 0.026710 0.006807 -0.048819 -0.088903 -0.079829 0.002476 0.026971 -0.085127 0.023967 0.073276 -0.028863
 0.037643 -0.037497 0.011326 0.010944 0.062296 0.095377 -0.083786 -0.055795 0.029591 0.080503 -0.016967 -0.055722 0.032427 -0.031965 -0.086378 0.085471
 -0.093279 -0.004026 0.031163 0.096395 -0.000684 -0.082646 -0.076768 -0.027507 0.038418 0.016201 0.023204 0.024849 -0.076947 -0.061810 0.057294 0.091171
 -0.051244 0.019961 -0.069297 -0.063389 0.016653 -0.034769 -0.096158 -0.099728 0.078205 0.040722 -0.079281 -0.079143 0.017910 0.022427 -0.090244 0.055520
 -0.008331 0.058866 -0.013290 0.095351 -0.041919 -0.000809 0.092993 -0.035421 -0.003519 -0.070454 -0.091803 -0.018684 0.043436 -0.039685 -0.064792 -0.016601
 -0.066049 0.042604 -0.096323 -0.009436 0.066453 0.052147 -0.015488 0.010310 0.094982 -0.038031 -0.035428 -0.066117 0.020733 0.037588 -0.085527 -0.080479
 -0.058802 0.022457 -0.079782 -0.005696 0.003819 -0.039485 -0.076026 0.099839 -0.004360 0.013555 -0.048006 -0.075950 0.041675 -0.026290 -0.031037 0.032191
 0.067930 0.093430 0.093980 0.063114 0.008113 0.048265 0.057986 -0.082575 0.014039 -0.017597 0.073715 0.075378 -0.054997 -0.027857 0.042125 -0.032028
 0.037014 0.037370 0.036108 0.039290 0.086892 0.058755 -0.015058 -0.024044 0.008511 -0.012927 -0.043135 -0.077955 0.049467 0.059074 -0.016931 0.063285
 -0.040806 -0.066822 0.085348 -0.087219 -0.010343 0.044274 0.036681 -0.080775 0.058254 0.035056 -0.059423 -0.039389 -0.044693 0.012760 0.032559 0.051665
 0.074342 -0.023993 -0.023573 0.094584 0.041884 0.008718 -0.098855 -0.083669 -0.076591 0.031790 -0.046854 0.035008 0.021602 -0.056401 -0.068471 0.069045
 -0.042011 -0.088147 -0.084841 0.085857 -0.087517 0.068585 -0.092405 0.093018 0.017009 0.058116 -0.071326 0.082823 0.041738 0.087472 0.023541 -0.011042
 -0.006546 0.052642 0.062889 -0.038830 0.043967 0.095709 0.029481 -0.083989 0.051205 0.085290 -0.043327 -0.015620 -0.033334 -0.023490 0.060281 -0.063855
 0.057789 0.079904 0.043518 0.069252 0.089014 0.045204 0.081031 0.031186 -0.027988 -0.039753 -0.076738 0.045994 -0.059005 0.012075 0.036735 0.028972
 0.092535 0.037899 -0.022895 -0.024992 0.054647 -0.000676 -0.025039 0.014223 0.017008 -0.080802 0.071166 0.093553 0.023431 0.076341 -0.009741 0.096674
 0.026643 0.052333 -0.068812 0.089018 -0.086431 0.091727 0.091348 0.026864 0.099902 -0.048310 -0.076890 0.073509 -0.068390 0.076867 -0.017140 -0.045713
 0.016795 -0.035261 -0.033378 -0.060331 -0.054622 -0.065828 -0.042411 0.061921 -0.006983 0.039020 -0.083048 -0.049015 0.087845 0.024349 -0.077606 0.088895
 -0.082445 -0.089832 -0.069114 0.084451 -0.002755 0.015652 -0.055396 -0.066401 0.082140 0.099413 0.051295 0.024670 0.078149 0.039575 -0.088384 -0.000111
 -0.094932 -0.009876 -0.034185 0.011616 -0.087361 -0.078453 0.040865 -0.017340 -0.030599 0.084542 -0.012462 0.072521 0.078426 -0.048456 0.037776 -0.068818
 0.080852 0.059925 -0.031432 0.014513 0.088436 -0.078033 -0.046115 0.004638 -0.080402 0.036989 0.044535 0.025784 -0.008762 0.044992 0.045686 -0.024055
 -0.078775 0.041953 0.013355 0.082367 -0.024891 -0.064681 -0.005008 0.083316 0.048718 -0.096757 -0.007210 -0.048543 -0.078482 -0.023693 0.080116 0.094902
 0.060826 0.039216 0.074061 0.009753 0.071728 0.097062 0.030365 0.023216 0.074821 -0.070290 -0.083343 -0.095775 0.079863 -0.036669 0.062721 0.094253
 -0.070274 -0.056137 -0.096010 -0.000096 0.037389 0.036517 -0.062333 -0.091493 0.086950 0.065311 0.079565 -0.056739 0.035761 0.039433 -0.012829 0.063777
 -0.072705 0.046486 -0.062697 0.020238 0.088810 0.071233 0.049670 0.003670 -0.033657 -0.040495 0.077537 0.022880 0.024513 0.047124 0.036792 -0.016524
 0.030668 0.064382 0.074342 -0.062801 -0.040884 0.036424 -0.073187 0.035250 -0.070791 0.021760 -0.076003 0.092955 0.049270 -0.093053 -0.024213 -0.088175
 0.075148 -0.005777 -0.066616 -0.091513 0.021215 0.018754 0.070668 -0.041944 0.062073 0.032259 -0.071547 0.040743 0.010951 0.051763 -0.033389 -0.010405
 -0.017193 -0.006323 0.055640 0.014170 -0.040362 0.025444 -0.031493 0.050677 0.075062 -0.047076 0.044330 -0.037709 -0.023391 -0.047865 -0.021547 0.052236
 0.009544 0.046180 0.020184 -0.064419 0.031588 -0.037054 0.020634 0.026248 0.064961 -0.013602 0.077517 -0.031056 0.013135 0.077774 -0.056222 0.036029
 -0.099011 0.061369 -0.061116 0.058789 -0.047433 -0.021137 0.037112 0.041026 -0.023971 0.024397 -0.068182 0.081328 -0.099633 -0.052226 -0.027212 -0.020592
 0.047339 0.025085 0.049611 -0.099051 0.019135 -0.062908 0.016050 0.075336 -0.067240 -0.034187 0.002389 0.002370 -0.061575 -0.051291 0.076941 0.076931
 -0.077623 -0.093940 -0.069875 -0.011199 0.032739 -0.001764 0.067360 -0.019150 0.069353 0.089892 0.084772 -0.068531 0.041521 0.088294 -0.048596 0.059650
 -0.075323 -0.045619 -0.077571 0.036732 -0.016048 -0.095881 0.096601 -0.081531 -0.004831 -0.079488 -0.068721 0.022803 -0.010354 -0.049168 -0.000588 0.000980
 0.064837 0.074921 0.038157 0.028979 -0.077719 0.089023 0.009356 0.008915 0.049827 0.048742 -0.006416 -0.025576 0.041404 -0.001313 0.098210 -0.039948
 0.013584 -0.020201 -0.075028 -0.056503 0.076899 0.072622 0.079091 -0.014306 0.032363 0.023304 -0.091977 0.073849 -0.053733 -0.079356 0.027623 0.062518
 0.023037 -0.046691 -0.041050 0.074655 0.017845 -0.086161 -0.051159 -0.046965 0.039247 -0.098251 -0.081339 0.021445 0.041140 0.029717 0.050828 0.079486
 0.064096 -0.033192 -0.053278 0.016561 0.016663 -0.050577 0.065381 0.095525 -0.046740 0.033323 -0.065703 0.059145 0.055818 -0.061359 0.063031 -0.088329
 0.012629 0.092876 -0.063159 -0.078392 -0.048224 -0.022069 0.031823 0.027341 0.026572 0.047410 0.018829 0.000237 -0.003165 -0.000695 0.011013 0.063608
 0.087637 0.061078 -0.017274 0.021822 0.099042 0.044259 -0.088468 -0.028338 -0.078540 0.053686 0.013625 -0.020762 0.091105 0.040828 0.074455 -0.065084
 -0.016594 0.057819 -0.048472 -0.012549 0.043919 -0.082805 0.010836 0.090417 0.018229 -0.092487 -0.094704 0.030835 -0.040077 -0.091854 0.019930 0.082107
 0.040037 -0.076806 0.000252 -0.011138 -0.045024 -0.032620 0.093046 0.071846 -0.073796 -0.084277 -0.000435 -0.026820 -0.087176 -0.094885 -0.000932 -0.072911
 -0.046562 -0.091227 -0.080836 0.031131 -0.066874 0.035690 -0.042185 -0.065946 0.058694 0.025122 -0.057925 0.048556 0.003732 0.089863 0.076336 -0.006073
 0.066685 -0.086180 0.003251 -0.032841 0.029693 -0.051194 0.059579 -0.007729 -0.039870 -0.053607 -0.062712 0.053386 0.079110 0.013843 -0.046880 -0.015214
 0.057695 0.017664 0.043016 -0.059063 -0.045475 0.057379 0.064335 -0.029669 -0.008535 0.032112 0.009353 -0.097145 -0.001142 0.070907 -0.091935 -0.095428
 -0.040888 -0.064908 -0.053509 0.019432 0.050197 -0.057179 0.025756 -0.055368 -0.025837 -0.053110 -0.029804 -0.010019 0.092177 0.051065 0.053113 0.029291
 -0.049843 0.000129 -0.035544 -0.059279 0.068957 -0.025968 -0.063531 0.011501 0.076053 0.099950 -0.021589 -0.060130 -0.009306 -0.080090 0.080740 -0.058501
 0.036437 0.041647 0.053175 0.078669 -0.049413 0.015258 0.065149 -0.095914 -0.089593 0.042478 0.030529 0.018294 -0.063846 0.069364 0.043603 -0.074141
 0.098306 0.074737 -0.062765 -0.013459 -0.034740 0.074768 -0.024697 -0.031876 0.025878 0.087037 0.044142 0.066715 -0.091102 0.013541 -0.028491 -0.063372
 -0.097252 -0.054817 0.007741 0.077523 0.075436 0.012310 0.084093 -0.088411 0.066601 -0.046576 0.066099 0.044448 -0.024135 -0.017790 0.067945 0.010561
 0.081137 0.061103 -0.031783 -0.051460 -0.075153 -0.039601 0.029813 -0.091743 -0.049299 -0.004819 0.042598 0.011991 0.054022 -0.067021 -0.043004 -0.069447
 0.026234 -0.074005 -0.090828 0.024870 -0.012371 0.037802 -0.071114 -0.016761 0.094080 -0.028952 0.054923 -0.014369 0.055294 0.077916 -0.072748 0.025181
 -0.052940 0.021391 0.025719 0.055948 -0.006245 0.014374 -0.077155 -0.079385 -0.008623 0.037775 -0.052548 0.015739 -0.034722 -0.039833 -0.070832 -0.018244
 0.054652 0.066487 -0.053797 -0.037900 -0.091983 0.082161 0.069728 -0.023665 -0.002647 0.063372 0.066900 0.033591 -0.017463 -0.053849 -0.067194 -0.037364
 -0.003185 0.039748 0.070023 0.089082 0.005271 -0.026997 0.063222 0.082792 -0.061458 0.023465 0.063331 -0.056473 -0.040719 -0.053455 0.032415 -0.027242
 0.043002 0.083357 0.027875 -0.029598 0.033355 -0.028577 -0.003832 -0.046892 -0.072994 0.092246 0.019600 -0.004507 0.083560 0.025526 -0.051001 0.045590
 -0.049622 -0.083329 -0.019054 0.095232 0.060187 0.098248 0.065046 -0.046793 -0.053660 -0.012280 -0.004828 -0.072350 -0.085461 -0.040695 -0.097952 -0.010986
 -0.072195 0.097994 0.044733 -0.004374 -0.050488 0.035505 -0.083739 -0.055106 0.063515 0.020555 -0.089934 -0.026795 0.063836 -0.011384 -0.047032 0.046309
 0.073749 0.025506 -0.065988 0.019777 0.080212 0.088686 -0.089138 -0.037762 0.062132 0.027091 0.053504 -0.072913 0.038574 -0.017723 0.042711 -0.044159
 -0.045527 -0.083294 0.017954 0.075940 0.095359 -0.025565 -0.078742 0.072431 0.035340 -0.062929 0.033311 0.079457 -0.002559 -0.013668 0.023550 -0.041143
 -0.040887 0.060346 0.025167 0.096067 -0.027862 0.000299 -0.068626 -0.052522 0.035569 0.078350 0.024440 -0.047974 -0.053063 -0.018360 -0.053137 0.092390
 -0.093500 0.054270 -0.070402 -0.086767 -0.040454 -0.019213 0.090689 0.018179 0.011507 -0.024204 -0.055905 0.003850 -0.049587 -0.037016 -0.005061 0.021599
 0.055618 0.048335 -0.037069 -0.030449 0.032166 0.033808 0.063802 -0.007387 0.036982 -0.069294 -0.039379 -0.090141 -0.084275 0.076045 -0.023800 0.079373
 -0.053646 0.014716 -0.002181 0.077750 -0.041509 0.041148 -0.083047 0.019337 0.091394 0.085895 -0.079938 -0.030970 -0.090276 0.050966 0.098369 0.008450
 0.050155 0.051156 0.070972 -0.014852 0.044636 -0.049393 0.015952 0.077275 0.010327 0.047502 -0.094209 -0.097259 0.001757 -0.033691 0.043275 -0.093770
 0.005807 0.070298 -0.087638 0.067792 -0.095766 -0.040616 -0.018583 -0.075809 -0.002778 0.003402 0.056030 0.021148 -0.048991 0.063112 0.055773 0.030227
 -0.074086 -0.047321 -0.069371 -0.082918 0.010233 0.025639 -0.082501 0.069732 0.093679 0.020396 0.058395 0.099952 -0.081096 -0.014789 -0.006009 0.050568
 -0.041922 0.085781 -0.022523 -0.006643 0.018359 -0.045304 -0.034152 -0.049587 0.008518 0.098526 -0.049099 -0.076343 0.048533 0.030876 -0.069710 0.002970
 0.020413 0.043663 -0.051728 -0.017334 0.067389 0.089551 -0.084791 0.052849 -0.062661 0.033640 -0.040658 -0.093842 0.044740 -0.038351 0.037739 0.085181
 0.082502 0.019011 0.054219 0.072224 -0.064839 -0.028332 0.031001 -0.035054 -0.075649 -0.097379 -0.025512 0.091533 0.037689 0.019935 0.033999 -0.072676
 0.011573 -0.054698 -0.099374 -0.092372 0.080721 -0.062404 0.038390 0.067750 -0.088548 0.025718 0.067596 0.091221 -0.090246 -0.041357 0.064312 -0.009988
 -0.017225 0.050222 -0.000289 -0.031622 -0.040114 -0.035303 -0.095588 -0.010133 0.077535 -0.063001 0.063504 -0.003601 -0.009147 0.011411 -0.025054 -0.022100
 0.003323 0.087685 0.010623 -0.041007 0.073595 -0.019416 -0.030197 -0.074918 -0.054179 -0.003775 0.023466 -0.091575 -0.098892 0.019973 0.046163 -0.080455
 -0.011918 0.079880 -0.097050 -0.057568 0.007921 -0.055464 -0.009922 0.034745 -0.086392 0.041524 -0.081649 -0.042488 0.024179 -0.016001 0.043222 -0.037701
 -0.028999 -0.061454 0.067051 0.038599 -0.042500 -0.068827 0.060700 0.032077 -0.030998 0.049172 0.095360 -0.066135 0.065921 -0.091283 -0.059008 0.070473
 -0.030026 0.051984 0.097951 0.069473 -0.025391 0.007595 0.089774 0.024959 -0.064422 -0.061004 -0.074166 0.054291 -0.067793 0.046725 -0.086521 0.006001
 0.058893 -0.009584 -0.042094 0.020623 0.089341 0.097328 -0.001203 0.084367 -0.040533 0.016557 -0.033479 0.016002 -0.068815 0.024427 0.023037 -0.056617
 0.069477 0.006579 0.087237 -0.045920 -0.015229 0.089398 -0.078828 -0.036344 -0.026229 0.053076 0.003831 0.071429 -0.002146 0.079989 -0.057751 -0.047881
 0.030212 0.049310 -0.047689 -0.016607 0.055026 0.025492 0.008669 -0.041308 0.051919 -0.072645 -0.006421 -0.018331 -0.077905 0.055643 0.025134 0.061626
 0.010026 -0.088683 0.030637 0.063022 0.085621 -0.066105 0.048594 0.043872 -0.013993 0.078394 -0.027113 -0.064010 -0.036710 -0.023605 0.082967 -0.087864
 0.080416 0.082413 -0.006017 -0.000360 -0.014333 -0.089973 -0.092576 0.004285 0.052050 -0.044253 0.087127 -0.036931 0.006663 -0.091490 0.061465 -0.012688
 -0.016186 0.089485 -0.070646 0.031737 -0.042865 0.006334 -0.079987 -0.040776 -0.059797 -0.017385 0.079475 0.081216 -0.060465 0.086296 0.068267 -0.037788
 0.063438 0.054609 0.038057 0.048381 0.034383 0.002706 0.070020 0.007026 -0.066683 0.024183 -0.068142 0.007600 -0.026250 0.062679 -0.082245 -0.038602
 0.079841 0.006402 0.072745 -0.058219 0.000817 0.003412 0.097356 -0.023950 -0.078393 0.067054 0.007714 0.004881 -0.085493 0.043364 -0.036017 -0.060225
 -0.048140 -0.075669 0.020719 -0.015729 -0.095332 -0.069329 0.052609 0.051099 -0.059401 0.032215 0.024411 -0.013716 0.021279 0.067291 -0.013453 -0.095425
 -0.016058 0.010993 -0.082435 0.071922 0.042897 -0.011535 -0.057869 0.078653 -0.018725 -0.075175 0.000981 -0.088294 -0.096118 0.002863 -0.064056 -0.089446
 -0.032028 -0.034324 -0.045545 -0.008835 0.037325 -0.057614 -0.068446 -0.008593 -0.010685 -0.022707 0.039456 -0.060588 0.034588 -0.004912 0.009040 0.041458
 -0.018273 -0.077255 -0.091939 0.081048 -0.051936 0.026454 -0.070325 -0.089280 -0.056943 0.076758 0.083574 0.057524 -0.012177 0.019973 -0.011166 -0.062677
 -0.059335 0.010428 -0.033471 -0.020335 0.078939 0.089662 -0.086348 0.070458 -0.070548 -0.003510 0.067055 0.013985 0.000128 0.071563 -0.070584 0.098303
 -0.056095 -0.000059 -0.010985 -0.048255 0.096469 -0.034635 0.030383 -0.053464 -0.030860 -0.017238 0.052187 0.056087 0.046799 -0.074687 -0.034483 0.021409
 -0.084973 0.016145 -0.083564 0.065554 0.072657 -0.025500 -0.016669 -0.057105 0.081040 -0.048478 -0.075728 0.005785 0.038902 -0.009565 -0.090413 0.092497
 0.050895 0.041570 0.011415 -0.023004 -0.097611 0.043097 0.074770 0.034986 -0.071742 -0.022788 0.013859 0.005216 -0.005202 0.051452 0.016225 0.055529
 -0.012777 0.084417 -0.083932 0.081802 -0.061675 0.057016 -0.091946 -0.036050 0.018367 -0.054640 -0.093345 0.006405 -0.064024 -0.010551 0.078213 0.001239
 -0.070693 0.013762 -0.026442 -0.003627 -0.025861 0.046008 0.045402 0.066153 -0.022836 0.069174 -0.072203 -0.007924 -0.080638 0.059531 0.009443 -0.072699
 -0.013151 0.051312 0.035668 -0.023076 -0.042060 0.021186 0.057195 -0.061158 -0.013664 -0.046945 -0.005018 0.097720 -0.012717 -0.058186 -0.044067 -0.053139
 -0.038143 0.053456 0.027088 -0.011270 0.069992 -0.002457 0.071700 0.013402 -0.078957 0.033431 0.083031 -0.050458 0.001150 0.026840 -0.026508 0.004825
 0.059473 -0.049395 0.091511 -0.043020 -0.097331 -0.043508 -0.088221 -0.046466 0.077055 -0.023839 0.023267 -0.032786 0.065566 -0.010077 0.096378 0.082799
 0.088758 0.090454 0.080978 -0.024932 0.009866 -0.046615 -0.097815 -0.006241 0.064766 0.023960 0.006799 0.045623 -0.032579 -0.032217 0.091713 -0.081843
 -0.083117 -0.069914 0.025787 -0.061361 -0.008168 0.002065 -0.043467 0.083217 -0.044971 -0.044587 -0.020984 -0.070865 -0.014413 -0.039117 0.010381 -0.086049
 -0.067575 -0.045217 -0.010882 -0.067593 -0.046786 -0.075956 0.016126 -0.014766 -0.075896 0.043821 -0.099714 0.050228 0.086499 -0.017341 0.028366 0.009520
 -0.092830 -0.030942 0.010272 0.064328 -0.066445 0.092065 -0.058385 -0.063682 0.013620 -0.005597 0.015879 0.023835 0.065483 -0.035845 -0.068349 -0.059762
 -0.036779 0.032778 0.023863 -0.021272 -0.026908 0.051755 0.007801 0.064151 -0.066272 0.008379 0.028145 -0.023759 -0.004091 0.008878 0.079815 0.091983
 0.054763 0.095534 0.076726 -0.013043 0.058992 -0.065057 0.087207 0.060484 -0.097259 0.091323 0.023529 0.062837 0.051293 -0.088145 -0.042101 0.019739
 0.084016 0.048852 -0.068991 0.055525 0.012649 -0.050610 -0.013419 0.027270 -0.094807 -0.052032 0.037490 -0.039959 0.002177 0.097651 0.004572 -0.011810
 -0.061565 0.042007 -0.043202 0.082910 0.069491 -0.058463 0.051241 0.003710 -0.058131 -0.028352 0.020684 -0.047409 -0.042273 -0.017620 -0.034033 0.035387
 0.029172 0.097111 -0.098580 -0.075474 0.097016 -0.082744 0.077559 0.056338 0.088781 -0.030032 0.016223 -0.011949 0.098199 0.069039 -0.087116 -0.071441
 -0.090629 0.046818 0.078180 0.054487 0.088767 -0.077910 -0.001313 0.000873 -0.052710 -0.068205 -0.012829 -0.088751 0.012821 0.062261 -0.084814 -0.066192
 -0.028525 -0.090507 -0.071096 -0.061815 0.022547 0.000132 0.066052 0.033784 -0.085491 -0.083356 -0.065068 0.085056 0.061267 -0.068676 -0.069650 0.076434
 -0.031543 -0.036902 0.009968 -0.094793 0.008158 -0.040249 -0.048650 -0.041358 0.095402 0.001143 -0.070776 0.081691 0.026519 -0.077398 0.011789 -0.026182
 -0.062170 -0.052295 0.046561 -0.001881 0.063450 -0.062536 0.035205 -0.034496 0.031166 0.044002 -0.012249 0.053530 0.002994 0.047851 0.004859 -0.007711
 -0.072310 -0.096492 0.066906 0.062295 0.075701 0.069103 -0.024092 -0.001510 -0.056892 0.096435 -0.073454 0.018164 0.087557 0.014430 0.082714 -0.046436
 0.078296 -0.005736 -0.081426 0.079134 -0.018099 0.008138 -0.058527 -0.029437 -0.070173 -0.050904 -0.040468 0.017697 -0.007596 -0.023448 -0.066345 -0.036939
 -0.037057 -0.085235 0.016564 0.079225 -0.075431 -0.036876 -0.043784 -0.000558 0.055672 0.029691 -0.088411 0.039656 0.039684 -0.075391 -0.066901 0.056869
 0.031573 -0.016795 -0.048167 -0.028419 -0.029003 -0.051086 -0.080787 -0.068903 -0.000771 -0.074897 0.039829 -0.070851 0.057153 0.033601 -0.024439 -0.074944
 -0.077423 -0.009371 0.060267 -0.003369 0.038985 -0.030234 -0.034511 0.094627 -0.055446 0.004550 0.019613 0.066010 0.044895 -0.042518 -0.098401 -0.035595
 0.044081 -0.064693 0.024478 0.056777 -0.001224 0.026276 0.018763 0.085422 0.054617 -0.049174 0.081604 -0.086443 -0.094199 0.012880 -0.079547 -0.062145
 0.036401 0.060999 -0.078373 -0.007852 -0.045258 0.080957 -0.046704 0.049777 0.011487 -0.032569 -0.017435 0.058601 0.017537 -0.061272 -0.009899 -0.082072
 0.090121 -0.008472 0.054740 -0.078255 -0.019086 0.019754 -0.029025 -0.012203 0.009746 0.025459 -0.068444 -0.006681 -0.040963 -0.042353 -0.026736 0.065099
 -0.083891 -0.007575 0.038399 0.072128 -0.019980 -0.037378 0.030091 0.058695 0.021701 -0.040125 -0.041868 -0.067918 0.093921 0.041976 -0.098809 0.000594
 -0.058146 0.095453 -0.061907 -0.026352 0.045826 0.075337 -0.058557 -0.090297 0.088910 0.057008 0.042775 0.013159 -0.042228 0.041277 0.015583 0.095680
 -0.090169 0.042121 0.022597 0.005277 -0.047565 0.036802 0.083403 -0.070247 0.099490 -0.097163 -0.010517 -0.046227 0.051187 -0.047956 0.013672 -0.055953
 -0.054439 0.031686 0.099687 0.000371 -0.026441 -0.060216 0.051793 -0.006412 0.024249 0.087394 0.092393 0.080456 0.065061 0.023102 0.080012 -0.051705
 0.016166 0.091686 -0.014356 0.086548 0.031191 0.012895 0.034511 0.014383 0.039421 0.059968 -0.061245 0.096388 0.037701 0.061322 0.058809 0.022835
 0.097570 -0.090100 -0.029524 -0.043559 0.058933 -0.043622 -0.063676 0.086667 0.084563 0.052305 -0.034471 0.024966 0.031807 0.019854 0.006118 0.042145
 -0.065694 0.051425 -0.046568 0.009519 0.082903 -0.004803 0.053730 0.012542 -0.028637 -0.099058 -0.007841 0.038041 -0.010232 -0.029170 0.016400 0.077081
 0.008414 0.068223 0.053954 -0.001312 0.019716 -0.055239 -0.083182 -0.010559 0.098600 -0.021874 -0.060034 -0.014505 0.082227 -0.072316 -0.036846 0.043125
 0.056727 -0.050722 0.053060 0.036240 0.031515 0.027571 -0.090899 -0.055141 -0.095792 0.037731 0.078977 -0.021488 0.081083 -0.086360 -0.048447 0.015879
 0.018654 -0.011758 -0.074654 -0.090419 0.082671 -0.053449 -0.055708 0.075131 -0.069574 -0.048955 -0.009912 0.015054 -0.031972 0.093172 -0.062228 0.022987
 0.028076 0.086035 -0.021339 -0.062861 0.094803 -0.019153 -0.062989 -0.019031 0.067948 -0.082201 0.014617 0.079037 0.090670 -0.083631 0.019723 -0.051488
 -0.009837 0.035143 -0.079155 0.091324 -0.015666 -0.018690 -0.024741 0.014286 -0.001800 -0.087413 -0.063244 0.022535 0.018230 0.042502 -0.008451 -0.073814
 0.004017 0.051612 0.007493 -0.042419 0.063793 -0.074750 0.000636 0.038467 0.094812 -0.023435 0.092086 -0.027580 0.065258 0.086200 0.024268 -0.038351
 0.091509 0.081734 -0.078086 -0.082922 0.068397 0.033354 -0.093842 -0.074945 0.073374 0.017664 -0.010367 -0.039517 -0.051442 -0.071134 -0.009030 -0.009255
 -0.049163 -0.097830 0.009732 0.067950 -0.068901 0.066904 0.021909 -0.037505 0.053127 -0.061786 0.082128 0.045457 0.036958 0.031303 -0.082849 0.091544
 -0.068489 -0.044758 -0.099751 -0.023186 -0.037165 -0.058772 0.070588 -0.061787 -0.024378 -0.015500 0.032350 -0.010082 -0.046898 0.089420 -0.045086 -0.091778
 -0.006010 -0.052729 0.065235 -0.022516 -0.018376 0.060658 -0.023639 -0.076886 0.015788 0.028828 0.000469 -0.053753 0.049574 -0.073518 0.025822 -0.047583
 0.095251 -0.044008 0.065577 0.005298 0.016688 -0.018124 0.020247 0.069190 -0.064145 0.035409 0.026798 0.048016 0.086795 -0.031985 0.038804 0.014644
 0.009488 0.026519 0.070667 0.000657 0.052941 0.095082 0.080440 -0.031994 0.040440 -0.090597 0.047499 0.087764 -0.090870 0.024693 0.040212 -0.073549
 0.007482 0.054799 0.011638 -0.004426 -0.063731 -0.049116 0.052329 0.073649 0.033701 0.082910 -0.062046 0.070174 0.091083 -0.017623 0.020884 0.032723
 -0.050355 -0.062065 0.007674 -0.040790 -0.037947 0.001627 0.041070 0.007842 0.035802 0.008532 0.018446 0.076540 0.098143 -0.098377 -0.089183 -0.069883
 0.072715 -0.055816 0.060435 -0.027622 0.039503 -0.024077 -0.010476 0.021067 0.064052 -0.038495 0.094646 0.029436 0.097044 -0.087914 -0.047184 0.030092
 -0.046663 0.089738 -0.078830 -0.071913 -0.064153 0.000297 -0.090348 -0.080782 -0.022364 0.021468 0.064907 -0.059665 -0.075939 0.002403 0.021413 0.075947
 0.020182 -0.003340 -0.058876 -0.022457 0.081206 0.047638 -0.082945 0.038941 -0.042205 -0.041180 0.035324 0.039316 -0.041710 -0.095534 0.025211 0.091445
 0.095151 0.084349 0.000024 0.093175 0.037336 0.017887 0.064183 0.036639 0.047796 -0.080164 0.024816 0.078389 -0.031001 0.091153 0.043670 0.019022
 -0.031729 0.086672 -0.044768 -0.019778 -0.075556 -0.082120 -0.057227 0.075619 -0.021058 -0.047300 0.045983 0.029948 -0.054163 0.031320 0.098643 -0.008602
 -0.094010 -0.088074 -0.057820 -0.049588 -0.037692 0.021505 -0.082597 -0.009521 0.014150 -0.025134 -0.078239 0.043455 0.078706 -0.084208 -0.021529 0.080066
 -0.088491 -0.067062 0.058032 -0.001350 -0.080230 -0.089982 0.097840 0.096584 0.051432 0.086334 -0.002552 -0.043119 0.045249 -0.011429 -0.096430 0.074747
 -0.065381 0.016108 0.065435 0.092264 0.035179 -0.092714 -0.014982 0.010338 -0.078186 -0.086382 0.078969 0.058962 0.005004 0.057700 -0.013498 0.041330
 -0.058787 0.062309 -0.094095 -0.097335 -0.037923 -0.084969 0.051430 0.004436 0.048338 -0.004427 -0.033198 0.050164 -0.021014 -0.005814 0.000554 0.045437
 0.051678 -0.052913 -0.079930 0.059809 -0.001183 0.038954 -0.083948 0.032153 0.068791 -0.061731 -0.058972 -0.028358 -0.012048 -0.064694 -0.092017 0.036006
 0.072910 0.056828 -0.019109 0.094813 -0.072921 -0.051230 -0.034325 0.098761 -0.037193 -0.045066 0.059180 0.073834 -0.048119 -0.092200 -0.088863 -0.049082
 0.077115 -0.058455 0.061464 0.032630 -0.067721 -0.012486 0.068778 0.078394 -0.082415 -0.076194 0.091523 -0.026002 0.001120 -0.027674 0.092166 -0.081090
 0.092239 -0.009992 -0.011821 0.006310 -0.084460 -0.023931 -0.023196 -0.006487 -0.092716 -0.021701 0.017069 -0.088138 -0.076330 -0.068953 -0.069017 -0.000592
 -0.043810 -0.048774 -0.006114 0.099658 -0.074933 0.071613 0.021352 -0.069968 -0.057675 0.059050 0.058805 -0.082208 -0.006645 -0.044247 0.004248 -0.082509
 0.073123 -0.002426 -0.060529 0.098685 0.031880 0.004497 -0.058340 0.048849 0.043780 -0.079391 0.048264 0.069136 -0.097745 0.064505 0.032867 -0.087919
 0.098301 -0.059127 0.085981 -0.017670 0.055768 0.048673 -0.000966 0.068719 0.018108 0.032509 -0.096710 -0.026489 0.099750 0.031475 0.050496 -0.053014
 0.051733 0.056807 -0.073185 -0.096513 0.080600 -0.085921 -0.029579 0.005721 0.059854 -0.070504 -0.094695 0.001537 -0.063279 -0.087647 0.058526 0.049266
 0.061246 -0.090926 -0.044986 0.095701 0.016207 0.059630 0.029730 0.088022 0.013735 0.006267 -0.037158 0.022967 0.052990 -0.024280 -0.031399 -0.065811
 0.069354 0.002386 0.041300 -0.010934 -0.073695 -0.040964 0.013060 0.031285 0.090826 -0.094497 -0.036686 -0.019554 -0.067684 -0.002448 -0.062024 0.033426
 0.056013 0.066051 -0.041064 -0.016331 0.098064 0.055782 0.033675 0.001050 -0.069238 -0.080168 -0.054674 -0.009336 -0.034769 -0.078296 0.085496 -0.075417
 0.075447 0.025359 -0.070380 -0.010753 -0.085838 0.038872 -0.083819 -0.071705 -0.043547 0.097742 -0.079839 -0.037328 0.065874 -0.041930 -0.042488 0.024267
 0.009134 -0.089157 0.013038 0.042470 -0.093691 0.085915 0.041658 0.018107 -0.034130 0.051809 0.006379 -0.057900 -0.016310 0.085365 -0.006568 0.020522
 -0.010750 -0.060047 0.066096 -0.087100 0.046173 0.009550 -0.051554 0.084896 -0.041029 0.059929 0.072793 -0.029353 0.017868 -0.020699 0.057376 0.005200
 0.029867 0.067114 -0.052331 0.038696 -0.090274 -0.017147 -0.031406 0.003782 -0.010962 0.032984 0.084886 -0.047920 -0.086189 -0.050849 -0.072418 0.084790
 -0.013778 0.029032 0.067079 -0.050017 -0.081543 0.039743 -0.083509 0.072116 -0.090004 -0.025762 -0.002062 -0.097132 -0.057845 -0.067856 -0.042560 0.097563
 -0.067131 0.055249 -0.051425 0.053739 -0.022203 0.067223 0.000015 0.087572 0.056160 -0.055208 -0.092182 -0.006636 -0.056260 0.091547 0.038903 -0.028985
 -0.009665 0.082590 0.095464 -0.020960 0.060126 -0.030262 0.029991 0.031131 -0.092639 -0.006581 0.036888 0.004956 0.009193 0.067760 0.081688 0.030075
 0.005654 -0.086018 0.098477 0.010184 0.058678 -0.076279 -0.034439 0.007715 0.064294 0.094301 -0.077812 0.090874 -0.020262 0.030069 -0.075460 -0.007332
 -0.025650 0.090756 -0.091120 0.044926 0.035893 -0.025832 -0.050558 -0.074076 0.058105 0.084768 -0.030981 -0.046851 0.019187 0.085771 -0.027831 -0.060752
 0.025177 -0.022367 -0.018188 -0.039514 0.024629 0.095553 -0.057098 -0.014318 0.092442 0.074260 0.006642 0.091484 0.017139 0.065171 -0.035770 0.043536
 0.058151 -0.050770 -0.070037 -0.096412 0.008171 -0.004311 -0.096559 0.079459 0.073190 -0.089173 0.056697 -0.060503 -0.006605 -0.067711 0.072395 0.093538
 0.087916 -0.035274 0.046821 -0.097791 -0.052075 0.031439 0.064468 -0.007583 -0.027070 0.028767 0.084581 -0.026618 0.029517 -0.083416 0.081584 0.019937
 -0.087841 -0.090002 -0.032034 -0.052639 -0.082782 -0.059735 0.031435 -0.057112 0.048263 -0.058205 -0.095108 -0.041908 -0.001560 0.098559 -0.094538 0.069502
 -0.086078 -0.006424 0.066652 -0.032555 -0.062283 -0.023765 -0.094269 0.010812 -0.067782 -0.097110 0.085988 0.050295 0.070103 -0.014342 0.052731 -0.006406
 -0.018282 -0.037583 0.014764 0.083225 0.046670 0.006378 -0.061011 0.035708 0.029770 -0.033106 0.033341 -0.039642 0.053211 -0.001718 0.097061 0.076847
 -0.021083 0.025110 0.001980 0.066546 -0.089533 0.078181 0.085724 0.039938 -0.002342 0.099915 -0.058902 -0.026137 0.055185 0.019490 0.056492 0.045337
 0.074831 -0.098281 0.047158 -0.079041 -0.031292 0.047478 -0.032186 -0.019429 -0.037186 0.047175 -0.096710 -0.035685 -0.025791 -0.066679 -0.072403 0.039425
 0.090915 0.015181 0.035730 0.059524 0.057230 0.054969 0.072901 -0.026907 -0.098411 -0.040628 0.010429 -0.034500 0.022016 0.011117 -0.017488 0.072923
 0.050138 -0.058519 0.087330 0.068844 -0.019904 -0.085787 0.031679 -0.073471 0.092568 0.061935 0.088515 -0.006108 -0.040679 0.092313 -0.085648 0.022727
 0.090257 0.018664 -0.032606 -0.036260 0.041639 -0.011057 0.007249 0.019647 -0.074838 -0.030892 0.019515 0.087535 -0.032697 0.024772 -0.098265 -0.064676
 -0.015840 -0.070000 -0.007799 -0.047601 -0.077635 0.048334 -0.015259 0.076828 -0.013840 0.045987 -0.085952 0.095405 -0.088370 0.010146 0.012966 -0.083170
 -0.031700 -0.096207 0.044732 0.008310 -0.075971 -0.053920 0.064728 0.080936 0.043958 -0.082533 0.050572 0.057607 -0.051945 0.033679 0.050729 -0.042004
 -0.087986 0.092982 -0.087737 -0.031962 0.020797 0.010434 -0.060401 0.082194 -0.097382 0.026447 -0.065998 0.068544 0.070652 0.082023 -0.004082 0.086714
 -0.052923 0.085989 0.032751 -0.023388 -0.017446 0.076471 -0.060488 0.094634 -0.035361 -0.090039 -0.011021 0.005645 0.097795 -0.042543 -0.081111 0.089288
 -0.016866 -0.032592 0.024505 -0.095607 0.050646 -0.060478 0.067922 0.078608 0.035174 -0.089637 0.093155 0.029298 -0.069096 0.067829 -0.020094 0.033380
 0.031816 -0.008920 0.092801 -0.009844 0.085717 0.068731 -0.006602 -0.049174 0.085759 0.089391 0.048664 0.020587 -0.064852 -0.002130 0.092848 0.069483
 -0.044025 -0.025953 -0.028383 -0.070366 -0.041208 0.077538 -0.086032 0.020018 0.040394 0.058409 -0.065356 0.054235 -0.083957 0.071297 -0.018757 -0.087295
 -0.092633 0.002758 -0.098976 0.071315 0.007154 0.064391 -0.040282 0.019846 -0.016464 -0.091731 -0.057954 0.025022 0.073751 -0.094431 -0.048110 -0.029290
 -0.088440 0.080436 -0.050070 0.075679 -0.095638 0.000004 0.084102 -0.082438 -0.037050 -0.061986 0.078741 -0.088788 -0.051068 -0.058826 0.002121 -0.020948
 0.087631 -0.059294 -0.091058 0.042697 0.079411 0.089336 -0.018218 -0.027713 -0.092091 -0.049719 0.010421 -0.090083 0.021075 -0.071029 -0.053439 0.033276
 -0.084051 0.085186 0.093924 -0.099913 -0.008318 -0.060563 0.038481 -0.033033 -0.048013 -0.078934 0.065715 -0.023104 0.083933 0.053786 -0.023915 0.026030
 0.079613 -0.040611 0.046193 -0.059218 -0.097148 0.046191 0.023659 0.007338 -0.003608 0.078333 -0.079892 0.043975 0.065685 -0.012383 0.010684 0.011001
 -0.057362 0.037874 0.037569 -0.084228 -0.056182 0.091109 0.000153 0.090092 -0.037526 0.026986 0.074818 0.080815 0.008022 -0.092727 0.054888 0.024683
 0.078042 -0.082224 0.026451 0.040595 0.003227 0.000291 0.063910 -0.063323 -0.098086 0.040169 -0.050007 0.026629 0.057184 0.033979 -0.043986 -0.031584
 0.032362 -0.056759 -0.074982 0.023294 -0.061247 -0.035588 -0.029118 -0.008771 0.048487 -0.041089 -0.093023 0.001809 0.011254 -0.056056 -0.074849 -0.030976
 0.019171 -0.004882 -0.082824 0.080222 -0.067123 -0.010917 0.011213 -0.015131 -0.071106 -0.082269 -0.021721 0.093098 0.054302 0.032590 -0.094729 -0.012400
 0.021308 0.059730 -0.008917 -0.086226 0.065537 -0.075413 0.019938 0.023699 -0.086974 -0.099545 -0.081013 0.006190 -0.015362 -0.015237 0.084339 -0.080618
 0.091170 0.043094 0.045104 0.058876 0.053702 -0.020195 0.034350 0.061114 0.029554 0.057816 0.001191 0.012142 0.031879 -0.034423 0.068452 0.033387
 -0.027090 -0.053818 -0.097285 -0.034504 0.029050 0.078246 -0.052120 0.006868 -0.056425 -0.057015 -0.099009 -0.050375 0.046439 -0.023788 -0.094083 0.098600
 -0.075247 -0.069440 0.012175 0.025516 0.007627 0.067575 -0.083753 -0.080143 0.053561 -0.034082 -0.052830 0.047398 -0.043565 -0.080623 -0.020899 -0.084995
 -0.068567 -0.071197 0.037726 0.082289 -0.094040 0.089548 -0.081558 0.086336 -0.059262 -0.054741 -0.096842 0.094170 0.083979 -0.030699 -0.067263 -0.090960
 0.072458 -0.061108 0.076412 -0.094814 0.077653 -0.045881 -0.078406 -0.042336 -0.013480 0.003663 -0.042973 0.006286 -0.076325 -0.073101 -0.017387 0.034730
 -0.036561 0.052805 -0.041222 -0.001734 0.020062 0.018643 -0.047545 0.054925 -0.095053 -0.030332 -0.070673 -0.073418 0.034952 -0.066428 0.098629 0.071580
 0.037687 0.070228 -0.057730 0.032947 -0.036673 -0.070422 0.090195 -0.084332 0.007574 0.064980 0.054848 -0.077887 0.067392 0.089316 -0.065105 0.066066
 -0.033837 -0.035329 0.029741 0.048126 -0.028795 0.063573 -0.078666 0.099667 -0.055129 0.010778 0.063724 -0.076760 0.091557 0.073174 0.007499 0.071445
 -0.091471 -0.023834 0.077898 0.064955 0.028641 0.083762 -0.042080 0.038868 -0.033158 -0.035274 -0.005752 0.056491 -0.015706 -0.058786 -0.002553 -0.017460
 -0.056102 -0.043852 0.054939 0.016478 0.087666 -0.086725 -0.030190 -0.013858 0.076953 -0.039753 0.048742 -0.045566 0.076175 0.091195 -0.016740 0.012934
 -0.064012 -0.061398 0.011281 -0.037100 -0.098892 0.018855 -0.025154 -0.017637 -0.005120 0.027188 0.059479 0.090688 -0.032227 0.021246 -0.012758 0.000451
 0.052701 0.073135 0.062631 -0.024142 -0.057367 -0.030138 0.020414 0.025006 -0.055219 -0.069466 -0.076350 0.082004 0.040105 0.027883 0.025199 0.063516
 -0.057487 0.011068 0.088745 -0.021408 -0.093083 0.059446 0.068178 -0.090538 0.082690 0.021424 0.091902 -0.017094 -0.036025 -0.022856 0.080280 -0.066361
 -0.087422 -0.016389 0.020455 -0.087083 0.044799 -0.064376 -0.036102 0.025551 0.002555 -0.038490 -0.074630 0.002942 -0.048732 -0.058675 0.065379 0.032342
 0.057153 0.051462 -0.056912 -0.099270 0.092425 -0.050031 -0.024013 0.029896 -0.098569 0.084163 0.040242 -0.097137 -0.010837 -0.066379 -0.083130 0.030523
 0.018187 0.061948 0.014766 0.060132 0.015616 -0.010817 0.091862 0.031363 0.064579 0.058260 -0.025923 -0.023302 0.009077 0.046827 0.077963 0.058316
 -0.049236 -0.041133 0.046242 -0.085420 -0.031087 0.059895 0.062397 0.068710 -0.066210 -0.028119 -0.056444 -0.033211 0.030391 0.045361 0.019888 -0.092624
 0.068518 -0.025752 0.025457 0.001670 -0.040535 0.099084 0.016018 0.034680 -0.023914 -0.071103 0.041038 0.029964 -0.081144 0.012283 -0.080218 -0.020450
 0.059709 0.056572 -0.032074 0.052947 0.022961 -0.084902 -0.000513 -0.015083 -0.005407 0.079026 0.067771 0.008696 0.022374 0.013275 0.064453 -0.093379
 0.097163 0.031471 -0.096491 0.025109 -0.071178 -0.027296 0.046788 0.007120 -0.081696 0.015207 0.021455 0.098569 -0.019619 0.025177 0.091741 0.047317
 0.045857 -0.009414 -0.022014 -0.091469 -0.010039 -0.052223 -0.063352 -0.066301 -0.049437 0.014070 -0.008444 -0.047153 0.013283 0.019498 0.076273 0.093758
 0.026797 -0.069756 0.058339 0.092047 -0.006275 0.087745 -0.006026 -0.041361 -0.046374 0.001586 0.081816 0.093817 -0.002110 0.008493 0.035802 0.071129
 -0.067137 -0.092680 0.088840 0.076240 0.065109 0.081595 -0.091834 -0.076119 0.091588 -0.005232 -0.027461 -0.029587 0.029674 -0.062081 0.085457 0.013890
 -0.049825 -0.035284 -0.021183 -0.056236 -0.004989 0.067951 -0.069287 -0.044462 -0.008037 -0.090360 0.097838 -0.053967 -0.095991 0.084444 0.027115 -0.082867
 0.018324 -0.052433 0.031926 -0.097469 0.084448 -0.048837 -0.030429 0.080088 -0.086022 -0.041844 0.032655 -0.020037 0.076892 -0.003167 -0.092551 0.030978
 0.029928 0.033173 -0.059431 0.027879 -0.085099 -0.015780 -0.090073 -0.058762 -0.027554 -0.049963 -0.051249 0.086092 -0.058308 0.070536 -0.051851 0.098887
 -0.013224 -0.028432 -0.020232 0.098095 -0.083637 0.036937 -0.097132 0.066156 -0.025815 0.013279 0.042836 -0.036310 0.042615 -0.022924 0.061713 0.047029
 -0.027056 -0.030720 -0.034647 -0.063774 0.057913 0.041277 0.065008 -0.064844 -0.074142 0.097780 -0.064588 0.036334 0.043581 -0.068483 0.063259 0.050327
 -0.061492 -0.065211 0.005398 -0.087304 0.038121 -0.074152 0.035190 0.014281 0.010585 -0.088071 0.093747 -0.065638 0.066441 0.056163 -0.074430 0.062270
 0.033299 -0.021504 0.012162 -0.048770 -0.022623 -0.045709 0.037102 -0.079961 0.091809 0.027905 0.057658 0.028313 -0.071545 -0.070391 -0.035584 -0.028872
 0.062582 0.045508 -0.084175 0.045915 -0.025136 -0.016291 -0.044153 -0.082576 0.061383 -0.047150 -0.027072 0.082812 0.021555 0.001661 -0.090232 0.037258
 0.094282 0.099923 -0.017667 -0.030921 0.007673 0.038354 0.003600 0.045173 -0.007224 0.024022 -0.049344 0.082026 -0.029428 0.067548 0.080460 -0.044296
 -0.059975 -0.087393 -0.014116 -0.073335 0.070320 0.080313 -0.086688 -0.097874 0.032508 -0.001906 -0.072245 -0.062961 -0.049245 0.006693 0.055250 -0.081403
 0.023279 -0.038390 0.097283 -0.010992 -0.010763 0.023788 -0.066008 0.051547 -0.006054 0.066042 0.043265 0.097477 0.099533 -0.096649 -0.077999 -0.084812
 0.059503 -0.019067 -0.014910 -0.040641 -0.096584 -0.092621 0.023329 0.066802 -0.060083 0.016909 0.035422 0.073411 -0.004978 0.047300 -0.077510 -0.036682
 0.093047 0.009741 0.088803 -0.057656 -0.087270 0.075714 0.047120 0.009385 -0.032905 0.025513 0.079053 -0.071382 0.089166 0.013036 -0.031992 -0.011015
 0.063829 0.030106 0.011173 0.007462 0.058583 0.081790 -0.053348 -0.070716 -0.058369 0.013930 -0.031909 0.021898 0.080146 -0.019360 0.075373 -0.014307
 0.001104 -0.016798 -0.083214 -0.083510 -0.083333 -0.090062 0.024501 -0.092137 -0.038381 0.027211 -0.050783 -0.003188 0.072629 0.077935 0.011725 -0.021627
 -0.059083 0.079746 -0.079265 -0.064154 0.082584 -0.081817 -0.059239 -0.011217 -0.097885 0.025072 -0.064937 0.089233 -0.007076 -0.048106 0.088970 0.020349
 0.044438 0.054763 0.021913 0.062643 0.020540 0.050314 -0.061043 -0.023967 0.036897 0.060534 0.067344 -0.090978 -0.062187 -0.052045 0.002811 -0.045506
 0.077847 -0.040871 -0.033804 0.017504 0.063266 0.086260 0.022190 -0.098041 0.053930 0.002761 0.037788 0.007214 -0.084270 -0.005089 -0.065202 -0.078341
 0.074198 0.085240 0.000809 0.046710 -0.080957 -0.062902 0.033725 0.057802 -0.023266 -0.023284 -0.018576 -0.089029 -0.086778 0.014115 -0.080921 -0.004662
 0.085547 0.048267 0.098418 -0.060534 0.017589 0.002158 0.028128 -0.067931 -0.085513 0.009878 -0.079771 -0.017157 0.006350 0.052773 0.005714 0.093574
 0.025491 0.093690 -0.044419 0.095490 -0.046570 -0.090195 0.024558 0.094410 0.095994 0.074825 0.098289 0.054085 0.027218 0.048288 -0.071213 0.048128
 0.057707 0.020200 -0.040060 -0.095980 0.025698 0.042819 0.090069 -0.048243 -0.070383 0.062188 -0.049596 -0.024044 0.043338 -0.058858 -0.009753 -0.094782
 0.038855 0.013441 0.045727 0.035218 -0.063003 0.011348 -0.066707 -0.032571 0.010894 -0.096166 0.039112 0.070286 0.008272 -0.063756 0.023830 0.087948
 0.017024 0.093238 0.084669 -0.055689 -0.026259 0.049943 -0.026981 0.075473 -0.039162 -0.081346 -0.041599 -0.074535 0.012550 0.082919 -0.003832 -0.035643
 0.042888 0.014759 -0.014062 -0.016511 0.043781 0.030654 0.092623 0.033686 -0.089563 0.028989 -0.079157 -0.033217 0.069532 0.052603 0.060096 -0.047577
 0.012219 -0.076175 0.037119 0.054040 -0.036366 0.048273 0.075051 0.086476 0.076814 0.077664 -0.089411 0.001586 0.084818 0.035348 -0.079640 0.058258
 0.053739 0.003071 0.056621 0.075246 -0.006934 -0.049644 -0.015369 -0.067060 -0.077919 0.050500 0.024846 -0.029128 0.056262 0.061593 0.079746 -0.073470
 -0.088732 -0.041803 -0.066159 0.073198 0.046724 -0.073756 -0.098034 -0.047442 0.098584 -0.009523 0.055695 -0.051390 -0.012058 -0.058083 -0.026916 0.079487
 0.074284 0.008835 -0.077560 -0.066362 0.007479 -0.045703 0.025814 -0.000270 -0.074524 -0.047004 0.003766 -0.028101 -0.015876 -0.047485 -0.013850 0.039915
 -0.028963 0.021561 0.012330 -0.096762 0.043003 0.082214 0.014068 -0.014447 0.003301 0.004844 0.035525 0.099235 0.033167 -0.051062 0.023990 -0.046440
 -0.025507 -0.018196 0.060908 0.016191 0.069036 -0.093093 -0.051763 -0.011047 -0.034520 0.077919 0.026579 0.068483 0.095378 0.086623 0.033845 -0.040629
 0.019028 -0.077051 -0.004857 -0.053637 -0.018582 0.078936 0.057646 -0.097536 -0.004707 -0.086298 -0.046543 0.076610 0.014607 0.034786 -0.040033 0.085837
 -0.079481 -0.034661 -0.025838 0.012323 -0.047142 0.048180 0.047899 0.011349 0.090729 0.015811 0.022198 0.079293 0.024567 0.089026 -0.059269 -0.003973
 0.086098 -0.050521 0.006095 -0.001962 0.093200 0.098893 0.049479 0.078850 -0.041056 0.075204 0.004591 -0.098814 0.050618 0.017341 -0.061300 -0.017106
 -0.086145 -0.068914 0.043227 0.067534 0.072187 -0.041524 -0.025074 -0.008317 0.023853 0.035258 0.063655 0.042209 0.054190 -0.026626 0.071842 0.080369
 -0.041476 -0.037140 -0.023167 -0.001217 0.015914 -0.036019 -0.039381 -0.058067 -0.058296 -0.008157 0.002857 -0.053278 -0.031569 -0.011240 -0.007604 -0.030995
 0.020642 0.035996 -0.048424 -0.002814 0.061369 -0.036982 0.014444 -0.093378 0.056291 0.011623 -0.030505 -0.032687 -0.071978 0.017871 -0.014679 0.039960
 0.006835 0.044262 -0.056194 -0.048053 -0.077238 -0.002200 -0.053642 0.091870 0.053695 0.069038 0.036223 -0.035042 0.038916 0.022377 -0.053063 0.098246
 -0.045558 -0.021435 -0.031414 0.039448 0.091079 -0.043861 -0.096413 0.002558 -0.042209 -0.086090 0.006074 0.000107 0.046029 -0.033821 0.004850 0.023427
 0.052414 0.051778 -0.077550 0.071569 -0.091071 -0.044577 -0.016245 0.053668 -0.062615 -0.088419 -0.056644 -0.088194 0.040131 0.003216 -0.008642 -0.060993
 0.010066 0.068147 0.088611 0.074585 -0.016273 0.007220 0.040970 0.000860 -0.002654 -0.085397 0.030615 -0.065387 0.032872 -0.088463 -0.024835 0.035711
 0.085367 -0.037812 -0.028014 -0.012614 0.058113 -0.074703 -0.099524 -0.062461 -0.088617 -0.020393 0.034602 -0.082926 -0.023221 0.084237 0.073887 -0.043740
 0.046257 -0.013278 0.022819 0.039133 0.069758 0.036179 -0.066903 -0.071725 -0.093730 -0.027846 -0.014145 0.090384 0.069161 0.088797 -0.063826 0.041992
 0.023337 0.015901 0.001874 -0.026916 -0.004813 -0.046940 -0.063131 0.066923 -0.041725 0.025232 -0.000316 0.055222 -0.019296 -0.061992 -0.009855 -0.046087
 0.027511 -0.057403 0.092493 0.000938 0.043845 -0.086799 0.002724 -0.017131 -0.086076 -0.081540 -0.053124 -0.081757 0.023097 -0.054880 -0.080019 0.036935
 -0.093873 -0.025920 -0.047219 0.045104 -0.047434 -0.091602 0.087090 0.095523 -0.094716 -0.084808 -0.003115 0.088469 0.009322 -0.035108 -0.061619 -0.011125
 -0.062262 -0.070550 -0.093042 -0.082621 -0.030556 0.087564 -0.047949 0.068049 -0.012839 -0.000354 -0.017857 -0.027721 -0.086638 -0.080613 -0.067253 0.044954
 -0.084307 -0.048222 0.023898 0.056892 -0.053517 -0.098099 0.055246 0.091133 0.044307 0.007368 -0.080035 -0.072397 0.074152 -0.062328 -0.017222 -0.035545
 0.052038 0.095813 -0.085037 -0.062362 -0.087840 -0.089975 -0.060027 -0.063912 0.022302 0.099058 0.086261 0.076604 0.098805 -0.067381 0.027665 -0.087382
 -0.020211 -0.004567 0.095677 0.067163 -0.081180 0.044129 -0.009144 -0.043523 0.097527 -0.096466 -0.032486 0.027119 0.014953 -0.002103 0.060947 0.083643
 0.073728 -0.089548 0.023741 0.037421 0.022756 0.016017 0.045188 0.069290 -0.063519 0.059419 0.078061 0.034884 0.022479 0.023724 -0.018623 0.059699
 0.089592 -0.022570 -0.025514 0.086370 -0.034697 0.003186 -0.051933 0.037709 -0.031653 0.017274 0.022328 0.047731 -0.046202 -0.017772 -0.038598 0.058558
 0.035466 -0.073801 -0.081450 -0.006003 -0.046319 0.049687 0.011667 -0.069767 0.000015 0.013830 -0.097099 0.070392 0.066370 -0.046316 0.086415 -0.080304
 -0.038086 0.014020 -0.043433 0.024562 -0.099682 -0.031133 -0.056452 -0.058069 -0.011100 -0.012097 -0.082115 0.060143 0.077772 0.008210 0.007977 0.033150
 -0.023246 0.047460 -0.044079 0.046394 -0.056337 0.082498 0.025603 0.018805 0.064679 -0.072856 -0.094083 0.005390 0.022885 -0.028255 0.034340 0.057916
 0.047407 0.061784 -0.004748 -0.094145 0.023497 0.028105 -0.049668 0.004057 0.025929 -0.029122 0.088968 0.017432 -0.015151 0.001515 -0.045865 -0.001860
 -0.022720 0.091729 0.017108 -0.072839 0.052559 0.058676 -0.015417 -0.078695 0.041812 -0.025341 0.089519 0.045844 -0.009503 -0.031374 0.042187 -0.098164
 0.006434 0.004151 -0.089889 -0.044251 0.030827 0.099969 0.089612 0.028226 0.009140 0.057966 0.079588 -0.055925 -0.044731 0.088827 -0.015654 0.055077
 -0.030837 0.038320 -0.076164 0.028338 -0.090677 -0.018851 0.041290 0.048972 0.068906 0.065558 0.010755 0.008250 0.052507 0.084406 -0.059763 -0.032351
 0.080595 0.035591 0.035606 -0.078469 -0.061992 0.030813 0.016503 -0.045735 0.017140 -0.024116 -0.002169 0.068328 -0.096918 0.001141 -0.022088 -0.019271
 0.048740 -0.066262 0.091948 0.055775 -0.005053 0.020823 -0.020265 -0.043678 -0.057679 -0.070642 0.017864 0.098134 0.082584 0.054806 -0.034440 -0.022387
 -0.081319 -0.044554 -0.003384 -0.064212 -0.037748 0.021246 -0.033695 0.071647 0.013489 0.074915 -0.077840 -0.099201 -0.049485 -0.031001 0.058617 -0.089825
 0.076162 -0.007074 -0.001750 -0.011539 0.071843 -0.051536 -0.058246 -0.036740 -0.064742 0.041131 -0.077556 -0.011849 0.083780 0.067438 0.040689 -0.015169
 -0.033910 -0.075636 -0.025553 -0.019688 -0.089207 0.026443 0.005927 0.045638 -0.041462 -0.023235 -0.030560 -0.020898 0.087432 -0.017039 -0.037057 -0.098878
 0.051360 -0.029461 -0.066756 0.039628 0.010468 -0.013590 -0.006231 -0.049993 -0.007642 -0.024183 -0.055596 -0.099316 -0.026077 0.097529 -0.077633 -0.048135
 0.030907 0.052830 0.042621 0.008202 -0.077064 -0.004545 0.074131 -0.000296 0.076746 -0.037267 -0.097878 -0.050251 0.004813 -0.012493 0.045035 -0.075317
 -0.013362 0.093854 0.060735 -0.092297 0.040822 -0.027820 0.098254 0.011494 -0.060165 -0.003571 0.012152 0.066213 -0.009528 -0.090180 -0.045743 0.025522
 -0.050952 0.091723 0.086282 -0.083596 -0.013194 -0.026186 -0.042672 0.050431 0.084302 -0.073220 -0.057508 -0.080465 -0.084859 -0.023183 0.009936 0.049555
 0.019132 0.093165 -0.036022 0.013010 -0.006021 0.071409 0.065124 -0.088495 -0.052547 -0.028285 -0.014166 0.001177 -0.070759 -0.084107 0.011667 -0.063210
 -0.070342 -0.070882 0.099395 -0.058855 0.042043 -0.096147 0.076519 -0.073802 -0.084715 0.066516 0.057737 -0.011741 -0.067567 -0.078975 0.022142 -0.019655
 -0.031666 0.007087 -0.024241 0.027046 -0.002967 0.076278 -0.096480 -0.023078 0.018239 -0.096324 -0.074809 0.059695 -0.014074 0.013085 0.055078 -0.068968
 -0.055214 0.083886 0.012264 0.078273 -0.031528 0.054448 0.003348 0.028461 0.073780 0.038650 -0.081577 0.019100 0.018913 0.040632 0.090017 0.006970
 0.036479 0.065950 0.056275 0.028866 -0.088574 -0.089263 0.080097 -0.032308 0.065580 -0.039101 -0.024125 0.003895 -0.078859 0.043524 -0.019001 0.091102
 0.070631 0.083983 0.048733 0.019158 -0.086341 -0.011424 0.027970 0.074202 0.048718 0.034399 -0.060670 0.063803 -0.034907 -0.078899 -0.060026 -0.065752
 -0.064813 -0.069235 -0.000089 0.031586 0.099405 0.086280 -0.070739 -0.014837 0.032022 0.047529 0.031945 0.007000 -0.041715 -0.070613 -0.061221 -0.048944
 -0.057201 0.087431 0.052417 -0.011493 -0.086545 0.078443 0.081619 0.089621 -0.075630 -0.099996 0.008121 -0.047219 0.057708 0.081887 -0.040240 -0.041378
 -0.049845 -0.026223 0.013030 0.097282 -0.031361 0.065715 0.005748 0.077487 -0.088478 0.099283 -0.091729 -0.090089 -0.053309 0.088788 -0.023402 0.051143
 -0.082339 0.007906 -0.067255 -0.070248 0.053317 -0.042414 0.056553 0.047291 -0.001011 0.076374 0.071479 -0.054356 -0.059094 -0.098098 -0.084395 0.060302
 0.049161 -0.070084 0.053353 0.078896 0.052686 -0.098475 0.097060 -0.042877 0.076117 0.041666 -0.031849 -0.059511 0.029766 -0.061751 -0.089648 -0.042367
 0.090879 0.048604 0.040650 -0.031350 -0.005340 -0.087728 0.091048 -0.037890 0.062301 -0.062073 -0.054365 -0.042634 0.096032 -0.043763 -0.063641 0.093222
 -0.038534 -0.071744 0.080961 0.039961 0.028878 0.090893 -0.002626 0.084009 -0.052580 -0.096452 -0.030371 -0.029394 0.009057 0.084294 -0.021106 0.012855
 0.020724 0.083222 -0.069853 -0.037731 -0.035058 0.082663 0.083252 0.011786 -0.068282 -0.004198 -0.036190 -0.095428 0.017345 -0.068144 0.080810 -0.014442
 -0.028320 -0.000777 0.089551 -0.023735 -0.041859 0.008865 0.051396 -0.057996 -0.080004 -0.001792 -0.026374 -0.048552 -0.047079 0.054647 0.007375 0.064360
 0.010833 -0.074878 -0.014645 -0.071014 0.090588 -0.085703 0.038707 -0.057739 0.061967 0.039692 0.020506 -0.086372 -0.086934 0.098799 0.000850 0.066208
 -0.094862 0.089687 -0.003517 0.078884 -0.058984 0.092345 -0.010335 -0.073097 -0.008411 0.061684 0.082070 -0.000683 -0.036457 0.032136 -0.055850 -0.085262
 -0.091201 0.090927 -0.046138 0.015837 0.035634 -0.009110 0.059794 0.073020 0.054473 -0.015160 0.016961 -0.078089 -0.048007 0.014435 -0.020685 -0.075654
 -0.053134 0.051780 -0.048700 -0.063822 -0.069913 -0.048020 -0.086161 -0.000905 -0.053135 0.019854 0.070298 -0.046727 -0.097086 -0.069850 -0.075520 -0.075859
 0.060771 0.018961 -0.059509 0.020226 -0.084488 0.017231 0.098107 0.022604 0.037059 -0.050574 -0.025913 0.057420 -0.049476 0.036880 -0.027564 -0.064999
 -0.077517 -0.048267 0.056270 -0.045891 0.046796 0.007748 0.096325 0.033260 0.046417 0.078549 -0.092399 -0.088472 0.072215 -0.082105 -0.099919 -0.044344
 0.098817 0.045600 0.080947 0.095747 -0.052216 -0.033650 0.031505 0.031798 0.006326 0.000381 -0.036408 -0.096707 0.081213 0.029379 -0.034147 0.060897
 -0.023880 0.027802 0.064022 -0.046032 0.028589 0.011922 0.011715 0.054919 -0.098981 -0.096044 -0.071608 0.039773 -0.080057 0.003350 -0.077786 -0.048460
 0.092462 0.096733 -0.087339 0.065849 -0.025747 -0.026114 -0.016145 0.005919 0.097485 0.082652 -0.064453 0.017126 0.005694 0.026306 0.094060 -0.054636
 0.012680 -0.046420 0.031758 -0.082569 0.013903 -0.095473 -0.046989 0.058871 0.066503 0.065727 -0.096203 -0.019323 -0.087282 0.058436 0.049004 0.057745
 -0.050626 -0.005144 0.034050 0.085646 0.076931 -0.087393 0.068437 0.061909 -0.059285 0.097518 0.011696 -0.026104 -0.075267 0.060639 0.079870 0.055764
 -0.074288 -0.001716 0.026238 0.017735 0.022841 0.088959 0.000803 0.005693 -0.060626 -0.016475 0.023442 -0.028297 0.051273 0.011251 0.047580 -0.006224
 -0.097383 -0.025758 -0.092077 0.006505 0.091908 -0.058084 0.045267 -0.014335 -0.021089 -0.030720 0.096299 0.031759 0.077468 -0.021598 0.017149 -0.020879
 -0.010053 0.046707 -0.092415 -0.094378 -0.080410 0.074688 0.033113 0.067437 0.070175 0.089267 0.034093 0.000116 -0.089883 -0.019605 -0.035865 -0.054142
 -0.001058 -0.020613 -0.091188 0.043522 0.093470 0.083648 0.004039 -0.079367 0.093542 0.023853 0.037281 0.039752 -0.056766 -0.019791 0.024042 -0.029801
 0.049667 -0.019153 0.013498 0.023969 -0.053988 0.049276 -0.082040 0.011152 -0.020191 -0.038163 0.094013 0.051707 -0.089816 -0.090173 -0.024585 0.050120
 0.011457 -0.027656 -0.013079 0.070420 0.044083 -0.015484 -0.083675 -0.077142 -0.024851 -0.056244 -0.091869 0.042099 -0.090018 -0.067179 0.013484 -0.067175
 -0.098748 0.002193 0.024259 -0.044784 -0.082609 -0.097714 0.085665 0.089162 -0.034893 -0.022736 -0.093435 0.035442 0.019904 0.025963 -0.036734 0.088218
 0.014160 0.061075 0.024394 -0.022207 -0.039997 0.014823 0.086488 0.052155 0.021161 0.082927 -0.026133 -0.067751 0.017820 -0.094182 0.051846 0.012695
 -0.075819 0.060192 -0.089918 -0.068149 0.096315 0.011395 0.031145 0.078888 0.012241 0.022521 -0.003314 -0.025281 0.021841 -0.079411 0.075963 0.065849
 -0.000153 0.004939 -0.042966 0.011297 0.037729 0.092117 0.053101 -0.008895 -0.062250 -0.011005 0.036424 -0.067868 -0.016590 0.087978 0.009532 0.019901
 0.086963 0.002707 0.022499 -0.041376 0.037978 -0.070393 -0.043935 0.056675 0.004340 0.045101 -0.078621 0.011785 -0.015973 0.092200 0.036313 0.035393
 0.044972 -0.075447 -0.078498 0.058974 -0.061300 0.033217 0.044529 -0.074199 -0.020444 -0.013940 0.009766 0.095383 0.063056 -0.016323 0.066762 0.056539
 -0.044113 0.043918 0.086594 -0.023119 -0.043714 0.012340 -0.052801 0.070387 0.076734 0.061253 -0.074984 0.013411 -0.011156 0.095082 -0.002179 0.094263
 -0.095194 0.097579 -0.070464 0.061769 -0.039654 -0.089422 -0.053840 -0.028381 -0.000720 -0.060968 -0.024954 0.051238 0.007309 -0.021597 0.019217 -0.097301
 0.061311 0.009928 0.021079 -0.095421 0.047613 0.038471 0.021803 0.094518 0.030671 0.080486 -0.068663 0.076083 0.092739 0.091269 -0.072374 0.087673
 -0.024735 0.024067 0.098778 -0.086129 0.035560 0.020309 0.069576 0.002684 0.074751 0.068816 -0.074895 -0.030982 -0.025586 -0.021790 -0.031666 0.035378
 0.092489 0.074343 -0.087164 0.086982 0.021368 -0.062482 -0.072095 0.073461 -0.013622 0.090961 -0.002102 -0.018980 -0.008705 -0.007354 -0.082259 0.015957
 0.029719 0.010610 0.028129 -0.036217 -0.043070 -0.058619 -0.034587 -0.047749 0.007571 -0.067036 -0.097796 0.058545 -0.033958 -0.018782 0.009123 -0.089708
 0.046374 0.053503 0.032091 -0.073624 -0.067326 -0.025705 0.036454 -0.003692 0.090090 -0.034308 -0.045086 -0.091499 -0.026683 0.017584 0.017978 0.033614
 0.054715 0.098810 0.095668 -0.050539 0.050985 0.024937 0.034674 -0.089979 -0.026142 0.049369 -0.090752 -0.016931 0.037171 0.010843 0.004851 -0.055807
 0.009121 0.080855 -0.036632 -0.091500 0.081365 0.064557 -0.083119 -0.031786 -0.086800 0.052801 -0.099996 -0.097604 -0.002776 0.012652 -0.070987 -0.065476
 -0.024604 -0.047725 -0.029138 0.012387 0.060660 0.015614 -0.058493 -0.021525 -0.073282 0.006302 -0.023632 -0.074543 -0.024084 -0.084190 -0.028932 0.035291
 -0.034545 0.062311 -0.090065 0.039617 0.005455 -0.073211 -0.017501 0.046742 -0.048848 0.033712 0.043575 0.043623 0.072751 -0.086564 -0.043608 0.039960
 0.050751 0.041571 0.016714 0.094395 0.070776 -0.089959 0.020910 -0.073653 0.075834 -0.087116 -0.091216 0.079490 -0.097221 -0.020548 -0.000896 -0.033798
 -0.076873 0.081044 -0.070232 0.097291 0.097201 0.095888 0.036608 0.024047 0.040106 -0.021974 0.089436 -0.005836 0.081606 0.082266 0.028255 -0.030747
 -0.019669 -0.020256 0.006179 0.080622 -0.096790 0.039448 -0.056748 0.070013 -0.089285 0.068206 -0.036307 -0.043485 -0.076016 -0.045239 -0.059699 -0.096973
 0.003529 -0.067177 -0.056570 -0.074875 -0.059573 -0.040619 -0.045135 0.026839 0.057303 0.043878 -0.038094 0.021377 -0.046179 -0.025932 -0.027073 0.088545
 -0.066513 -0.078514 -0.064041 -0.029017 0.020235 0.073672 0.053546 -0.014967 -0.081232 0.084728 -0.070920 -0.086039 -0.054622 0.062919 0.035719 -0.025175
 -0.038920 0.027701 0.060387 -0.020282 0.060409 0.000504 0.003737 0.047650 0.095717 0.080663 -0.093672 0.099091 -0.049233 -0.017079 -0.071607 0.041243
 0.059869 -0.056552 0.041626 -0.050737 0.020146 0.079371 -0.034850 0.081701 -0.007099 -0.006751 0.049662 0.036426 0.054369 -0.092475 0.034376 0.088738
 -0.063546 0.016720 0.067417 0.036844 -0.078871 0.034926 0.073958 -0.059287 0.070049 -0.081653 -0.083311 -0.095516 -0.077347 -0.028309 0.070644 -0.031591
 0.001678 0.030494 0.002741 0.002677 0.019395 0.018902 -0.046067 0.013745 -0.022945 0.048572 0.069932 -0.042745 0.071815 0.034887 -0.080532 -0.017892
 0.094547 -0.090068 0.028038 0.067294 0.006656 -0.040437 -0.004147 -0.021325 0.087255 0.045949 0.014500 0.087728 -0.065785 -0.087354 0.033697 -0.051499
 0.058543 0.053838 -0.067253 0.030256 -0.058975 0.017493 -0.086364 -0.059390 -0.028631 -0.027112 -0.009449 0.061670 0.028060 0.027782 0.002851 0.038863
 0.019911 0.026885 -0.054610 -0.086604 0.018137 0.037007 -0.050819 -0.080666 -0.072910 -0.059617 -0.031067 0.004565 -0.039096 -0.000953 -0.098117 -0.088005
 -0.038062 -0.048603 0.066505 -0.055980 0.042841 0.097838 -0.022517 -0.089402 0.096748 -0.080603 0.005975 0.098564 -0.055076 0.099959 0.057141 -0.093530
 -0.066242 -0.099595 0.000440 -0.074105 0.096109 -0.092459 0.043907 -0.082557 0.017874 -0.043467 -0.026646 0.082658 -0.095517 -0.037742 0.014868 0.001274
 0.004456 -0.038768 -0.088427 -0.034254 0.028993 -0.090312 -0.067212 0.014416 0.030693 -0.066192 -0.033171 0.044645 -0.035394 0.028553 -0.037500 -0.047579
 0.025747 -0.043263 -0.041726 0.035071 -0.040269 0.061708 0.099947 -0.017415 0.026278 -0.058906 -0.024565 -0.002397 -0.081453 -0.080221 -0.076911 -0.021741
 -0.067311 0.054069 0.060080 -0.040263 0.005854 -0.005090 0.098296 0.035380 0.053543 -0.060470 -0.008362 -0.028073 0.089133 -0.023164 0.070023 -0.067339
 -0.040524 0.079690 0.027381 -0.052934 -0.083645 -0.091607 -0.018775 0.020869 0.088468 0.024831 0.017311 0.051459 -0.009451 -0.038629 0.079998 0.034089
 0.052845 0.035431 0.017772 -0.035473 -0.004919 -0.058552 0.099322 -0.048309 -0.031252 -0.069508 0.083196 -0.092008 -0.025689 0.006924 0.005825 0.074074
 0.031488 -0.009539 0.047440 -0.056428 -0.019680 0.019515 0.035441 0.063206 0.045639 -0.090804 -0.071723 0.058885 -0.089595 0.069412 -0.035064 -0.073887
 -0.074961 0.056365 0.006713 0.045996 0.009633 0.061042 0.047317 0.027518 -0.065895 0.051778 -0.061875 0.041414 0.001809 -0.065107 0.013517 -0.018907
 0.070773 0.050619 0.029556 -0.053599 0.097404 0.026012 -0.096743 -0.052616 0.059328 0.009475 -0.031097 0.097630 -0.023149 -0.031292 0.027913 0.076547
 -0.030769 -0.011808 -0.089225 0.046543 -0.043441 0.056031 0.080628 0.019694 0.066122 0.076381 -0.001656 0.044972 0.027990 -0.047909 0.078625 -0.026145
 -0.024459 0.069160 0.015362 0.027307 -0.004545 0.051258 -0.049051 -0.096003 -0.080021 -0.023401 -0.022057 0.078098 0.019432 0.019756 0.067902 -0.091614
 0.028035 -0.024232 -0.076606 -0.044016 -0.015277 0.051192 0.084651 -0.094119 0.069923 -0.003468 -0.036978 0.029176 -0.064636 0.005319 0.032804 0.029597
 -0.082928 0.040133 -0.005578 -0.013901 -0.051782 0.074626 -0.048986 0.064295 0.047214 -0.070108 0.012185 0.071624 -0.040029 0.062360 0.083625 -0.083126
 -0.037899 -0.074559 -0.050884 0.001133 -0.073075 -0.045626 -0.093526 -0.062402 -0.033403 0.015914 0.050580 0.059110 -0.070174 -0.064216 -0.015447 -0.077592
 0.071483 0.073838 -0.097307 -0.012371 -0.061201 0.048986 -0.071071 0.015898 0.055887 -0.017837 -0.001620 0.089218 -0.027794 -0.023033 -0.009542 0.039082
 -0.023114 0.043346 -0.089598 -0.090882 0.054123 0.044581 0.074291 -0.075469 0.002566 0.038699 -0.010545 -0.090867 0.027870 -0.090754 -0.006215 0.042380
 -0.002258 -0.054459 0.069427 -0.036825 -0.070591 -0.063316 -0.028008 -0.055810 0.014673 0.001514 -0.042207 -0.017171 0.080087 0.082850 0.003296 -0.065348
 -0.054828 0.065343 -0.042497 0.053978 -0.079343 -0.006404 -0.025794 -0.006377 -0.008489 0.087602 0.070015 0.032189 -0.006373 -0.015384 0.041725 -0.044157
 0.077451 -0.022012 0.068582 0.026677 -0.019952 0.039689 0.090512 0.058736 0.011875 0.019073 0.003769 0.067063 0.031401 -0.026264 -0.084404 0.093843
 0.013506 -0.022910 0.040519 0.075262 -0.018356 0.018404 -0.035405 -0.048248 0.041547 -0.019205 -0.039937 -0.011529 0.064060 0.078334 -0.041113 0.088109
 0.057648 0.003527 0.014539 0.090086 -0.014637 0.076168 0.057489 -0.066033 -0.059443 -0.068164 0.001076 0.091022 -0.006518 0.069590 0.035911 -0.093188
 0.042727 0.053502 -0.030354 -0.025087 -0.001973 0.098962 -0.072586 -0.058649 0.010566 0.001900 -0.035027 -0.069048 0.023049 -0.071941 -0.034156 -0.049337
 -0.084337 -0.074047 0.048759 0.016174 -0.026516 -0.054477 -0.065651 0.052987 -0.060335 0.093355 0.067760 0.041441 0.054768 0.089159 0.015613 0.082093
 0.013898 -0.072770 -0.097234 -0.087700 0.099641 -0.034689 0.079540 0.049107 0.075850 0.064798 -0.044014 -0.040411 0.033594 -0.032099 -0.040908 -0.064462
 0.064226 -0.073914 0.094378 -0.080559 0.075916 -0.074643 -0.028649 -0.054095 0.001330 0.094172 -0.047513 0.039522 -0.018394 -0.054569 0.046496 -0.094269
 -0.044241 -0.051513 -0.023049 -0.007626 0.069568 0.072259 0.076628 0.051253 -0.027834 -0.051707 -0.088396 0.077508 -0.004591 -0.009359 -0.006667 0.024397
 0.058133 -0.094812 -0.057813 -0.088950 -0.079956 -0.091102 0.042846 -0.078351 -0.026834 0.008131 -0.090365 -0.051766 0.057739 -0.011124 0.036286 0.074051
 0.077238 0.036314 -0.078459 -0.053102 -0.072407 -0.013530 0.056634 0.091233 0.018370 0.033614 -0.005297 -0.028853 -0.028301 -0.046469 0.063643 0.027671
 0.066022 -0.066020 0.089280 0.035001 0.001318 0.083627 -0.038835 -0.071493 -0.020484 0.039967 0.067618 -0.009220 -0.099920 0.081336 -0.018648 -0.034894
 -0.092344 -0.090563 -0.059138 0.087690 0.087480 -0.055066 -0.043906 0.088572 -0.058023 -0.090098 -0.055581 0.027739 0.073909 0.035964 -0.088624 -0.073006
 0.051799 -0.013908 0.075155 -0.006024 0.079888 -0.093476 0.066061 -0.098722 -0.051812 -0.051214 0.048432 0.008378 -0.066406 -0.090496 0.067635 0.020669
 -0.050675 0.063862 0.067715 -0.008022 0.059965 0.026497 0.031692 0.003218 -0.044517 0.001558 0.039818 -0.014889 0.027509 0.042612 0.002643 -0.041989
 0.031697 -0.058238 0.033407 0.068950 -0.096527 -0.051379 -0.002264 0.048008 -0.087734 -0.002527 -0.060477 -0.040568 -0.030606 0.001749 -0.048291 0.088774
 -0.012970 -0.072109 0.094286 -0.076268 -0.045815 -0.049522 0.017039 0.060551 0.007260 0.093205 0.071922 -0.044210 0.098497 -0.098079 0.033523 -0.026373
 -0.009190 0.092491 0.072536 0.021102 0.068471 -0.016592 -0.088856 -0.093457 0.006182 0.013564 0.050818 -0.085060 0.088510 -0.014114 -0.037944 -0.075577
 0.028403 -0.083899 0.082753 -0.032356 0.026005 0.074899 0.073585 -0.014410 0.061865 0.024080 0.098966 -0.008824 0.047050 0.098761 -0.070979 -0.067611
 0.038512 0.083440 -0.013038 0.082890 0.010464 0.039426 -0.046288 -0.041228 0.082169 0.003977 0.036104 -0.069138 0.098813 0.082397 -0.062274 0.040252
 0.070662 -0.012506 0.018570 -0.036191 0.097498 0.097125 -0.015689 0.009288 0.096529 -0.035591 -0.021500 -0.049143 0.006657 0.001454 0.093474 0.087758
 -0.007864 -0.025218 -0.033124 0.008168 0.098384 -0.096290 -0.026327 0.039179 -0.069416 0.017085 0.088781 -0.064089 0.021555 0.000768 -0.086729 0.009348
 -0.028713 0.053829 0.051369 0.023723 -0.071285 0.092020 0.035355 0.015987 0.075626 0.076371 0.079485 -0.055930 0.026492 -0.066835 0.042132 0.053071
 -0.018794 0.000001 -0.021933 -0.048898 0.043229 0.046035 -0.064799 -0.035747 -0.084769 -0.040712 -0.069936 -0.018253 0.054649 -0.040936 0.062389 -0.018307
 0.006812 0.046303 0.020603 -0.064297 0.075357 -0.022669 0.033207 0.088308 -0.078897 -0.087034 -0.007891 0.000690 0.099932 0.079571 0.015510 -0.030839
 0.084449 0.075289 0.027067 0.089517 -0.071151 -0.000911 0.025469 -0.047551 -0.029475 0.074533 -0.045804 0.036088 0.006887 -0.009569 0.012442 -0.033840
 0.076227 -0.017762 0.036387 0.072754 0.071451 -0.035049 0.012058 0.021730 0.079671 -0.074578 0.007230 0.054141 -0.070563 -0.060786 0.003279 -0.072444
 0.096592 0.000671 0.093608 0.027105 -0.029719 -0.072243 -0.022265 0.002691 0.044099 -0.007109 0.020996 -0.022582 0.097855 0.060605 -0.044418 -0.057005
 0.008452 0.097851 -0.011909 -0.072180 0.062627 0.060617 0.013879 -0.010279 -0.006130 -0.058564 -0.080953 -0.018723 0.044108 -0.039336 0.057309 0.058400
 -0.022722 -0.048118 -0.063935 -0.097505 -0.069210 -0.022041 0.062623 -0.075426 0.089342 -0.060335 0.080112 -0.083422 0.056579 -0.025970 0.026570 0.032005
 -0.037944 0.014744 -0.073511 0.083480 0.097694 -0.081225 -0.081775 0.000393 0.025837 -0.094484 0.030068 0.021851 -0.033611 0.069797 -0.009429 0.061965
 0.073287 0.027597 -0.086224 -0.064989 -0.070457 0.043328 0.073858 -0.066291 -0.065676 -0.049122 -0.060138 0.000764 -0.013613 -0.048685 -0.000677 0.009914
 0.088071 0.078479 -0.024918 -0.032501 -0.038351 -0.042189 0.088307 -0.052780 0.079988 0.061549 0.005721 0.070347 -0.005399 -0.041668 -0.098937 0.038269
 -0.083348 0.039545 0.047094 0.097973 -0.085656 -0.060323 0.087082 -0.089596 -0.042268 0.092334 0.028667 -0.024990 0.081134 -0.053869 -0.066011 -0.013786
 -0.036361 -0.011092 -0.042595 -0.005107 0.075585 -0.010752 -0.015688 0.047188 -0.099100 -0.015617 0.024298 0.037155 0.025146 0.012880 -0.027344 0.074835
 -0.057695 0.076093 -0.008267 0.024318 -0.029832 -0.067040 0.016961 0.021059 -0.007293 0.001334 0.063105 -0.073767 0.072510 -0.070016 -0.061312 -0.094105
 0.052610 0.077957 -0.017665 0.045143 -0.072503 -0.004758 0.077300 0.034210 0.089777 -0.092210 0.041630 0.086393 -0.041338 -0.052168 -0.093639 -0.061181
 -0.014064 0.024901 0.028731 -0.035679 -0.097877 0.077589 -0.037461 -0.021576 -0.041255 -0.004648 0.076773 0.067209 0.082232 0.007993 0.022708 -0.028290
 -0.041681 0.061358 0.086008 -0.001203 -0.052844 0.092056 -0.064465 0.075663 0.008305 -0.017318 -0.067259 -0.062418 -0.041012 0.085780 0.051124 -0.008095
 0.076905 -0.092118 0.089671 0.027503 0.099873 0.075581 0.052850 -0.085414 -0.047283 -0.088259 -0.025091 -0.079102 0.039415 -0.073967 -0.040221 -0.043939
 -0.039068 -0.007429 -0.073283 0.091722 0.006158 0.037959 0.073037 -0.003822 -0.011469 -0.043198 -0.062928 -0.086989 -0.079509 0.092501 -0.059793 -0.009626
 -0.079725 0.001452 0.079117 -0.037302 0.071962 -0.041619 0.032544 -0.087926 0.085993 0.021861 -0.068734 0.072429 -0.055418 0.066829 -0.074780 -0.085021
 -0.063672 -0.010202 0.052865 -0.009269 0.086184 0.024447 0.072129 -0.076850 0.050079 0.031495 0.017097 -0.095324 0.018585 0.044872 -0.016663 -0.085348
 0.061492 0.021227 -0.035826 -0.056407 0.050267 -0.086412 -0.074893 -0.069459 0.017654 0.091731 -0.033220 -0.032674 0.042028 0.006684 -0.009219 -0.030177
 -0.073578 -0.057665 -0.077460 -0.076985 0.034932 0.008276 -0.012469 0.099641 -0.025731 0.006482 0.007221 0.025952 0.047045 0.039622 -0.080626 -0.057763
 -0.097379 -0.040505 0.018697 0.078173 0.070770 0.050717 -0.026453 0.012386 0.081596 0.027339 0.095026 0.039288 0.033857 0.073668 -0.062895 -0.017065
 -0.042723 0.072695 0.033247 -0.044929 -0.033128 -0.036562 -0.099147 0.033731 -0.019298 -0.014110 0.073183 -0.024952 -0.089240 -0.081125 0.014710 -0.014374
 -0.020896 -0.048051 0.013654 -0.030171 -0.061198 -0.037137 -0.073509 -0.094930 0.001862 0.026686 -0.098569 0.068561 0.004980 0.019511 0.000319 0.019530
 -0.038179 0.088088 0.024563 -0.021867 -0.005072 -0.033501 -0.099199 -0.056757 -0.059333 0.077086 -0.096067 0.090573 -0.009778 0.024845 -0.011402 0.030810
 0.055939 -0.043265 -0.036578 -0.017317 -0.084371 -0.020430 -0.015238 -0.097799 0.018598 0.093569 -0.044465 -0.079998 0.037600 -0.023367 0.079175 -0.015485
 0.042086 -0.075867 -0.079008 0.038773 -0.042304 -0.049350 -0.062138 0.087950 0.069251 0.076958 -0.075899 0.086954 0.065313 0.051855 -0.067448 -0.027937
 0.056587 0.054536 -0.042802 -0.011161 0.009875 -0.096156 -0.057921 0.027547 0.022297 0.065533 0.090105 -0.086528 0.072641 0.070147 -0.009366 -0.075698
 0.097317 -0.075907 -0.047051 -0.021882 0.062038 0.033182 -0.078235 0.091123 0.067774 0.052924 0.017815 -0.021667 0.077343 0.079377 -0.067595 0.004486
 -0.055316 -0.005506 -0.099065 -0.079414 0.075328 -0.032468 0.058228 -0.091428 -0.073284 -0.067579 -0.073670 0.081998 0.085617 0.095955 0.071722 0.086028
 0.073140 -0.041837 0.009588 0.012622 0.059086 -0.028911 0.019690 -0.020900 0.024429 -0.039599 0.027085 -0.091030 -0.035274 0.007193 0.007809 0.044048
 0.067973 0.019368 0.015557 -0.098918 0.086582 -0.053984 -0.081957 -0.030295 -0.020231 0.043586 -0.081553 -0.094079 -0.037515 -0.014766 -0.055479 -0.083079
 -0.069770 -0.014232 0.014827 -0.073091 0.055244 0.073134 -0.052682 0.064004 -0.016718 0.039819 0.010851 0.030227 -0.050301 -0.024128 -0.046659 0.079086
 -0.086950 -0.074023 -0.002065 -0.089887 -0.094680 -0.091414 -0.059690 0.006807 0.015914 -0.032271 0.037296 0.071776 -0.018214 0.009145 -0.080235 -0.064072
 0.027251 0.069303 0.049665 -0.040735 -0.036977 0.058692 -0.058279 0.071482 -0.085907 0.021821 -0.053705 0.083448 0.023319 0.074229 -0.014551 0.060147
 0.034239 -0.092327 0.041223 0.010654 0.077760 -0.048133 -0.086100 -0.005537 0.074196 0.053179 -0.057441 0.076153 0.084565 0.082339 -0.016147 -0.028626
 0.097095 0.075902 -0.076697 -0.089997 0.038047 0.015355 0.009496 0.046699 0.067355 0.024095 -0.024242 0.034723 0.057034 0.071598 0.010515 0.037086
 -0.019003 -0.060643 -0.023151 -0.023348 0.095661 0.069057 -0.070336 -0.023535 -0.036447 0.013322 -0.030305 -0.001339 -0.062393 0.010045 -0.042600 -0.087074
 -0.002629 0.065120 -0.070001 -0.036380 -0.001536 0.067605 -0.038010 0.070222 -0.097244 0.010905 -0.033658 0.094036 -0.034807 0.094485 0.029549 -0.016522
 -0.063458 -0.021631 0.009273 -0.048203 0.017293 0.020570 0.048327 0.065102 0.076598 0.048023 0.036303 0.038753 -0.007630 0.026799 -0.047613 -0.043419
 -0.094033 -0.085528 0.068182 -0.036652 -0.030990 0.096118 0.061588 0.043655 0.004461 0.089598 -0.063489 -0.076055 0.044282 0.022363 -0.059498 -0.002726
 -0.034669 0.019729 -0.046950 -0.008512 0.091651 -0.080990 0.042096 -0.044132 -0.062574 -0.060852 -0.073454 -0.049312 0.074220 0.050600 0.009287 -0.059620
 -0.046386 0.014231 -0.031443 0.052586 -0.047642 -0.052894 0.016916 0.045748 -0.005221 0.020158 -0.043186 -0.020805 0.010807 0.086517 -0.075866 0.074690
 0.042822 0.038365 0.093501 -0.022140 0.063545 0.020119 0.057568 0.094223 0.047112 -0.041289 -0.048956 0.099761 0.072812 0.029156 0.096739 -0.048856
 -0.025340 -0.009739 -0.046927 0.069258 -0.034310 0.094783 -0.076531 0.082684 0.046782 -0.086796 0.042208 -0.095841 -0.060253 0.044770 -0.014222 -0.002273
 0.087808 0.073088 0.073439 -0.072043 -0.057910 0.000111 0.073412 -0.006878 -0.028194 0.076858 0.072021 0.017010 0.080121 0.045970 0.048439 -0.011215
 -0.007231 0.079708 -0.026992 0.044170 0.032867 -0.044338 0.044023 0.051916 -0.010715 -0.021695 -0.091042 -0.097288 -0.041332 -0.019452 -0.030109 -0.081460
 -0.068837 0.041309 -0.093324 -0.001082 -0.048235 0.031586 0.009169 0.059054 0.030772 0.044508 -0.095907 0.030995 -0.060948 0.080447 -0.049240 0.056590
 0.051433 -0.032812 -0.071077 0.096974 -0.042729 0.039392 0.008768 0.076717 -0.092866 0.021890 -0.037100 -0.062361 -0.087267 -0.088319 -0.036220 -0.031003
 0.034643 -0.045433 -0.016077 -0.054847 0.002619 -0.011026 -0.005805 0.049669 0.013257 -0.069688 0.093991 0.017975 0.011242 0.090873 -0.063623 0.092121
 0.095475 -0.005738 -0.029565 -0.061088 -0.073090 0.059336 -0.011908 0.076773 -0.041680 0.010490 -0.025279 0.054360 0.093078 -0.074356 0.025788 0.040627
 0.076584 0.081084 0.086702 0.041115 0.027231 0.012911 -0.039472 -0.023725 -0.036367 -0.024329 -0.082947 0.022677 0.038185 0.072263 0.032097 0.049326
 0.088149 0.022159 -0.042942 0.066854 -0.082982 -0.026252 0.054597 -0.007608 0.026395 -0.086915 0.095088 0.073612 0.094077 0.023624 0.014403 0.090308
 -0.012063 -0.032789 0.017424 0.092605 -0.023730 0.093298 -0.026924 0.064395 -0.054458 0.022259 0.014593 0.060977 -0.092901 0.010353 -0.072111 0.071687
 -0.020298 -0.063643 -0.067900 -0.001106 0.013507 0.039355 0.091570 0.034652 -0.060065 -0.076643 -0.070113 0.007711 0.095287 -0.028525 0.066526 -0.022108
 0.078043 0.065009 0.080506 0.000049 -0.077450 -0.022695 0.042431 -0.038043 -0.055521 0.020207 0.005247 -0.095959 -0.013513 -0.034999 0.057354 0.018318
 -0.023794 0.097698 0.013355 0.004452 -0.072297 0.008712 -0.008796 -0.019541 0.016683 -0.052294 0.051703 0.025609 0.051223 0.005034 0.068504 0.061999
 -0.012361 0.076373 0.034679 -0.042162 0.002820 -0.026204 0.089140 -0.048845 0.072501 0.016916 -0.027940 0.038276 0.038737 -0.021019 0.078389 -0.087476
 0.079595 -0.033832 -0.033746 -0.002032 -0.098408 0.022011 -0.093349 -0.099893 -0.030642 -0.083778 0.066552 -0.041134 0.004257 -0.099262 0.024096 -0.024923
 0.000601 -0.029239 0.000935 -0.024582 0.028131 0.025315 0.081489 0.069555 0.074638 0.072919 0.009230 -0.035266 -0.036974 -0.086817 0.097322 -0.078845
 -0.074378 0.052711 0.068654 0.061652 0.090562 0.040577 0.029847 -0.010008 0.027638 0.047499 0.001637 0.073839 0.023024 0.076739 0.072766 0.041953
 -0.043756 0.015073 0.053095 0.024815 0.031483 0.075995 0.015829 0.082385 -0.021374 0.040393 0.092498 -0.036975 0.047552 0.051562 0.093076 -0.053427
 0.032235 0.004882 0.037838 -0.059717 -0.074690 -0.042025 0.029687 -0.097460 -0.066151 0.015805 0.061081 0.080970 -0.065589 0.040622 -0.063482 0.095134
 0.050676 0.040995 0.034065 0.054647 -0.075741 0.086654 -0.084894 -0.018127 -0.093816 0.091152 -0.055246 -0.014692 -0.095256 -0.084087 -0.002401 -0.078612
 -0.077643 -0.049947 -0.015902 -0.059199 0.021662 -0.001822 -0.090123 0.001120 0.062600 -0.031519 0.090087 0.046931 -0.007807 0.016894 0.089390 -0.015989
 -0.014298 -0.045036 0.058799 -0.084898 0.054155 -0.015638 -0.009891 0.007630 -0.079569 -0.001953 0.085305 0.021928 0.081936 -0.049669 0.072262 -0.065896
 0.042914 -0.089802 -0.059594 -0.064256 0.001704 -0.048948 0.054382 0.055038 0.076568 -0.020636 -0.060495 -0.075614 -0.074400 0.099197 -0.096488 -0.082867
 0.018125 -0.005282 -0.031070 -0.028674 0.019142 0.031253 0.066236 0.085477 -0.047141 -0.083093 0.059200 0.005635 -0.089262 0.066291 -0.092095 0.088686
 -0.056182 0.039573 -0.060020 -0.052539 -0.047449 -0.023160 0.045406 0.086449 0.044569 0.042611 -0.096143 0.043324 -0.033991 -0.028837 0.044319 -0.068191
 -0.083918 -0.020362 0.068165 -0.065322 0.026971 0.003055 0.085275 0.002425 -0.008150 -0.073257 0.056707 -0.028753 0.001509 -0.091558 -0.001688 -0.031324
 -0.020107 0.081587 -0.015853 0.043542 0.035666 0.029688 -0.079002 -0.046016 0.054908 -0.096017 -0.005074 0.038418 -0.088929 0.009909 -0.059543 -0.013223
 0.059297 -0.091730 -0.028232 -0.021460 -0.030698 -0.077652 -0.078553 -0.082424 0.092297 0.025780 -0.036268 -0.069225 0.062087 0.059337 -0.011968 0.006009
 -0.084745 -0.092407 -0.015016 -0.016192 -0.013955 0.031240 0.026767 -0.059545 -0.040149 -0.016686 -0.085466 0.088881 -0.031163 0.080668 -0.067136 -0.020784
 -0.093365 0.062404 0.082669 0.022632 0.037799 -0.046594 0.017499 -0.077622 0.051958 0.017668 0.044517 0.064330 -0.036795 -0.066872 -0.043967 0.014792
 0.031069 0.094885 0.056349 0.070002 0.093928 -0.071340 -0.054266 0.035478 0.016522 0.007215 -0.002597 -0.031833 0.091264 0.085701 0.087347 0.098880
 0.043046 -0.042600 -0.064723 -0.045432 0.050508 -0.079022 0.094199 0.060497 -0.076234 0.054068 0.079704 -0.094460 0.026735 -0.038843 0.023820 0.036550
 -0.016134 0.093621 -0.009538 -0.042204 0.067823 0.026514 0.090616 0.084850 0.091385 0.004825 0.089667 0.039074 -0.022558 0.074480 0.042241 -0.029253
 0.019202 -0.025057 0.035854 0.098188 -0.099376 -0.000677 -0.001483 0.008159 0.014757 0.022035 -0.087572 0.019662 0.032806 0.000653 -0.084606 -0.068829
 -0.044434 -0.088461 0.055912 0.005772 0.072702 -0.004825 0.075995 -0.070161 0.011377 0.045281 0.041809 0.070653 0.087779 0.012118 0.021631 0.038948
 -0.000623 0.041272 0.095343 0.014652 -0.047993 0.086379 -0.003598 -0.049816 -0.072775 -0.080634 0.078940 -0.089423 0.001483 0.074925 -0.071534 0.080799
 0.098265 -0.012090 -0.096697 -0.057987 0.059893 0.076929 -0.096625 -0.013704 0.044761 -0.095757 0.035802 -0.004676 -0.005109 0.079509 0.044285 0.036747
 -0.084692 0.098292 -0.098165 0.028029 -0.092877 0.004669 -0.007302 0.039427 -0.082851 -0.093083 0.076240 -0.072605 -0.046258 -0.071810 0.019282 0.041078
 0.056086 -0.044458 -0.006373 -0.072062 0.076890 0.063178 0.004246 0.007051 0.088630 -0.002831 -0.010993 0.023702 0.007595 0.045898 0.097162 0.092042
 -0.077981 0.072997 0.017219 0.095252 0.044831 -0.083444 0.038966 0.036032 0.070926 -0.015757 0.078379 0.000047 -0.008805 -0.079807 0.028209 0.037183
 -0.017002 0.075912 -0.083918 -0.034174 -0.038373 0.003137 -0.044291 -0.091572 -0.044805 -0.073682 0.082575 -0.071935 -0.047880 0.033222 -0.032458 -0.052412
 0.030186 0.083816 -0.046571 0.090662 0.090557 0.046090 -0.081632 -0.024363 0.065554 -0.037772 0.066816 -0.024923 0.096552 0.026252 -0.038902 0.061153
 -0.025808 -0.055786 0.058951 0.079425 -0.070489 -0.058595 0.033018 -0.037490 0.087346 -0.031257 -0.036885 0.019514 0.009755 0.002687 -0.091611 0.096427
 0.011830 -0.020766 -0.057064 -0.084031 0.049449 0.026108 -0.032458 0.092072 0.047083 0.011157 0.015617 -0.046146 0.078684 0.040060 -0.015905 0.093570
 0.026750 -0.015375 -0.079372 0.073086 -0.016900 -0.050559 -0.049250 -0.036729 0.023335 0.084540 -0.001522 0.050000 0.055300 -0.059904 0.072102 0.012214
 0.054637 -0.064406 0.005419 0.024415 0.086772 -0.000138 -0.042929 0.087274 0.034301 -0.060482 0.039676 -0.087068 0.053435 0.001570 -0.067473 0.004437
 0.070091 -0.065393 0.002338 0.015492 -0.093236 0.097712 0.023288 -0.040332 -0.062086 -0.024620 -0.023065 -0.077470 0.012918 -0.004281 0.083842 0.048647
 0.069196 0.028311 -0.031990 -0.067045 0.044432 0.092879 -0.025704 -0.081960 0.091941 -0.079267 0.001693 -0.090782 0.083230 -0.018261 -0.041501 -0.030993
 0.040926 -0.067552 -0.019960 -0.028856 0.062874 0.040895 -0.024589 0.061971 -0.055006 -0.090245 0.015502 -0.003454 -0.087468 -0.094133 -0.049483 -0.005767
 -0.055574 -0.042353 -0.094981 -0.021730 0.020099 -0.035854 0.023097 0.044332 0.068504 -0.053013 0.003416 -0.007897 -0.003982 -0.045321 -0.041709 0.061095
 -0.098717 -0.093730 -0.093245 -0.076633 0.065879 -0.066248 0.002219 0.077387 0.004332 0.004517 -0.062327 0.092093 -0.095721 -0.090598 0.004538 -0.064559
 0.015808 0.021836 -0.088924 0.037411 0.060742 -0.037088 0.073593 -0.048159 0.060445 -0.097727 -0.063365 -0.003842 0.079865 -0.010578 0.096769 -0.008399
 -0.024736 0.042910 0.071034 -0.089852 -0.039729 0.096630 0.060715 -0.037556 0.063110 -0.008971 0.030440 -0.068241 0.090968 0.046452 0.089178 -0.008864
 -0.008242 -0.063383 0.014710 0.025429 -0.035010 0.071181 0.062324 0.081864 -0.034023 0.009827 0.052843 -0.047722 0.057525 -0.050743 0.061340 -0.016834
 0.001680 0.099178 -0.061993 -0.031298 -0.029482 0.046836 -0.021283 -0.027273 -0.010012 -0.027745 0.053506 0.070958 0.015122 -0.011956 -0.069225 -0.036177
 -0.055304 -0.011850 0.036272 -0.062832 0.087251 -0.097972 0.075139 -0.072824 -0.018863 -0.064273 -0.023501 -0.029825 -0.097712 -0.071354 -0.081354 0.002513
 0.068819 0.016280 0.056478 -0.020491 0.091307 0.036013 -0.054243 0.081399 -0.090725 -0.038209 -0.047879 0.038347 -0.047239 0.031248 0.015107 -0.060523
 0.085321 0.006179 -0.000709 -0.027218 -0.058253 0.019849 0.076742 0.029757 0.097098 -0.070970 -0.042907 -0.076101 0.005906 -0.027014 -0.064223 0.072106
 0.070893 -0.066437 -0.095461 -0.064046 -0.020986 -0.004321 0.085655 -0.053789 -0.000101 -0.037544 -0.072701 -0.009313 0.006177 -0.039787 0.028723 0.014537
 -0.045439 0.082076 0.032251 0.041025 0.093768 0.078837 0.016930 0.072568 -0.002630 0.061554 -0.011281 0.082962 0.076943 -0.001565 0.096589 0.054057
 0.039394 0.008545 0.069893 0.026145 0.019465 0.055211 0.028784 0.043887 0.096750 -0.029397 -0.034422 0.010604 -0.068636 0.006259 0.093048 -0.059618
 -0.033214 -0.023245 0.088085 0.056576 0.061197 0.058682 0.067128 0.004156 0.074706 0.092771 0.039881 -0.060748 -0.075985 -0.028300 0.051554 -0.069016
 0.048224 -0.025325 -0.079325 0.097048 -0.052527 0.014248 -0.059025 -0.098777 -0.085236 0.012203 -0.064009 0.088102 -0.050355 0.022044 -0.001702 -0.057627
 -0.045390 -0.057266 0.037835 0.076478 -0.073866 -0.043963 -0.090019 0.031022 -0.063657 -0.077711 -0.046799 0.048816 -0.057220 -0.034390 -0.008242 0.080980
 0.098530 -0.086112 0.095443 -0.066733 -0.076508 -0.028981 0.000453 0.087658 0.042511 -0.012460 0.011791 -0.051107 -0.078587 0.045316 0.052112 -0.003834
 0.058794 -0.074663 -0.007309 -0.042960 -0.032328 -0.006968 -0.020594 -0.061996 -0.090919 -0.033380 0.029785 -0.058490 0.001462 0.097171 0.089042 -0.029482
 0.039224 0.085505 0.072479 -0.005153 0.020142 0.032889 -0.046102 0.090385 0.079319 0.012094 0.027758 0.069987 -0.012110 -0.067951 -0.039236 0.067147
 -0.000173 -0.040864 0.087936 0.000922 -0.002589 0.098880 0.020668 0.038010 0.027263 -0.085797 -0.095043 -0.032846 0.078059 0.010822 0.074818 0.045022
 0.016256 0.098304 -0.049434 0.047911 0.087115 -0.086241 -0.051269 0.033020 0.061558 0.049693 -0.086633 -0.047685 -0.016098 -0.017437 -0.080646 0.084520
 0.070677 -0.026278 -0.046752 -0.086350 -0.071053 0.098091 0.029116 0.030380 0.064542 -0.063749 -0.088574 -0.011922 0.027407 -0.072737 -0.047444 0.062078
 0.087451 0.061661 0.082728 0.042313 0.084897 -0.093792 0.092665 -0.013322 0.016983 0.048265 0.077325 0.015430 0.046310 0.077099 -0.011768 0.018263
 -0.010477 0.082161 0.077914 -0.026058 -0.027341 -0.036881 -0.046760 -0.086615 0.088719 0.011669 0.023167 0.030960 -0.036006 -0.026916 -0.038666 0.092023
 0.030673 -0.070378 -0.034220 0.077213 -0.031903 0.092231 0.000263 -0.094313 0.003883 0.025822 0.095919 0.056200 0.098922 -0.016052 -0.026964 0.022787
 -0.028783 -0.032989 -0.026884 -0.042942 -0.099021 0.025101 0.093033 0.087412 -0.047205 0.001392 -0.086078 -0.019515 0.017440 0.081750 -0.032680 0.052667
 -0.000929 0.041652 -0.010207 -0.000189 0.061216 -0.062409 0.017788 -0.067663 0.083860 -0.078428 -0.089177 0.015638 0.088863 -0.086833 -0.074848 -0.010462
 -0.033067 -0.007314 0.060811 0.025430 0.095150 0.031616 0.038266 0.042481 0.047555 -0.090957 -0.023931 0.022943 0.056053 -0.031473 -0.069975 -0.036284
 -0.043838 -0.076846 -0.051158 -0.020041 0.059263 -0.060291 -0.057126 -0.053490 0.012569 -0.034834 0.075718 0.012129 0.079175 -0.022482 -0.007566 0.001255
 -0.020983 -0.092188 -0.017125 -0.095845 -0.031387 0.039148 0.085345 -0.015288 -0.093691 0.080076 -0.061986 0.066789 -0.042179 0.018140 0.019044 0.089188
 0.044657 0.079072 -0.049980 -0.077979 0.095494 -0.010273 -0.001872 0.085395 -0.036572 -0.081305 -0.023072 0.049799 -0.017436 -0.082164 -0.099703 0.014363
 -0.023491 0.005497 -0.047439 -0.069690 -0.051106 -0.073447 -0.060251 0.097984 -0.046861 -0.025587 0.068714 -0.085511 -0.068653 -0.053822 0.057373 -0.010162
 0.069023 0.002461 0.048903 -0.015695 0.059395 -0.034794 0.011456 0.018912 -0.089776 0.073209 0.036910 0.037386 -0.007109 0.029087 0.002569 0.091197
 -0.081579 0.038168 -0.002675 0.039694 -0.048186 0.060509 -0.007197 -0.053231 -0.057416 0.069252 -0.010212 0.037231 -0.096948 -0.024267 -0.086878 0.075313
 0.059596 0.091292 -0.072169 -0.092807 -0.099330 0.013978 -0.013431 0.019133 0.006091 0.095526 0.045678 0.057956 0.030358 -0.065716 -0.046223 0.098397
 0.065245 -0.095504 0.026936 0.043651 -0.069612 0.070005 -0.087183 -0.058289 -0.082407 -0.097340 -0.021531 0.013043 -0.061263 -0.034052 0.081023 -0.061551
 -0.036608 0.039795 0.088817 0.080407 -0.045395 0.001761 0.078213 0.067138 -0.095373 -0.091849 0.023133 0.080520 0.077764 0.008286 0.085759 -0.092852
 0.072986 -0.055218 0.024430 0.021875 -0.043827 -0.065057 0.000933 -0.078808 0.084814 0.031872 0.085134 0.083509 -0.046016 -0.044921 -0.031061 0.028770
 0.037970 0.076658 -0.045345 -0.080359 -0.077783 -0.079886 0.019283 0.020033 0.031220 0.094175 0.069571 0.058803 -0.022084 -0.009131 -0.096986 -0.032847
 0.070961 -0.052857 0.054693 -0.040261 0.068423 -0.096858 -0.069670 0.081602 -0.003642 -0.074663 0.000682 -0.029537 -0.025233 0.066607 -0.081263 -0.077501
 0.098198 -0.025747 -0.016432 -0.014621 0.078113 -0.099467 -0.030007 0.003294 -0.000096 0.041014 -0.053957 -0.001707 0.070745 -0.007790 -0.003403 -0.053014
 0.090203 0.065175 -0.036807 -0.044197 -0.045386 -0.099203 0.076128 -0.054557 -0.019355 -0.084739 -0.018198 0.089840 0.096062 -0.023073 -0.095381 0.015427
 -0.095394 0.070127 -0.037595 0.091410 0.014600 0.080680 0.012872 0.097276 0.072530 -0.012026 -0.073855 -0.046495 0.093827 -0.073592 0.044943 -0.026141
 0.033354 -0.094603 0.023842 0.065799 -0.007816 -0.073939 -0.079839 -0.030289 0.069096 -0.048398 -0.069365 -0.013572 0.048490 0.007043 0.050092 0.066284
 0.085788 -0.078756 0.081756 -0.075386 0.005987 0.078333 -0.038444 0.073909 0.073461 -0.082494 -0.076206 -0.098105 -0.007738 -0.052898 -0.039583 0.093831
 0.040359 0.017816 0.015060 0.034847 0.071159 0.099977 -0.038206 -0.021816 0.007157 0.042437 -0.077898 -0.010879 0.089391 0.055475 -0.024448 -0.086209
 0.052734 0.076563 0.030167 -0.051050 -0.000870 -0.017371 -0.061823 0.083609 0.046890 0.083263 0.007275 -0.067224 -0.084994 0.027211 0.025444 0.006605
 0.028479 -0.017386 -0.087466 -0.081640 0.017381 0.010755 0.033956 0.036765 0.040419 -0.022673 0.023039 -0.058394 0.008514 -0.057122 0.058951 -0.045866
 0.020494 0.049237 0.038577 0.058460 -0.007505 0.083424 -0.047063 0.001269 0.063511 0.042530 -0.036731 -0.099877 0.066173 0.008403 -0.056753 0.036900
 -0.043997 -0.013343 -0.083958 0.057615 0.048751 -0.038944 0.034787 0.008659 -0.007698 -0.023092 0.006302 -0.049086 0.056044 -0.044443 -0.037848 -0.004422
 -0.005681 0.013357 -0.002321 0.037615 -0.020291 -0.002524 -0.005202 0.043038 -0.080006 0.060559 -0.099795 -0.042954 0.011607 -0.023052 -0.058951 -0.048002
 0.065862 -0.039621 0.012066 0.083448 0.086125 -0.054198 -0.050437 0.061715 0.085970 -0.015226 0.056516 -0.024050 -0.099535 -0.013801 -0.063637 0.062256
 0.042116 0.001798 0.055726 0.004348 -0.010433 0.083038 0.050855 -0.098831 0.089559 0.010438 -0.073619 0.030709 -0.008562 -0.091526 -0.080525 0.051557
 -0.094585 -0.011616 -0.036387 -0.072934 -0.056139 -0.060680 -0.071468 -0.099883 0.086344 0.088241 0.087098 0.019535 -0.088837 -0.051617 -0.048883 0.096523
 0.035107 -0.020533 -0.068588 -0.000797 -0.098190 -0.024181 -0.055456 0.040192 0.060347 0.090195 0.085953 0.098678 -0.030558 0.070618 0.089062 -0.072776
 0.082147 -0.098319 0.087210 0.028862 0.053975 0.071228 -0.069235 0.002763 0.087419 -0.077517 0.017975 0.054496 0.027941 -0.042675 0.059141 -0.083144
 0.032749 -0.081801 -0.064188 -0.086559 -0.096935 0.066363 0.033395 -0.062881 0.074900 -0.048470 -0.023416 -0.061084 -0.050529 0.038217 -0.034976 0.059621
 0.041284 0.065351 0.011187 0.005903 0.030669 0.068184 -0.088604 -0.090333 -0.039878 -0.028659 -0.064965 0.081436 0.030540 0.025770 0.005231 0.026421
 0.071166 0.031164 0.094691 -0.077374 0.058599 0.021191 0.059578 0.040183 0.072315 -0.015788 -0.016353 -0.086744 0.008131 -0.085854 -0.038993 -0.035896
 0.087224 -0.045002 0.035046 0.075673 -0.074006 0.029930 -0.014395 -0.098582 0.097291 0.068052 -0.062553 0.027164 -0.037132 0.098309 0.022222 0.031624
 -0.061097 -0.010396 0.040117 0.039121 -0.088277 -0.086041 0.097425 -0.079882 0.086466 -0.016860 0.046665 0.049902 0.093223 0.021835 0.072037 0.022685
 -0.028018 0.012559 0.088795 -0.007396 -0.040489 0.023823 -0.075329 0.075222 -0.071254 -0.011965 -0.003236 -0.012672 0.064336 -0.099894 0.038021 -0.049130
 0.053287 -0.019705 -0.077519 0.027434 0.023676 0.046573 0.090622 0.087540 0.015073 -0.017953 -0.096779 0.093241 -0.037343 -0.011120 -0.073820 -0.066667
 0.057344 0.062120 -0.062801 -0.058529 -0.018183 -0.023761 -0.071628 0.041181 0.097252 -0.094004 0.007716 0.078558 -0.086340 -0.027479 -0.042804 -0.018777
 0.054581 -0.089086 -0.092658 0.087445 0.051126 0.077357 -0.065962 0.088333 0.031185 0.008758 -0.014666 -0.000397 0.051719 -0.008633 0.087686 0.069520
 0.001860 0.072913 0.060802 0.006419 0.093765 -0.081549 -0.014023 0.030037 -0.000629 0.028672 0.017699 0.082205 0.062458 0.053657 0.063807 -0.047713
 0.038697 -0.038282 0.035886 0.050130 0.038610 0.043687 0.089264 -0.051926 -0.039559 -0.080800 0.015758 -0.072813 0.021500 0.031446 0.093864 -0.089855
 -0.019683 0.041963 0.086973 0.080066 -0.073444 0.000049 -0.008143 0.018738 -0.002913 0.069341 0.057237 0.096958 -0.005177 -0.012261 0.015183 0.011814
 -0.094906 -0.029765 -0.001634 0.046068 -0.020730 -0.070709 0.079407 0.058730 0.045577 0.020443 0.079030 -0.079043 -0.013342 -0.002555 -0.049704 -0.030009
 0.048357 -0.036529 -0.049304 -0.004372 -0.060871 -0.099716 -0.099928 0.084027 0.072768 -0.083166 0.056960 -0.025333 0.045656 -0.005186 0.048460 -0.051214
 0.058299 0.073031 -0.043253 -0.063110 0.061064 0.056925 0.023412 0.073722 -0.014175 -0.043570 0.045204 0.062469 0.068525 -0.061945 0.004396 0.096439
 0.069642 -0.031976 -0.051358 0.010355 0.097426 -0.097759 0.027942 -0.095199 0.055818 0.003772 -0.022073 0.000761 0.020775 -0.048785 -0.085507 0.040345
 0.046539 0.049185 -0.001981 0.020234 0.016068 0.048859 0.047176 0.064587 -0.070050 0.078659 -0.047514 0.064879 -0.017212 -0.087541 0.065432 -0.017943
 0.041361 -0.044970 0.012087 0.079447 -0.074494 -0.046401 -0.051891 -0.089025 -0.008682 -0.095136 -0.061090 -0.093166 -0.063164 0.069687 -0.012950 0.093527
 0.021591 0.039493 -0.069596 0.026398 0.001488 0.096660 0.015129 0.067095 0.048211 -0.084967 -0.054623 0.088215 0.075179 -0.034499 0.001825 0.006345
 0.019699 -0.048863 -0.041036 0.038663 -0.041625 0.038479 0.090794 0.023953 0.097212 0.018896 0.092158 -0.046998 -0.037088 0.053928 0.033681 0.065098
 0.051514 -0.091019 0.000027 0.070431 0.034690 0.018880 -0.065492 0.065592 0.074627 -0.084515 -0.088632 -0.008374 0.050990 0.029686 0.074058 0.021121
 -0.021996 0.022766 -0.050351 0.054078 0.021573 -0.065774 0.029260 -0.064348 0.006947 -0.071056 -0.003058 -0.004582 0.050937 0.054837 0.081954 -0.014913
 0.015330 0.040168 0.024060 0.020244 0.077174 -0.034243 -0.074529 -0.068547 0.084932 0.080658 -0.001410 -0.084231 -0.035174 0.076443 -0.051348 0.063621
 -0.089376 0.013211 0.091775 0.076587 -0.003510 0.088458 0.055518 -0.016625 0.077170 -0.065035 0.014416 0.076883 -0.011218 0.093072 0.088976 -0.063634
 -0.035880 -0.086750 -0.040815 0.032138 0.068635 0.095778 0.030717 -0.035271 0.091078 -0.040394 -0.095167 -0.031422 0.090358 0.091265 -0.048143 -0.078745
 0.035602 -0.074526 0.044919 0.046392 0.006779 -0.026903 -0.068881 0.061338 -0.090250 0.082567 0.042509 -0.031063 0.006817 -0.006892 0.022666 -0.011767
 0.090376 -0.009184 -0.003502 -0.076133 0.074677 -0.069123 -0.026138 0.089361 -0.021387 -0.061216 -0.016699 0.066375 -0.092385 -0.023566 -0.096543 0.081897
 0.005034 0.041885 0.077241 0.006274 -0.070259 0.063914 -0.056840 -0.055648 -0.008167 -0.046597 0.054861 -0.028763 0.078626 -0.000180 0.054944 -0.001190
 0.045992 0.023545 -0.042582 -0.018930 -0.013655 -0.042888 0.064973 0.025334 0.003062 -0.030813 -0.083781 0.052983 0.087623 -0.016445 -0.051095 -0.090706
 -0.014600 0.059845 0.036435 -0.062184 0.063265 0.091262 0.081653 0.030359 0.069163 0.034302 0.035234 0.088997 -0.070680 0.084829 -0.024143 -0.072052
 -0.051686 0.046841 -0.068247 0.044350 -0.033730 -0.079816 0.092923 -0.018665 0.007179 0.067281 0.096743 0.013049 -0.037018 -0.069876 0.060481 -0.017524
 0.029886 0.031007 0.034376 -0.031910 0.018102 0.073621 0.097532 -0.018604 -0.041518 -0.083162 -0.012949 0.027128 -0.022059 -0.085593 -0.090592 -0.084905
 0.081666 0.068093 -0.055137 -0.005603 -0.077155 -0.012668 0.064308 0.040030 -0.037579 0.011459 -0.052695 0.052406 -0.086628 -0.041815 -0.077323 0.064071
 -0.069583 0.037747 -0.030260 0.042380 0.015042 -0.034252 -0.025484 0.044920 -0.056924 0.058541 0.061219 0.070782 -0.035119 -0.022115 -0.043024 -0.033282
 0.027892 -0.035037 0.061184 0.082042 0.073513 -0.007555 0.077624 0.031933 0.065019 -0.024636 0.070079 -0.023790 -0.003449 0.022445 -0.001256 -0.082941
 0.099573 0.062624 -0.000454 0.078462 -0.086313 -0.056115 -0.062048 0.021716 -0.097448 0.024804 0.058888 -0.065197 -0.059606 0.095034 0.087829 0.059358
 0.032343 -0.094694 0.068228 -0.092708 0.030415 -0.046197 0.090064 -0.058461 0.003253 0.042314 0.049130 0.060736 0.089561 -0.045067 -0.068833 0.099557
 0.082597 -0.012184 0.018961 -0.076734 0.097162 -0.026980 -0.060801 0.039357 0.080536 -0.003843 0.067337 -0.077656 -0.099556 -0.029484 -0.016190 0.090939
 -0.007843 0.059580 -0.097646 -0.078976 0.028342 -0.011036 0.037091 -0.024858 -0.024463 0.046963 -0.072496 -0.055243 0.017712 -0.003150 -0.023364 -0.029427
 0.027484 -0.066198 -0.087496 0.061232 -0.066420 -0.053683 0.099776 0.019115 -0.048573 -0.083755 -0.032221 -0.093812 0.051890 -0.060551 0.041245 0.005442
 -0.049963 0.025412 -0.027619 0.066685 0.006869 0.048574 -0.003432 0.059711 -0.087361 -0.001260 -0.029547 -0.040346 0.070471 0.095711 -0.081241 -0.091934
 0.066596 -0.019967 -0.035376 0.079672 -0.069244 0.049744 -0.075209 -0.016802 0.058355 -0.017177 -0.063066 0.026546 -0.087759 -0.053410 0.053619 0.021516
 0.033564 -0.007963 -0.009303 0.092041 0.041621 -0.045803 -0.051806 0.006742 0.090852 -0.011919 0.060419 -0.047845 -0.023475 -0.079763 0.012113 0.049582
 0.029213 0.009423 0.071864 0.055996 0.079511 0.095890 -0.038870 -0.066150 -0.088014 0.093778 0.070366 -0.042368 0.071388 -0.008172 -0.066432 -0.018126
 0.063537 -0.042509 0.034820 -0.042893 -0.068033 -0.030315 0.099712 -0.030865 -0.026375 -0.083557 0.086106 0.095020 -0.065666 0.030209 0.034628 -0.096024
 -0.053523 -0.059948 0.065857 0.067622 -0.074842 -0.046687 -0.071879 -0.079532 -0.097449 -0.090116 -0.012395 0.085111 0.018139 0.079504 0.035066 -0.035250
 0.015903 0.071001 -0.045640 -0.099263 -0.075862 -0.058906 -0.015789 -0.099605 0.075087 0.088266 0.073905 0.023397 -0.030103 -0.082959 -0.009994 0.099987
 -0.029753 -0.025808 0.044809 0.054898 0.057259 -0.003971 -0.076985 0.031633 0.079212 0.064336 -0.049701 0.040873 -0.015379 -0.085511 -0.075083 0.017613
 -0.007628 -0.012434 0.011045 -0.005598 -0.037546 0.015034 -0.017986 0.013243 -0.070871 0.058415 -0.082978 0.000935 0.063744 -0.057840 0.037522 0.017896
 0.050653 0.064121 -0.093339 -0.039096 -0.085239 -0.039338 0.038407 -0.077502 -0.080971 -0.062474 -0.048566 -0.036917 -0.068052 -0.083323 -0.070162 -0.020237
 -0.050316 0.087897 -0.017619 -0.027859 0.045584 -0.069019 -0.025863 0.024314 0.096494 -0.079180 0.077935 -0.064551 -0.000322 -0.002285 0.032860 0.073610
 0.087388 0.006992 0.071391 0.077891 -0.091798 -0.006361 0.044264 -0.030230 -0.025969 0.013713 -0.045620 0.048877 -0.007346 -0.039733 0.069951 0.093874
 0.028444 -0.002871 0.036410 0.023016 -0.027290 0.055759 0.088177 0.000471 0.098314 0.096074 -0.022483 -0.095311 -0.040065 -0.097323 0.088125 -0.053750
 -0.045166 0.084705 0.035127 -0.085379 -0.058443 -0.019710 -0.001567 -0.077802 -0.096126 0.034714 -0.099507 -0.099692 0.031905 -0.046111 0.081254 -0.042408
 -0.016278 -0.084006 0.040728 0.010782 0.066211 0.093958 0.026106 0.012096 -0.093607 0.009331 -0.008577 0.010993 -0.064655 0.077971 0.047492 -0.040595
 0.077239 -0.079405 0.026500 -0.029329 -0.022436 -0.015745 0.095116 -0.090825 0.084367 -0.025063 0.036749 -0.015966 0.092356 -0.087636 -0.024702 -0.013224
 -0.007624 0.016853 -0.029270 -0.000879 0.073179 0.097357 -0.014133 -0.014274 -0.066135 -0.088106 0.078775 0.004289 0.071354 0.005852 -0.036149 -0.055528
 -0.086345 0.093635 0.070880 -0.054830 0.068487 0.019843 0.030122 -0.086985 -0.013353 0.022358 -0.072978 0.008975 0.031218 0.063546 0.061180 0.024080
 0.087025 0.066708 -0.036942 -0.093907 0.038824 0.069249 0.081953 0.097869 -0.077965 0.030362 -0.051283 0.051683 0.048149 -0.067095 -0.090037 -0.031330
 -0.077638 0.025815 0.056745 -0.094413 0.025163 -0.028350 -0.074622 0.037659 0.075049 0.007631 -0.066964 0.056186 -0.088695 -0.003881 0.071149 -0.001907
 0.049100 0.016279 0.058307 -0.036319 0.027783 0.001899 0.023744 0.087921 0.021685 -0.006462 -0.020179 -0.004536 -0.001243 -0.036735 -0.099871 -0.064662
 -0.068339 0.067044 -0.069212 0.067954 -0.098687 0.056362 0.006898 0.027731 -0.048163 -0.001577 0.092856 -0.011911 -0.004927 0.056923 -0.062856 -0.082430
 -0.027412 -0.054755 -0.027299 -0.018284 -0.010085 -0.074831 0.045246 0.069836 -0.046237 0.031308 0.029566 0.048970 -0.013644 0.056191 -0.010789 -0.003438
 -0.038898 -0.082831 0.079682 0.094722 0.056365 -0.060394 -0.084239 -0.069041 0.009145 -0.065941 0.002785 -0.003661 0.001903 -0.000947 0.051455 0.070285
 -0.040955 -0.072673 -0.073848 -0.066077 0.083187 0.011549 0.004352 -0.027509 -0.005106 -0.099809 -0.059513 0.037076 0.088515 -0.093430 -0.025937 -0.054360
 -0.047923 -0.002503 -0.073552 0.054724 -0.027471 -0.008661 -0.044990 0.016056 -0.002909 0.037166 0.070273 -0.048843 -0.057453 0.083104 -0.032770 -0.022615
 -0.063795 0.040733 0.008180 -0.068901 -0.090507 -0.033227 0.092779 0.029794 -0.005761 0.069227 0.039825 -0.013780 -0.043446 -0.060580 0.014789 0.040916
 -0.063561 -0.000090 -0.069331 0.045538 0.068185 0.018513 -0.045622 -0.092291 0.029704 0.000955 0.010543 0.096758 0.074961 0.083095 0.046414 -0.044632
 0.054690 -0.041593 0.003699 -0.081190 -0.077314 -0.061364 -0.040601 0.024132 0.007371 -0.098260 0.080043 0.055476 0.093364 0.006535 0.005918 -0.093851
 -0.011521 -0.025131 -0.046513 -0.038150 -0.040596 0.067731 -0.006693 0.023665 0.048753 0.089112 -0.030855 -0.088738 0.008160 0.033198 0.004336 -0.073351
 0.063609 0.084089 0.039918 -0.039569 0.027913 -0.097573 -0.074264 -0.065373 -0.047720 -0.099084 -0.036812 -0.058496 -0.089806 -0.043816 -0.043793 -0.084878
 0.000125 0.001775 0.032499 -0.079090 -0.041753 -0.056110 0.008463 -0.055448 -0.026399 0.021279 -0.091408 0.057826 -0.008139 -0.080607 0.047559 0.082663
 0.033949 -0.027691 0.065680 -0.077074 0.039773 0.032135 -0.016837 0.071779 0.063796 -0.036214 0.012408 0.011057 -0.070460 0.096229 0.070831 -0.055546
 -0.064990 -0.015545 0.041802 -0.022050 -0.018877 0.047174 -0.099300 0.051968 -0.047793 0.010235 0.056393 -0.064333 0.006542 -0.003059 0.075732 -0.054370
 -0.078015 -0.002123 -0.072941 -0.081654 -0.006418 0.092786 0.095080 -0.029635 0.085769 -0.066380 -0.085580 0.007621 -0.097056 -0.077465 -0.015188 -0.023206
 -0.010627 0.037444 0.099603 -0.044843 -0.081333 0.047190 -0.001666 -0.078740 0.043267 0.003934 -0.027705 -0.072526 -0.028912 -0.064949 -0.055869 -0.072389
 0.066277 0.010910 -0.076138 -0.063349 -0.059976 -0.032839 0.061800 -0.013425 0.035742 -0.082643 -0.094665 0.052557 0.051063 0.076609 -0.093306 0.035638
 -0.058457 0.007659 0.085257 0.039897 0.023176 0.022669 0.017812 0.041241 0.086241 -0.082280 -0.026026 -0.080123 -0.073955 -0.016717 0.013757 -0.069485
 -0.029769 -0.014900 0.001647 -0.071050 -0.051994 0.023801 0.095326 0.003048 0.098219 0.075289 -0.078298 -0.091943 0.038223 -0.083673 0.059907 -0.000742
 0.018797 -0.057373 -0.076203 -0.029072 0.006561 0.017211 -0.000758 0.040155 -0.084922 0.038978 0.090800 0.045521 0.031137 0.000083 -0.014064 0.023922
 0.024046 0.092736 -0.008645 0.086255 0.020340 0.027659 0.012619 -0.086612 -0.026167 -0.062438 -0.043993 -0.072969 0.094377 0.024846 0.020432 -0.060047
 0.044066 0.039104 -0.011122 0.004100 -0.064970 0.050332 0.017030 -0.030741 0.083614 0.006892 0.042944 -0.000107 0.018014 -0.093781 -0.052980 -0.078224
 -0.099113 -0.050930 0.045958 0.091133 0.098715 0.047255 -0.013424 -0.082723 -0.032275 -0.033345 -0.015957 -0.084255 -0.098371 0.063599 0.080209 -0.076415
 -0.035659 -0.036115 -0.040870 0.024018 -0.052155 -0.081801 0.008964 0.012229 0.051936 -0.097499 0.056738 0.001399 0.007415 -0.091020 -0.025314 -0.077732
 0.066804 0.005190 -0.019187 -0.015646 0.007172 0.047918 0.081444 -0.035926 -0.057728 -0.019937 0.006028 -0.060603 0.030498 -0.072272 -0.054072 0.077031
 -0.033748 0.011230 0.016691 -0.054859 0.082665 0.086861 0.049160 -0.092611 -0.005643 0.040114 0.094490 -0.048701 0.031792 0.065411 -0.060625 -0.028458
 -0.010174 -0.049609 0.097652 0.008289 0.072688 0.088240 -0.077231 0.098612 -0.073028 0.028726 -0.013309 0.075886 0.087229 0.054444 0.031291 0.085295
 0.046204 -0.035685 0.040998 0.069619 -0.072486 -0.039068 -0.025149 -0.002658 0.021684 0.051027 -0.077046 -0.059835 0.035428 0.022251 -0.059257 0.050316
 0.039004 -0.079172 -0.046926 0.079057 -0.033620 0.060419 0.027019 0.009590 -0.062816 0.088306 -0.059178 -0.087941 -0.006810 0.018169 0.097599 -0.048657
 0.000232 0.001654 -0.051923 0.086403 0.090387 0.008946 -0.085086 0.083240 0.004724 -0.040322 -0.031709 0.008213 0.079144 -0.073422 0.079999 -0.018910
 0.033520 0.025007 -0.099943 0.049627 -0.076835 -0.069847 -0.066935 -0.039938 -0.039905 0.082068 -0.097702 0.014013 -0.073652 -0.091695 -0.059117 0.006774
 0.059969 0.015468 -0.067771 -0.005794 -0.098676 0.014674 0.092525 0.000436 0.096362 -0.072120 0.094006 0.050748 -0.028468 0.035211 -0.082201 0.068202
 0.051041 0.064523 -0.056330 0.062811 0.063410 -0.018749 0.058487 0.041585 0.079823 -0.054611 -0.028217 -0.019678 0.076865 0.045891 -0.041190 0.063457
 0.077195 0.013464 -0.093216 0.054102 0.066305 -0.000169 0.053450 0.048414 0.058220 -0.000535 0.068920 0.068370 0.058361 -0.061179 0.000931 -0.038707
 -0.082042 0.087147 0.001396 -0.020307 -0.093321 0.016624 0.006007 -0.086732 -0.088855 0.023418 0.062351 0.007041 -0.080037 -0.093202 -0.057992 0.000773
 0.082030 0.024057 -0.054607 0.089330 -0.028018 -0.073737 -0.057962 -0.060551 -0.055590 -0.062881 0.034777 0.044423 0.095404 -0.031231 0.071546 0.017336
 0.061283 0.027917 0.046110 -0.047321 -0.005408 -0.022320 0.005230 0.017323 -0.031846 -0.064385 -0.000513 -0.087135 -0.026464 -0.017338 -0.037482 -0.033662
 0.002695 -0.052898 -0.077894 -0.091559 0.040559 0.043702 -0.083074 0.027788 0.070913 -0.045918 -0.071132 -0.084768 -0.050610 -0.062177 0.062677 0.007846
 0.015629 -0.050679 0.024399 -0.055356 -0.001818 0.046534 0.030625 0.039146 0.022096 0.018337 -0.013312 0.020653 -0.072003 -0.089622 0.059339 -0.082577
 0.055684 0.020617 -0.049209 -0.068497 0.091323 0.074104 -0.007830 0.074755 0.019734 0.005946 -0.035713 0.065046 -0.017587 -0.007554 0.052120 -0.016714
 -0.023529 0.030201 0.045070 0.084022 0.092537 -0.071257 -0.063749 -0.096144 0.071608 0.053807 0.024807 0.035025 0.042649 0.076246 0.004183 -0.015092
 -0.049179 -0.052256 -0.023856 -0.006632 0.000529 0.060452 -0.021815 0.034724 -0.005517 0.050547 -0.038465 0.062986 0.025090 0.030681 0.052511 0.020360
 0.039408 0.043088 0.013511 -0.056282 -0.015296 0.079328 0.096493 0.048009 0.089253 -0.065175 0.018321 0.005675 -0.000216 -0.030690 -0.079894 0.099240
 -0.057656 0.089742 0.084703 -0.059268 0.027666 -0.032963 -0.013877 -0.063771 0.079548 -0.000031 0.099434 0.097099 -0.012979 0.040280 -0.072157 0.020809
 0.094109 0.039948 -0.044056 0.080015 0.016023 -0.069284 -0.035568 0.061494 -0.073145 -0.055811 -0.000695 -0.016703 0.049609 -0.004646 0.052518 -0.086118
 0.063925 -0.040822 -0.031056 -0.051577 -0.027074 -0.087007 -0.008120 0.079298 -0.068777 -0.070886 -0.038911 0.009218 0.006065 0.069163 0.006501 -0.041918
 0.038299 -0.054070 -0.074969 0.059069 0.082858 -0.032444 -0.078352 0.098997 0.011036 0.008918 0.019628 0.080489 -0.067349 -0.079846 0.068989 0.060912
 -0.004198 -0.076435 0.091745 0.094343 0.077047 -0.037213 -0.083713 -0.025557 0.084911 -0.001556 -0.025042 0.042467 -0.061491 0.040886 -0.063290 0.011516
 -0.042866 0.001628 -0.021838 -0.002328 0.060283 0.051084 0.071690 -0.041757 -0.035189 0.036283 0.094341 0.014041 -0.052633 0.014192 -0.013829 -0.075977
 -0.079916 0.073500 0.017637 0.087863 -0.094669 0.031111 -0.053260 0.007444 -0.057702 -0.051265 -0.097278 0.009400 0.000096 0.085990 0.043292 -0.004988
 -0.056927 0.092651 0.090290 -0.067654 0.067633 0.011754 0.011066 -0.028357 0.005341 0.061735 -0.072432 0.083580 0.032136 -0.002005 0.026549 0.096001
 0.043965 0.018813 0.071997 0.060618 -0.081068 -0.031949 0.057842 0.071637 -0.077220 0.007915 0.066488 -0.087127 -0.094315 -0.062798 0.057180 0.073948
 0.056536 0.025018 -0.094960 -0.021504 0.044911 -0.073359 0.008264 -0.018538 -0.071313 -0.063603 -0.041400 0.033454 0.024954 0.054841 0.038817 0.021746
 0.058853 -0.044252 0.028568 0.031265 0.037927 0.015685 0.033202 -0.052324 -0.070597 -0.066194 0.096011 -0.050073 0.087260 -0.009016 -0.056620 -0.089438
 -0.095875 -0.049563 -0.004592 -0.057007 0.045765 0.046526 -0.088003 0.065172 -0.095116 0.018437 0.076709 -0.010461 -0.036127 -0.067314 0.034603 -0.062622
 0.047605 -0.049253 0.053512 0.052863 -0.094147 -0.025373 -0.091892 0.048090 -0.071331 -0.069590 -0.037946 -0.012490 -0.037293 -0.098030 0.052623 0.057660
 -0.048589 0.052650 0.010495 -0.071022 0.053324 0.086155 -0.011290 -0.077531 -0.060862 0.058050 -0.055978 0.035709 0.081651 0.081937 0.021235 -0.094092
 0.033524 -0.026408 -0.033415 0.025344 -0.048503 -0.040500 -0.048822 0.051253 0.085698 -0.058326 0.072506 -0.020638 -0.048242 -0.092884 0.086324 0.041534
 0.050626 0.070038 0.060861 -0.040630 -0.095460 0.067323 -0.015814 -0.011310 0.023069 0.090690 0.038863 0.058185 0.020396 -0.048167 -0.057352 -0.011606
 0.085112 0.064804 0.074296 0.045439 -0.017070 -0.067468 0.063506 -0.017541 0.046603 0.053699 0.000990 -0.059463 0.033897 0.063437 -0.030050 0.045148
 0.008070 -0.006698 -0.031511 0.008499 0.063550 0.074698 -0.083241 0.025163 -0.027109 -0.051886 -0.003774 0.031973 -0.024088 -0.025128 -0.000082 -0.059981
 0.048961 0.000584 -0.036095 0.092781 -0.009369 -0.082344 0.002698 -0.094723 0.015538 0.029571 -0.014087 0.035563 0.075560 0.018109 -0.046322 -0.000966
 -0.065329 0.013250 -0.091843 -0.064915 0.084724 -0.061140 -0.084314 0.081230 -0.026051 -0.000674 -0.098999 0.049868 -0.075974 0.059845 0.015414 -0.098351
 -0.051165 -0.068372 -0.083405 0.054959 0.002325 -0.005105 0.008470 0.087260 0.077070 -0.095020 -0.082241 -0.080086 0.040860 -0.002771 0.050293 -0.070540
 -0.068291 0.072960 -0.013731 -0.014673 -0.080276 0.077223 0.052111 0.053911 0.088749 -0.026805 0.024804 -0.071183 0.023896 -0.034285 -0.091770 -0.036341
 -0.033904 0.036725 -0.064149 -0.031982 0.057077 -0.028428 -0.067842 0.023207 0.012566 0.031832 -0.001242 -0.092152 -0.056736 0.083318 -0.073266 0.064767
 0.092529 0.026673 -0.048427 0.076095 -0.097891 0.023986 0.021862 0.079816 0.018168 -0.091840 0.009863 -0.048146 0.041806 -0.008592 -0.095963 -0.083730
 -0.074282 0.061754 -0.032328 -0.040763 -0.021444 -0.046493 -0.089702 -0.050960 0.056051 0.048319 0.060260 0.012910 -0.068848 -0.034514 0.029948 -0.097391
 -0.072415 -0.024157 -0.068533 0.054778 0.032591 -0.000871 0.097582 -0.004329 -0.094559 -0.059373 -0.033927 0.097334 0.009098 -0.026066 0.027825 0.009541
 0.094943 0.082264 -0.092172 0.023232 -0.085310 0.073628 0.016694 0.002288 0.032198 -0.070747 0.073457 0.035986 0.031193 0.022534 0.079410 0.038006
 -0.053769 0.025323 -0.036514 -0.036898 0.089930 0.077834 -0.078793 0.064163 -0.093027 0.033157 0.016993 -0.092945 -0.063344 0.020895 -0.007050 0.081000
 -0.047719 -0.097170 -0.040728 0.052952 -0.080723 -0.087170 -0.016256 0.086439 -0.092352 -0.009781 0.011176 0.078108 -0.008650 0.033853 0.087587 0.046393
 0.055685 -0.085455 -0.075357 0.098822 0.081659 -0.079829 -0.004531 0.060258 -0.093055 0.095824 -0.029098 -0.002010 -0.099262 -0.073451 -0.050648 -0.036152
 0.096518 0.054829 0.031046 -0.062282 -0.010755 0.043131 0.072117 0.058011 -0.017701 -0.099560 -0.011939 -0.079301 0.035628 0.048266 -0.024801 0.014083
 0.054451 0.034844 -0.023159 -0.079013 0.092458 0.046613 -0.041552 0.006681 -0.029721 0.058883 0.064243 0.026898 -0.004111 -0.061984 -0.063321 0.083745
 0.010115 -0.095077 -0.050909 -0.010880 -0.036603 0.076405 0.041862 -0.051765 -0.015755 0.010528 -0.057243 -0.023226 0.074955 0.010433 0.014324 0.043978
 0.063645 0.024709 0.003371 -0.008341 -0.035112 0.051684 -0.034660 0.003493 -0.048125 -0.053720 0.028329 0.017379 -0.027439 -0.011538 -0.094195 -0.032450
 -0.061097 -0.018178 -0.095445 -0.079148 0.072348 0.006611 -0.002472 0.081365 -0.061094 0.042331 -0.060318 0.007938 -0.089674 -0.086045 -0.038833 0.094689
 -0.049100 -0.094723 0.099213 -0.043181 -0.040307 0.096120 0.026409 0.068709 -0.033041 0.031228 -0.025952 -0.010893 -0.092776 0.037157 0.077576 -0.028958
 -0.073229 0.098542 -0.027410 -0.024970 0.081324 0.055467 -0.092789 0.048097 0.099358 -0.025010 0.033854 0.083095 0.079207 0.028696 -0.053803 0.065093
 -0.056383 0.064456 -0.054266 -0.082026 0.094027 0.013105 0.064788 -0.028252 -0.029760 -0.099191 -0.056810 -0.020464 -0.078502 -0.098385 -0.093089 -0.003842
 0.034709 -0.067652 -0.020952 -0.025344 -0.040160 0.067573 0.045647 0.047066 0.059739 0.057565 0.086520 -0.011901 -0.056298 -0.067038 -0.045712 -0.003815
 -0.095752 0.083878 0.079733 0.066958 0.075868 0.039631 -0.094047 -0.096681 0.011694 -0.078190 -0.032630 -0.022366 -0.037915 0.005324 -0.044602 -0.034090
 0.074652 -0.065100 0.043264 -0.031152 0.013246 0.061778 -0.066704 -0.075921 -0.048803 0.015829 0.084120 0.077446 -0.057587 0.085409 0.071591 -0.063679
 -0.092603 -0.021770 -0.035858 0.077810 0.045426 -0.016306 0.046106 -0.043970 0.062936 -0.001762 0.021183 0.071313 0.053346 -0.016236 0.093294 -0.038620
 -0.088144 0.087225 0.012487 -0.075476 -0.041937 -0.059336 -0.045474 -0.048082 0.011846 0.020182 -0.051323 -0.088378 0.055227 -0.064249 -0.093939 -0.090362
 0.035207 -0.049030 0.042944 0.082860 -0.079059 -0.065112 0.060206 -0.053642 -0.032175 -0.092630 0.062765 -0.019663 0.099593 0.073473 -0.014763 0.044784
 -0.009316 -0.027902 0.030861 0.056608 0.064031 0.076322 0.012300 -0.001182 -0.044990 -0.074796 -0.039081 -0.016528 0.004479 -0.081768 -0.055104 -0.069898
 -0.024770 -0.022610 -0.031071 0.040750 0.020725 0.096387 -0.058633 -0.080528 0.075868 -0.062824 -0.089609 -0.087796 0.062936 -0.097871 0.032046 0.016343
 0.052484 -0.044331 -0.087789 0.017911 -0.063087 0.084727 0.027743 0.068942 -0.061140 0.033132 -0.025335 0.030330 -0.084104 -0.054766 -0.065757 0.065817
 -0.085831 -0.004594 -0.026582 0.093485 -0.024663 0.093800 -0.013017 0.094169 0.083168 0.009718 0.035625 0.019951 0.035936 0.031391 -0.068970 -0.064557
 0.097543 0.060687 -0.001695 -0.089307 -0.060664 -0.096394 -0.020950 -0.009819 -0.005720 0.002975 0.084683 0.032787 -0.054387 -0.077977 -0.050809 -0.066035
 -0.006770 0.005533 -0.029719 -0.042375 -0.069304 0.043945 0.042249 0.051370 -0.007257 -0.007542 0.012586 0.067307 -0.000528 0.046325 -0.032585 -0.065056
 -0.041870 -0.075967 0.089921 -0.016761 -0.049704 0.057814 0.024126 -0.060845 -0.005563 0.063782 -0.053587 0.080523 0.078022 0.091143 -0.059126 -0.064235
 0.063572 -0.028953 0.006141 0.008988 -0.041457 -0.088596 0.064602 -0.092013 0.069035 -0.016066 0.035147 0.063125 -0.081997 -0.063697 -0.029396 -0.002596
 0.093199 -0.072836 0.095767 -0.043174 -0.075717 -0.052213 0.024644 0.079294 -0.087654 -0.058715 -0.099040 0.084067 0.098601 0.030074 -0.079559 0.086230
 -0.064244 -0.074405 -0.060614 0.045924 0.044793 0.029568 0.035266 -0.063637 0.061219 0.019544 -0.040561 -0.040629 -0.085950 0.056065 0.058322 0.045780
 0.064300 0.094191 -0.000597 0.014858 -0.048365 0.065122 -0.042599 0.044163 0.067515 0.038845 -0.016965 0.077424 0.026647 -0.039459 0.086691 -0.032544
 0.059008 -0.018704 -0.003531 0.007230 0.065157 -0.039073 -0.056161 0.028433 0.054716 -0.033662 -0.020063 -0.095277 0.076109 0.024391 -0.063280 -0.060412
 -0.044909 -0.020671 -0.059599 0.089029 -0.027328 0.076755 -0.049581 0.071923 -0.097249 0.023449 -0.002209 -0.010054 -0.043568 0.067622 -0.075545 -0.055675
 -0.059352 0.043500 0.095174 0.001282 -0.000944 0.090997 0.061001 -0.061560 0.015651 0.030845 -0.007098 -0.041387 0.001117 0.037538 -0.036326 -0.023774
 -0.082378 0.005022 0.052917 0.040581 -0.069351 0.029468 0.088334 0.008316 0.015838 0.087377 -0.071929 -0.075219 0.098511 -0.044757 0.069319 0.063502
 0.066932 0.010064 -0.091113 0.001811 -0.050073 0.020248 0.029641 0.005546 0.052932 0.063637 0.008394 -0.041326 0.095044 0.088874 -0.055928 0.039753
 -0.080821 0.054078 0.002050 0.091915 0.005945 -0.016836 0.040183 0.052258 0.093580 -0.018588 -0.085673 -0.045436 0.008668 -0.028973 0.094887 0.007670
 -0.033494 0.035373 -0.055007 0.059407 -0.073902 -0.033629 -0.024502 -0.080010 0.044195 -0.045449 0.036344 -0.092516 -0.008715 0.081047 0.002743 -0.076044
 0.067932 -0.048758 0.041138 0.036683 -0.068863 0.044524 0.095164 0.016683 0.059165 -0.098781 0.080198 0.032518 0.077016 -0.068694 -0.031329 -0.013453
 -0.005629 0.075619 0.027851 -0.001062 -0.070839 0.064891 -0.050598 -0.033873 0.091629 -0.059528 -0.001126 -0.070592 0.032938 0.053337 0.064311 0.011797
 -0.048489 0.022596 -0.079284 -0.062272 0.045769 0.078322 -0.013958 0.052212 -0.075312 -0.041122 0.010920 -0.090048 -0.006854 0.048409 -0.040907 0.021009
 0.086364 0.091649 -0.037494 0.054042 -0.033243 -0.098089 -0.041137 -0.097690 -0.076326 0.076770 -0.070121 -0.010456 0.019695 0.005589 -0.020124 0.037303
 0.009852 0.068699 0.004199 0.095973 0.018430 -0.010151 0.013208 -0.066213 -0.055181 0.066891 -0.092122 0.018601 0.086637 -0.086860 -0.031781 0.052246
 -0.007895 0.089618 -0.061859 0.096088 0.094145 0.001724 0.054121 0.000641 0.008891 -0.076818 -0.071485 -0.004200 -0.053796 -0.085626 0.055618 -0.054899
 0.071271 0.034141 -0.075201 0.066987 0.036633 -0.093471 0.044873 -0.053786 -0.058695 0.006294 0.096581 0.032938 0.007762 0.087899 0.076547 0.054008
 0.009235 -0.053942 0.009486 0.002012 -0.003253 0.027410 -0.065916 0.080932 -0.087254 0.092847 0.001669 0.021157 0.040209 -0.047944 -0.070527 0.097039
 0.061671 -0.012029 0.073282 -0.065294 -0.009186 -0.042313 -0.082926 0.019278 0.069352 -0.093894 -0.070211 -0.021612 -0.021215 0.092177 -0.066911 -0.074849
 -0.064251 0.024852 0.033486 -0.032289 -0.087397 -0.077910 -0.091656 0.094615 0.013812 -0.048709 -0.076828 0.082706 0.068037 0.025063 0.033664 -0.057046
 -0.031373 0.005253 0.012483 0.009830 -0.028603 0.097391 0.035908 -0.093087 0.070911 0.099270 -0.000830 -0.041687 0.001859 0.021623 0.031451 -0.069939
 0.053049 -0.051006 0.072992 -0.093942 -0.096488 0.064683 -0.067506 0.035171 -0.046885 -0.013912 0.065318 0.097612 0.099692 -0.086432 0.014968 -0.056812
 0.097401 -0.059669 0.059449 0.066782 -0.031581 -0.081074 -0.060947 0.053540 -0.074255 0.090638 0.002111 -0.021703 -0.018080 0.080173 -0.086402 0.061990
 -0.061829 -0.075465 0.049776 0.058074 0.079683 0.077480 0.078633 0.096372 0.000253 -0.090594 0.004745 -0.061704 -0.091305 0.005162 0.071322 0.073575
 -0.041317 0.080064 -0.098057 0.069148 -0.085080 0.007111 0.045925 0.096925 -0.068100 -0.068751 0.006364 0.026801 0.093674 0.050551 -0.080774 -0.059690
 -0.086538 0.024163 0.066447 -0.072131 -0.069047 -0.060982 0.021907 -0.008369 0.073290 -0.068117 0.013377 -0.048351 -0.023933 0.043366 0.059698 -0.024200
 0.078418 0.094802 -0.036102 -0.052692 0.026480 0.049781 0.083386 -0.031417 -0.019080 -0.000848 -0.018723 -0.099269 0.093754 -0.088432 -0.060571 0.065713
 0.031234 0.091044 0.038175 -0.048145 -0.011166 0.094202 -0.090988 -0.057349 -0.010501 0.023249 -0.019273 -0.075208 0.025343 -0.036620 -0.004405 -0.063984
 0.081412 -0.083954 0.076258 0.049366 0.039285 -0.013624 -0.004599 -0.091718 0.093157 -0.074253 -0.010150 -0.062556 -0.092456 0.073822 0.093443 0.001162
 0.030164 -0.002220 0.023875 -0.029433 0.030469 -0.010579 0.047122 0.007341 -0.025232 0.004818 -0.058489 -0.075350 0.070290 -0.098561 0.082990 -0.009217
 0.017007 -0.038502 -0.072085 0.090685 0.031276 0.098247 0.040971 0.081990 -0.093551 0.001841 0.034045 0.068433 0.011446 -0.036442 0.093312 0.077786
 -0.075155 -0.041679 0.070071 -0.055397 0.072551 0.057132 -0.086794 -0.057902 -0.073617 0.048372 0.097098 0.042759 0.064887 0.023761 0.017115 -0.014386
 -0.025880 0.097637 0.004549 0.045652 -0.052708 0.058935 0.014555 -0.007621 -0.001795 0.031961 -0.035008 0.035635 0.067228 -0.009048 -0.046759 0.024022
 -0.030626 -0.076118 0.011680 0.028910 -0.023710 -0.008635 0.080286 -0.035496 0.097020 0.059951 0.030371 0.003287 0.069307 -0.023670 0.014471 0.046378
 0.027281 -0.018092 0.075444 0.083514 0.003033 0.052659 0.032949 0.065959 -0.010994 0.004045 -0.000646 -0.079222 -0.086399 -0.082846 0.036652 -0.053995
 -0.029536 -0.078359 -0.088061 -0.006752 0.075097 0.072815 0.018047 0.070325 -0.069175 0.091769 -0.040097 0.003390 0.046445 -0.095978 0.077541 -0.068668
 -0.059252 0.066723 0.019087 -0.026760 -0.089291 -0.046997 0.013939 0.036576 0.007468 -0.033713 0.081738 -0.011274 -0.011092 0.026457 0.020100 0.047726
 -0.094122 0.002231 0.041505 -0.076745 -0.008425 0.049714 -0.035594 -0.039591 0.074080 -0.075667 0.098709 -0.046659 0.079825 0.073682 -0.052217 0.073240
 0.042423 0.089562 0.026462 -0.076108 0.070217 0.041108 -0.090379 -0.018573 0.073297 0.031103 -0.072502 0.068916 -0.051998 -0.018632 0.056391 -0.054676
 -0.067118 0.009724 -0.008834 -0.002000 -0.078852 0.005484 0.064590 0.071807 0.041794 0.012197 -0.081896 -0.034527 -0.031706 0.027540 0.082699 -0.037638
 0.014583 -0.018452 0.033525 -0.032086 0.025409 -0.067007 -0.001281 -0.081742 0.011367 -0.008192 0.077844 -0.096503 0.097073 0.090884 -0.001427 -0.012369
 -0.078718 -0.020947 -0.017821 0.019652 -0.027158 -0.062991 0.043209 -0.056411 -0.063428 0.097121 0.031634 0.099390 -0.086776 -0.032151 0.017573 0.053148
 -0.000133 -0.029388 -0.096397 0.094862 -0.087679 -0.056891 0.004715 0.073651 0.040499 0.055248 0.024154 -0.096935 -0.037353 -0.050969 0.093404 -0.007399
 -0.062514 -0.084245 0.007401 -0.059591 0.000669 0.073218 -0.017613 -0.056656 0.082632 -0.096391 -0.033235 0.084422 -0.016037 -0.051617 -0.086975 -0.064510
 -0.093541 0.097059 -0.005067 0.070195 0.009647 0.059577 0.061872 -0.045482 0.088730 -0.072607 0.000630 -0.036955 0.039286 0.038023 -0.079788 -0.084008
 -0.084728 0.075909 -0.025153 0.055271 0.081688 -0.089176 -0.099347 0.029133 -0.027033 -0.058493 -0.055625 0.074246 -0.015812 0.057069 0.007136 0.065540
 0.031297 0.062229 -0.065845 0.069101 0.015167 0.085134 -0.094569 0.081675 0.077045 0.030618 -0.083028 -0.098797 -0.058428 0.099457 0.065352 0.052790
 -0.007788 0.035483 0.058715 0.020698 0.064268 0.086202 0.026167 -0.030806 0.074560 0.010147 -0.021441 -0.004332 -0.093283 -0.079689 -0.008186 -0.060163
 0.066555 0.007550 0.067302 -0.042065 0.008529 0.073876 0.061953 -0.048077 0.021622 0.050436 -0.085919 0.029251 0.095422 -0.041877 0.012936 0.075114
 0.031179 0.092119 -0.007593 -0.055824 -0.075914 -0.074574 -0.045543 0.078030 -0.076391 0.033046 -0.020853 0.067734 0.039127 -0.047525 -0.051896 -0.099602
 0.076453 0.072985 -0.006395 0.099681 -0.048683 0.045434 -0.007682 -0.092640 0.087753 0.076887 0.011168 0.075333 -0.022485 0.063613 0.088907 -0.085178
 0.009952 -0.076360 -0.096374 0.078891 -0.012657 0.063145 -0.040720 -0.038030 0.066913 -0.067244 0.097028 -0.091988 0.064052 -0.043441 0.029517 0.072633
 0.057570 -0.011757 -0.039171 0.088866 -0.037052 0.032154 0.009552 -0.011863 0.000597 0.049474 -0.091768 -0.016855 -0.019085 0.052875 0.022312 -0.051776
 -0.069634 0.078873 -0.023791 0.058967 0.076253 -0.056468 0.029306 0.052428 -0.060996 0.097162 -0.099707 -0.074356 -0.036531 -0.007637 -0.026051 -0.024314
 0.003614 0.075694 0.055611 0.052610 0.015125 -0.069852 0.036477 0.004833 -0.070678 0.084794 -0.050441 -0.015781 0.084907 -0.014003 0.066863 0.076284
 0.038378 -0.022008 0.053076 -0.019180 -0.083222 0.029688 0.071008 0.086533 -0.016111 0.084899 -0.005496 -0.085956 0.019040 0.003000 -0.081213 -0.011221
 0.000661 -0.003910 -0.065774 -0.000813 -0.050642 -0.005895 -0.015148 0.030763 0.088259 0.064831 -0.093345 0.060311 0.014521 -0.010806 0.081877 -0.084845
 -0.057222 0.089639 0.004235 -0.018016 0.042022 0.052502 -0.062126 -0.087920 0.009818 0.091253 0.099358 0.078678 0.085369 -0.001961 0.052408 0.089769
 0.061044 0.048207 0.096244 0.031623 -0.033486 -0.063401 -0.006480 0.032768 -0.090642 0.080491 0.026429 0.006648 0.087332 0.011206 -0.091373 0.064064
 0.024177 -0.030377 0.081157 -0.054989 0.026748 0.057695 0.086219 -0.089107 0.083682 -0.066158 0.073041 0.035391 0.067983 0.023284 0.002611 -0.067059
 0.096200 -0.040977 0.025101 0.037158 0.078908 -0.066695 -0.050730 0.065328 0.012335 -0.094778 0.004967 0.088906 0.029455 -0.023746 -0.059749 -0.054477
 0.048761 0.091773 0.047579 -0.020541 0.033379 0.062277 0.066960 -0.015840 0.020499 -0.043731 -0.023074 -0.068186 0.056536 0.088644 -0.087881 -0.060373
 0.050474 -0.055215 0.050401 0.079164 0.081519 -0.096106 -0.002073 0.079836 0.032159 0.066267 0.014717 0.036422 0.012410 0.094633 0.060346 0.053514
 0.046577 -0.044297 0.022850 0.063641 0.080674 -0.059974 -0.008259 0.033933 0.083754 0.054350 0.070565 0.099777 0.027967 0.080998 -0.099605 -0.030440
 -0.054026 -0.014176 -0.017357 -0.035051 0.085523 -0.085924 -0.075749 0.052562 0.080902 -0.063787 0.048882 0.062552 0.084250 0.099300 0.099109 0.065741
 0.060764 -0.058207 0.062060 0.025942 0.022834 0.012868 -0.016908 -0.010557 -0.084961 -0.078667 -0.071844 -0.047788 -0.071409 -0.064163 -0.021164 0.047430
 -0.011709 0.072162 0.053168 -0.018989 -0.044081 -0.056890 -0.042649 0.043306 -0.094407 0.015436 -0.072677 -0.019300 -0.019893 0.062049 -0.070035 0.080902
 0.026466 -0.013791 0.057450 0.069448 -0.061136 -0.078190 -0.050169 0.012730 0.032517 0.077861 0.079623 0.089596 -0.061742 -0.099657 0.003537 -0.033269
 0.012280 -0.039464 -0.080240 -0.057716 -0.024143 0.062184 0.045909 -0.041084 -0.097446 -0.048544 -0.038045 0.011365 -0.023103 -0.094826 0.021741 0.071141
 -0.002284 -0.008159 -0.030530 0.062264 0.068674 0.087773 -0.002701 -0.098962 -0.098922 -0.023200 -0.006090 -0.099132 0.092085 -0.077092 0.008006 -0.041415
 0.040804 0.016543 -0.026828 -0.004958 -0.005170 -0.010530 -0.063819 0.090828 -0.066885 0.044852 0.053860 0.031069 0.071528 -0.029845 0.013131 0.067347
 0.030079 -0.079489 0.070464 -0.063913 -0.093873 -0.002351 0.084267 -0.060794 0.093618 0.083883 -0.021743 -0.038027 0.007111 0.023611 -0.080488 0.046272
 0.045315 -0.075189 0.085353 -0.019773 0.087293 -0.019647 0.012501 0.088104 -0.050697 -0.065476 -0.093872 -0.075248 0.060363 0.007565 -0.094853 -0.090486
 0.048722 0.019553 0.029452 0.097850 -0.024190 -0.042478 0.075460 -0.012356 -0.044403 -0.085430 -0.020288 -0.038060 -0.029913 -0.060060 -0.038588 0.010790
 0.000527 -0.039818 -0.055781 0.090185 -0.041964 -0.036907 -0.020580 -0.064517 -0.074457 -0.002437 -0.092094 0.055812 0.085238 0.057971 0.021764 0.052426
 0.085764 0.069280 0.004352 -0.030629 0.059224 -0.014680 -0.068374 0.040706 0.042692 -0.001805 -0.078913 -0.088633 -0.095138 0.043149 0.075805 0.088202
 0.035341 0.037774 -0.028731 0.071942 0.027323 -0.053947 0.096190 -0.047459 0.047868 -0.095682 -0.015557 -0.092130 -0.019348 -0.091549 0.055786 -0.046458
 -0.092029 -0.073607 -0.093189 0.042446 0.083152 0.008703 -0.042331 0.049900 -0.051550 -0.066877 -0.075602 0.034794 -0.028431 -0.015221 -0.024622 0.051785
 0.017327 0.047550 -0.058955 -0.031911 -0.081043 0.052190 -0.089991 -0.018672 0.011514 0.078241 0.078099 0.052224 0.020283 -0.082173 0.090905 0.008523
 -0.086640 -0.028241 -0.060591 -0.088374 -0.076860 -0.092545 0.092582 -0.094570 0.008595 0.015013 -0.096783 -0.023008 -0.005072 -0.009538 0.082159 0.017233
 -0.054152 -0.086156 0.081692 0.013858 0.014662 -0.034945 -0.091767 0.097691 0.098797 0.054200 0.096166 0.065042 0.059168 0.074312 -0.093141 0.061120
 -0.053139 -0.007614 0.004125 0.083526 0.009691 -0.029761 0.068629 0.091487 0.032859 0.090467 -0.091080 0.065007 0.046570 0.056898 0.002333 0.079048
 0.057654 -0.041924 0.045827 0.090847 -0.069287 -0.096224 0.088242 -0.040282 0.004357 0.045739 0.073549 -0.041337 0.081679 -0.003362 -0.052646 -0.041676
 -0.035341 -0.094594 -0.085184 0.092832 -0.028180 0.063450 -0.015791 0.055896 0.003767 -0.049470 0.031695 0.009224 -0.040317 -0.025953 -0.069911 -0.024423
 -0.006764 -0.048307 0.023272 0.038535 -0.051543 0.021938 -0.051405 -0.065123 -0.092615 -0.063971 -0.014533 -0.044502 0.007822 0.091357 0.087753 -0.020894
 -0.081015 -0.074827 -0.075570 -0.096854 0.050370 -0.090368 0.051294 -0.079759 -0.045563 -0.047200 0.071642 0.054224 -0.040288 -0.033777 0.047843 -0.076150
 0.013194 -0.076338 0.056759 -0.085103 0.003795 0.012684 -0.070432 0.082268 0.028218 -0.015279 -0.055341 -0.086958 0.032163 0.000889 -0.092176 0.041436
 -0.053648 0.052178 -0.057061 0.099150 -0.069405 0.001925 0.065594 0.089548 -0.004341 0.001229 0.016723 0.033707 -0.058295 0.043566 0.022810 -0.054945
 0.019591 -0.069721 0.015074 -0.007317 0.069897 0.006728 -0.015829 0.021319 -0.094890 0.076019 0.067244 -0.042674 -0.054312 0.058247 0.073864 -0.056663
 0.042951 0.041082 -0.082282 -0.048673 0.043824 -0.086253 -0.091789 0.033961 -0.049409 0.089865 0.080266 -0.043988 0.011107 -0.095431 -0.098191 -0.069737
 0.075170 -0.017410 -0.050605 -0.039103 -0.012279 -0.018114 -0.009358 0.001858 -0.052486 -0.009355 -0.046590 0.059674 -0.052106 0.096143 0.010195 -0.059243
 0.025460 0.001418 0.063924 -0.015259 -0.075084 0.039418 0.089596 0.023818 -0.048724 -0.006226 -0.001634 -0.035596 0.039694 -0.027762 0.012439 -0.076796
 -0.000151 0.040244 0.047361 0.078620 0.053650 0.065845 0.000180 -0.060802 -0.026563 -0.050620 -0.008098 0.044992 0.076393 -0.001706 -0.054278 -0.048652
 0.060375 -0.055517 0.056666 0.000735 -0.038116 -0.053902 0.020948 -0.020559 0.078424 -0.035342 -0.097774 0.070048 -0.052336 -0.043115 -0.056540 0.052067
 -0.087983 0.065555 -0.030923 0.010203 -0.055666 0.035892 0.045281 -0.020473 -0.025341 -0.029161 0.089488 -0.073552 0.042971 -0.010823 -0.031051 -0.074278
 -0.098312 0.058550 0.040826 0.034763 0.054806 0.035140 -0.061221 -0.029215 -0.035017 0.089505 0.062313 -0.015103 0.052448 0.048709 -0.090965 0.073284
 0.053885 -0.081520 0.079369 -0.062450 -0.019306 -0.006079 -0.035874 -0.083619 0.021744 -0.044052 0.045861 0.066373 0.089354 0.016301 0.007275 0.014548
 -0.085924 0.020815 -0.057789 0.017255 -0.079258 0.093646 0.016867 -0.010483 0.011975 0.082557 -0.079825 0.089413 -0.062909 0.095229 -0.050787 0.019517
 -0.053221 0.062575 0.072881 0.073047 0.031018 -0.082000 -0.030633 -0.053999 -0.060657 0.003489 -0.038771 -0.098370 -0.093374 0.008351 0.032233 -0.031691
 -0.097056 -0.086124 0.072044 -0.044928 -0.082335 0.025524 -0.030660 0.012573 -0.026163 -0.038938 0.055199 0.054058 0.086048 0.015514 -0.083008 -0.069444
 -0.056213 0.088821 0.017936 -0.051103 0.007613 -0.076202 0.083935 -0.089376 -0.075710 0.020130 0.033186 0.091870 0.019990 0.068659 -0.086603 0.035581
 -0.047348 -0.090860 -0.099213 -0.052100 0.034702 -0.018628 0.089010 0.015676 -0.042652 -0.075540 -0.094201 0.090964 0.077877 -0.064487 -0.046883 -0.084528
 -0.039323 -0.099375 0.031987 0.039915 -0.010782 0.002489 0.078235 0.023405 -0.040442 -0.087627 0.033463 -0.045176 0.094356 -0.000754 0.073473 0.015155
 -0.007339 -0.070570 0.060453 0.016086 -0.086995 -0.058441 0.035229 0.080545 0.081987 0.079169 0.010404 -0.038717 0.097632 0.020655 0.023156 -0.019235
 -0.031042 0.075617 0.092496 0.045493 0.015185 0.097792 -0.070960 -0.053587 0.007495 -0.098114 -0.063154 -0.065558 0.067609 -0.066464 -0.005843 0.076111
 0.090658 0.028261 -0.007160 0.085414 0.041016 -0.090050 -0.079365 -0.092304 -0.092928 0.042909 0.021713 0.005415 0.093669 -0.016077 -0.047251 0.035261
 0.062860 0.088081 -0.001466 -0.061448 0.006725 -0.074062 -0.069698 -0.049605 0.020211 -0.073523 0.083399 0.033579 0.046494 -0.045676 -0.015596 -0.041806
 0.002916 0.022708 0.010844 0.034788 0.015860 0.066595 0.054107 0.015454 -0.011487 0.038635 -0.019551 -0.009662 0.032261 0.050339 -0.013429 0.041727
 -0.041100 -0.020479 0.000668 -0.032243 -0.042663 -0.072049 0.026087 0.050265 -0.032539 0.005456 0.078166 0.050952 0.008382 -0.062404 -0.000056 -0.097726
 -0.094623 -0.061909 -0.011000 0.021608 -0.028903 0.052057 -0.049994 0.002428 -0.047923 0.032880 0.051462 -0.044054 -0.033670 -0.084121 -0.089318 0.079643
 -0.009737 0.021770 -0.018804 -0.010083 -0.076054 0.037829 0.093144 0.026152 -0.086445 0.080651 -0.051480 -0.056962 0.032963 0.082199 -0.086309 0.099667
 -0.063164 -0.089988 0.042209 -0.035624 -0.084734 -0.094827 -0.079064 -0.063299 -0.031475 -0.077244 -0.006125 -0.055947 -0.097117 0.019729 0.029972 0.090044
 0.093639 -0.045803 -0.032741 0.058538 0.042659 0.068631 -0.000048 -0.051021 0.003044 0.079776 -0.072298 -0.059775 -0.085058 -0.069244 -0.073836 -0.033879
 -0.056357 -0.072513 -0.082891 0.002916 -0.033038 0.051607 -0.037301 0.075212 -0.086339 0.096098 -0.084516 0.045921 0.086644 0.024602 0.010502 -0.004687
 0.076019 0.090017 0.011066 0.014062 0.034044 0.093723 0.032027 -0.003955 -0.097749 0.032296 0.062940 0.083163 0.081747 0.095618 -0.006384 0.019750
 -0.095357 0.054644 0.014770 -0.001080 -0.051318 -0.024490 -0.021863 -0.069667 0.037488 0.030576 0.071769 0.004015 0.093605 -0.052948 0.042760 -0.039628
 0.057570 0.083547 0.087288 -0.054533 -0.091755 0.028982 -0.057956 -0.037548 0.076839 -0.063410 0.038264 0.053113 -0.000096 0.033163 -0.045625 -0.025290
 -0.096454 0.029022 0.032547 0.059136 -0.093193 -0.068893 0.073470 -0.080325 0.028322 -0.079437 -0.005370 0.054727 0.017314 0.000309 -0.042653 0.036809
 0.049857 -0.035110 -0.094498 0.035955 -0.024101 -0.092182 0.053207 -0.031234 0.047501 0.093728 -0.026283 0.032057 0.004846 -0.024622 -0.098780 -0.017957
 0.052565 0.013707 0.064699 0.002091 -0.061560 -0.019226 0.065165 0.017033 0.049127 -0.035234 -0.047720 0.079238 0.078285 -0.060916 -0.044614 -0.051920
 -0.048741 -0.016244 0.090484 -0.050900 0.004683 -0.065636 -0.045438 -0.097235 0.030137 -0.007425 -0.078472 -0.071846 0.084946 -0.012325 0.025877 0.082278
 0.011762 0.053725 -0.045131 0.013059 0.057790 -0.037861 -0.044060 0.000531 0.021334 0.001131 -0.032271 0.074908 -0.049720 0.051035 0.021266 0.050093
 -0.026371 0.064615 0.095885 -0.045949 -0.049426 0.087741 0.058400 -0.056861 0.060148 0.069068 0.069935 -0.067538 0.008122 0.077892 0.078351 -0.089145
 -0.050393 -0.013492 0.057768 -0.061241 -0.070692 -0.008146 -0.037283 -0.094807 -0.064483 -0.068191 0.031197 0.017325 0.093948 0.088100 0.061797 0.070771
 -0.007020 -0.001907 -0.044078 -0.019326 -0.091858 0.005384 0.000882 -0.018639 -0.042233 -0.068384 -0.040710 -0.007697 -0.076450 -0.047421 0.006867 0.093154
 0.095112 -0.070084 0.020349 0.085906 -0.069244 -0.026768 0.077112 -0.056040 0.080327 0.032944 0.039228 -0.067125 -0.022917 -0.078475 0.093065 0.037567
 0.021831 0.053423 -0.069897 -0.008118 0.024701 0.047819 -0.036120 -0.011133 -0.043837 0.043304 -0.097511 0.078106 -0.056383 -0.004245 0.012460 0.042797
 0.045489 0.095345 -0.069169 -0.033618 -0.050219 -0.048128 0.063241 0.071656 -0.095675 -0.073825 0.058958 -0.040057 0.001478 0.015693 -0.031196 0.087819
 0.032204 0.043440 -0.027469 0.040798 -0.084745 0.090598 0.071676 -0.058117 0.071233 -0.032919 -0.065710 -0.087472 0.055662 -0.094981 -0.048583 -0.098462
 -0.089114 -0.099128 0.049689 -0.094750 0.041829 0.072374 0.081400 -0.032354 0.039975 0.036931 -0.081157 -0.081937 -0.086015 -0.077994 -0.005657 -0.025664
 0.001351 0.046430 0.095383 0.077953 0.057216 -0.031656 -0.032574 0.024406 0.097445 0.038545 -0.026354 -0.067330 -0.084671 0.038430 0.037281 0.092237
 -0.099601 -0.061352 0.050900 -0.034107 -0.077972 0.014552 -0.097450 0.004861 0.096668 -0.071484 -0.050205 0.062910 0.016519 0.045065 0.021838 -0.068514
 -0.087066 -0.012911 -0.084941 -0.083766 0.035372 -0.046639 -0.095361 -0.082817 -0.056544 0.033154 -0.048105 0.086189 0.041743 0.000418 0.069542 0.050316
 0.099981 0.092928 -0.002473 -0.097187 -0.042825 0.022645 -0.043200 0.055085 0.065095 0.045202 0.063574 0.018285 -0.082201 -0.043858 -0.071916 0.073253
 -0.044029 -0.034353 0.022823 -0.086663 -0.001905 -0.078112 -0.024784 -0.040186 -0.071019 0.017769 0.071701 -0.085584 0.043521 -0.010685 0.053917 -0.015589
 0.024218 0.073275 0.035043 -0.084825 -0.012932 -0.081901 0.020066 -0.081014 -0.058260 0.022972 0.038776 -0.045414 0.038691 0.035610 -0.094314 0.057260
 0.032243 0.002021 0.089840 0.020577 0.091917 0.040463 0.031156 0.056073 -0.083960 -0.062863 -0.070159 -0.008435 -0.006055 0.045783 -0.099929 -0.054385
 0.055016 -0.001339 0.027613 -0.082141 0.029025 -0.092120 -0.013651 0.096890 -0.038427 -0.065909 0.034592 -0.093271 0.037081 -0.067978 -0.004960 0.025421
 -0.069679 -0.047653 0.012907 0.038451 0.057532 0.025381 0.088518 -0.098445 0.060384 -0.072979 -0.002739 -0.051567 0.070241 0.054012 -0.099575 -0.043046
 0.075079 0.015317 -0.092926 0.049736 0.053552 0.013007 -0.023724 0.021496 0.047340 -0.065940 0.029387 -0.073506 -0.063250 0.050737 0.012260 -0.092292
 0.089139 0.032882 -0.073646 0.084118 0.041883 -0.029993 -0.051017 0.070154 -0.095911 0.086304 0.074445 0.001417 -0.010554 -0.060832 -0.010679 -0.060754
 0.024371 0.051123 0.014700 0.078925 0.096571 0.050135 -0.013968 0.053846 0.068051 -0.055826 -0.068158 0.081299 0.076741 -0.058457 0.090358 0.092194
 -0.044629 0.065733 0.009543 -0.095760 -0.064741 0.096775 -0.079178 0.017388 0.039944 -0.050547 0.068460 -0.025780 0.004679 -0.083120 -0.046582 -0.030346
 0.064271 -0.095219 0.036521 -0.022570 0.079063 0.041996 -0.013956 -0.039890 0.025660 -0.065166 0.076604 -0.069034 -0.088841 -0.099357 0.024271 0.072833
 -0.054189 0.099224 -0.045215 0.076540 0.085704 0.069034 -0.010083 0.076746 -0.053463 0.013947 0.067565 0.054451 -0.063812 -0.029538 -0.064575 0.038505
 0.026240 0.074896 -0.018191 -0.015188 -0.086619 -0.092138 -0.055496 -0.097530 -0.061815 -0.071732 0.048930 -0.074232 0.066572 -0.068442 -0.046988 -0.077572
 0.052299 0.085394 0.062455 0.026120 -0.095706 0.006201 0.031582 -0.071082 -0.054148 0.008953 0.060741 -0.072696 0.097937 -0.005337 0.049622 -0.071531
 0.073191 -0.053756 0.022581 -0.039777 0.038259 -0.061623 -0.090879 0.008079 0.013955 -0.099808 0.072276 -0.032869 -0.068241 0.098767 0.077473 0.094722
 -0.047721 0.084680 -0.048612 -0.051248 0.089056 0.083532 0.059462 0.063624 -0.064456 0.033859 0.095249 0.007003 0.007022 -0.052309 0.009905 0.072534
 -0.082953 -0.067239 -0.091132 -0.087818 0.044418 -0.071162 -0.023703 0.040865 0.063946 -0.032601 0.031320 0.087324 -0.000610 -0.057135 -0.025895 0.097776
 0.068910 -0.019480 0.052111 -0.059648 -0.014032 -0.018918 -0.038127 0.028822 -0.014921 -0.085895 -0.093806 0.057440 -0.061881 -0.063553 -0.008284 0.011484
 -0.052814 -0.048015 -0.008661 -0.014152 -0.063310 -0.079979 -0.094230 0.028981 -0.055001 -0.092459 0.043170 0.076503 0.082353 0.017735 -0.034126 -0.024597
 -0.009607 0.069688 -0.029600 0.075466 -0.094587 -0.052438 -0.022243 -0.052816 -0.017283 0.010127 0.038658 -0.030649 0.024115 -0.029819 0.098157 -0.011732
 0.041666 -0.049176 0.060983 0.031344 -0.041726 0.037388 0.005116 0.036349 -0.013875 -0.079670 0.067106 0.038961 0.029382 0.073358 -0.031061 -0.045944
 -0.070635 0.086745 -0.089760 0.072197 0.090987 -0.008667 0.061127 0.088760 0.056901 -0.091686 0.070191 0.050700 -0.051044 -0.051377 0.033052 0.052769
 0.041754 -0.002522 0.057924 -0.045910 0.078645 -0.067493 -0.047209 0.061690 0.026855 -0.080955 0.059376 0.095913 -0.077464 -0.060560 -0.031043 0.034538
 0.037197 -0.078137 -0.094783 -0.085955 -0.005308 -0.072136 -0.019978 0.038559 -0.034944 0.034728 0.016976 -0.012137 -0.071298 0.026148 -0.088801 -0.033999
 -0.010895 -0.040684 -0.023335 0.036819 0.094877 -0.019624 -0.051845 -0.067528 0.008810 0.026053 -0.050361 -0.072165 0.058520 0.035271 0.001928 0.043290
 0.004050 -0.011896 -0.082310 0.040374 -0.084404 -0.090601 0.001994 0.023053 -0.067461 0.029003 -0.099615 -0.063535 -0.082235 -0.074493 -0.097957 0.002650
 0.068387 -0.083723 0.033219 0.019193 0.040085 -0.012905 0.084736 0.069596 -0.056357 -0.084489 0.058760 0.039784 0.078029 -0.020623 -0.003109 -0.009674
 -0.041156 0.063207 0.084623 -0.009225 -0.018175 -0.050948 -0.085912 -0.094837 0.080373 0.002249 -0.051908 -0.034286 0.091823 0.095264 0.035550 -0.052074
 0.064029 -0.081410 -0.078428 -0.055905 -0.093159 -0.085596 0.051947 -0.046480 -0.073595 -0.082461 -0.013699 -0.073819 0.035873 -0.099968 -0.042046 0.012766
 -0.048628 0.063678 -0.070171 -0.085316 -0.038492 -0.085229 -0.063692 0.099540 -0.066212 0.064034 0.023412 -0.054251 -0.079938 0.025682 0.062906 0.086766
 0.097759 -0.004933 0.080835 0.032992 -0.065084 -0.011267 -0.086866 0.022143 0.047735 -0.043626 -0.077637 0.039682 0.030781 0.005832 0.099569 0.018879
 0.009340 -0.002972 0.006199 -0.086396 0.005225 0.042364 -0.059753 -0.022593 0.044030 0.010482 0.041215 -0.007259 -0.024467 -0.074139 0.091181 -0.065520
 -0.031256 0.056962 0.049577 -0.023314 0.044585 0.081846 0.008348 -0.026793 0.097656 0.019240 -0.028876 -0.043629 -0.075896 -0.062382 0.084023 0.075428
 0.018808 0.074652 0.041099 -0.007956 0.099930 0.067064 0.011006 -0.041760 -0.033874 0.010044 0.045903 0.021637 0.058277 0.013934 -0.048806 -0.087172
 -0.002326 0.015541 0.005921 -0.083154 -0.033783 -0.015167 -0.092422 -0.012806 0.064153 0.099613 -0.041795 0.081616 0.021382 -0.051977 -0.052547 0.029138
 0.095988 -0.097994 -0.036696 -0.040686 0.028808 0.087299 -0.071471 0.093777 0.009573 -0.050278 -0.019862 0.091576 -0.080952 -0.073222 -0.070814 -0.047151
 0.018862 -0.055876 0.067379 -0.020380 -0.096897 0.082378 -0.076358 -0.028776 -0.035685 0.037849 0.096555 -0.065561 -0.003429 0.029665 0.026992 -0.057997
 -0.036543 0.085022 -0.077834 0.006983 0.014730 0.009139 0.008936 0.023505 -0.066315 -0.071004 0.038947 0.000318 -0.001268 0.084017 0.001587 0.036309
 0.074679 -0.055960 0.026559 -0.047873 -0.004071 0.091089 -0.076821 -0.001212 0.080927 0.030276 0.051588 0.065932 -0.038511 -0.080202 0.031105 0.065751
 -0.046548 -0.047582 0.013474 0.091365 -0.011945 -0.043606 0.079532 0.070418 -0.038905 -0.019932 -0.021241 -0.083232 0.029095 0.069005 0.050005 -0.037707
 -0.087282 -0.008869 0.000081 -0.088756 0.022842 0.017662 -0.051835 -0.014973 0.077325 -0.066152 -0.070773 0.014169 -0.096974 -0.022704 0.033289 0.023106
 -0.056594 -0.067625 -0.083473 0.094205 0.069496 -0.013808 0.030455 -0.078207 -0.062007 -0.012598 0.095294 0.084072 -0.022522 0.085687 0.092533 -0.041130
 -0.086740 0.034433 -0.008653 -0.085964 -0.071505 0.090302 -0.021447 0.096320 0.082764 0.081756 0.083092 -0.055883 0.046666 -0.077929 -0.047339 0.007370
 -0.035955 -0.090903 -0.084503 -0.077683 -0.061860 0.070356 0.073226 -0.059386 0.026231 0.050200 0.069977 0.051253 0.008485 -0.052143 -0.025683 -0.055215
 0.017929 -0.026333 -0.053238 -0.009037 -0.027370 -0.056329 0.080753 0.076618 -0.086416 0.093334 -0.030127 -0.036325 -0.095214 -0.040521 -0.066279 0.015418
 -0.096060 -0.034276 -0.080738 -0.028896 0.007903 -0.029122 0.050925 0.018190 0.028449 -0.055589 -0.089798 -0.029393 -0.044903 -0.092689 0.031737 -0.025164
 0.039553 -0.014658 -0.052089 0.018309 0.067691 -0.007930 0.096329 -0.054136 -0.092033 0.075044 0.069423 -0.017473 -0.027115 0.099635 -0.028298 0.086022
 -0.021809 -0.023210 -0.006013 0.002781 -0.037860 0.087553 0.065251 0.084196 0.082694 -0.086704 -0.026663 0.070416 -0.024180 -0.066418 0.035438 -0.004261
 -0.057464 -0.008122 0.059557 0.041852 -0.070078 0.080887 -0.026228 0.075008 -0.053074 -0.054385 -0.082108 -0.077922 0.063657 0.047945 0.042160 0.051133
 0.024473 0.091849 -0.031329 0.066596 -0.075399 0.027295 -0.022592 0.004632 -0.061854 -0.044254 -0.064460 -0.097689 -0.097927 -0.021663 -0.038400 0.082361
 0.070776 -0.033984 0.007286 -0.012985 -0.037375 -0.073283 -0.099448 0.073100 -0.074748 -0.010361 0.023980 0.011029 0.084527 -0.042373 0.029392 0.073946
 0.032668 0.003378 0.008184 0.095136 -0.053051 0.061140 0.003014 -0.063846 0.025967 -0.088803 -0.004652 -0.030579 -0.035678 -0.041307 0.029359 0.007280
 0.048901 0.046554 -0.003560 0.086496 -0.033835 -0.011487 0.093870 0.085457 0.023762 0.068952 0.069212 0.011122 0.038497 0.053184 0.046176 -0.069149
 -0.006316 0.000078 0.004029 0.027058 -0.020591 0.003013 0.075629 -0.012071 0.097556 -0.013182 -0.028757 -0.066661 0.074098 0.053948 -0.065245 -0.046857
 0.011007 0.074209 0.020979 -0.085245 0.034812 -0.079532 0.022488 0.001735 -0.040931 -0.056699 -0.004845 0.068737 -0.077580 0.014684 0.059830 0.044828
 0.092604 0.081553 0.049432 0.022257 -0.073777 -0.032444 -0.065210 -0.010370 -0.034969 -0.072488 0.012169 0.008521 -0.014280 -0.011382 -0.082631 0.041095
 0.082611 0.030585 0.057021 0.011043 0.062844 0.076443 -0.069447 -0.016516 0.083827 0.099594 0.011435 -0.053255 0.077379 -0.006837 -0.085624 0.064953
 -0.004747 -0.066844 0.036100 -0.003114 -0.020152 -0.003843 0.086187 0.041300 0.054802 0.052854 0.090670 0.017784 -0.061716 -0.063205 0.071818 0.022157
 0.065624 0.008642 0.044710 -0.017054 -0.052212 0.063003 -0.018889 -0.060568 -0.020650 0.079057 -0.068089 -0.093322 0.074092 -0.059300 0.091614 0.085557
 -0.022152 0.097995 0.012381 -0.056294 0.069046 -0.053338 0.087442 0.025030 -0.081320 -0.032699 -0.015233 0.009813 -0.076656 -0.078404 0.093927 0.050611
 0.031308 -0.023482 -0.083752 0.047946 -0.076439 -0.037122 -0.020602 -0.000322 0.003057 0.033791 -0.002324 -0.037243 -0.005851 -0.064562 0.093877 0.089567
 0.030494 0.068173 0.048714 -0.043113 0.004962 -0.002112 0.004654 0.013932 -0.093515 0.040768 -0.048708 0.010647 0.022834 0.048724 0.084053 -0.048537
 -0.058115 -0.057394 -0.064928 -0.077203 -0.004615 -0.065730 0.035783 0.065182 -0.034559 0.067505 -0.089252 -0.014027 -0.084601 -0.094255 0.043309 -0.028464
 0.095198 0.054028 -0.084190 -0.047951 0.098107 0.078272 0.097094 -0.018870 0.040543 0.090055 -0.001001 0.000898 -0.069819 -0.006114 0.020093 -0.074075
 -0.035341 -0.017437 -0.002462 0.029493 -0.057070 -0.042936 -0.027920 0.033693 -0.005591 -0.030725 -0.008715 0.012639 0.071391 -0.076962 0.024155 -0.032059
 -0.037138 -0.020799 -0.034027 0.077315 -0.045390 0.015860 -0.040349 0.000435 0.065439 -0.025780 -0.039864 -0.010974 0.069646 0.046958 -0.051967 -0.009315
 0.088394 -0.070063 -0.061576 -0.080176 0.014110 -0.093764 0.094820 -0.051334 0.023816 -0.067583 -0.053578 -0.038296 0.047146 -0.010476 -0.009202 0.052007
 0.079874 -0.083539 -0.088696 0.011484 0.082915 -0.049621 0.034584 -0.095910 -0.026178 0.087036 0.098508 0.002980 -0.039926 0.038448 0.053621 -0.038306
 0.074238 0.058586 -0.011344 0.044762 0.005400 -0.067587 0.045490 -0.050942 0.004817 -0.066244 -0.080784 -0.069516 0.077813 -0.082318 0.081687 0.031074
 0.036706 -0.060584 -0.072225 -0.042472 -0.075103 0.088304 -0.069184 -0.035889 0.008881 0.001972 -0.048274 0.056363 0.073276 0.067720 0.061342 0.031759
 0.084003 -0.014396 -0.016543 0.079203 -0.014120 0.058770 0.022641 0.001442 -0.020717 -0.026877 0.094818 -0.056449 0.006279 0.015875 0.049829 -0.052226
 -0.044631 -0.043381 0.046318 0.024351 0.052856 0.097906 -0.062519 0.035674 0.062288 0.090613 0.041444 -0.033206 -0.026043 0.056053 -0.004242 -0.019204
 -0.079362 0.026799 -0.074671 -0.086170 0.041441 -0.035127 0.092221 -0.056019 0.000345 0.060399 0.068685 0.035523 0.027877 -0.058368 0.070313 0.043810
 -0.040149 0.061911 -0.056397 -0.032087 0.020246 0.022790 0.064562 0.031335 0.050741 0.002616 0.083633 -0.061403 0.016384 -0.011527 0.007542 -0.075825
 0.096962 -0.066388 0.020679 -0.072325 -0.075234 0.003259 0.001806 0.096441 0.096276 0.048140 -0.056169 0.015533 0.023957 0.055831 0.047819 0.043162
 -0.017854 0.051188 -0.075578 -0.076122 0.078987 0.011682 -0.074578 0.015615 -0.040171 -0.061325 0.038788 0.013538 0.072732 -0.072066 -0.088179 0.023007
 0.005869 0.045268 -0.098962 -0.014916 -0.088665 0.001879 -0.082970 -0.058177 0.036080 0.098785 0.081826 -0.044526 0.087576 0.015861 0.047570 0.081481
 -0.074404 0.090349 0.050949 0.085812 0.079304 -0.094295 0.005914 0.030085 0.041410 -0.016591 -0.078230 -0.041171 -0.038361 0.051459 -0.013552 -0.067408
 -0.057067 -0.070578 -0.038345 -0.045530 0.032034 -0.095632 -0.051212 0.044666 -0.010069 0.071776 0.058258 0.035671 -0.036284 -0.060364 -0.021782 -0.080110
 -0.034992 0.015832 0.058658 -0.054261 -0.072299 -0.003820 -0.086111 -0.086849 0.041269 -0.032602 0.092818 -0.097490 -0.070597 0.004109 0.050888 0.095478
 -0.087600 -0.064330 0.021969 -0.003157 -0.087926 0.025977 -0.054110 0.052443 0.032989 0.020704 0.055776 -0.020090 0.012307 -0.031651 0.095810 0.019201
 0.017607 0.078672 -0.086207 0.092528 0.067561 0.083298 0.017225 -0.049336 -0.065925 0.080811 0.094943 0.028228 -0.016034 0.071993 -0.034938 -0.090915
 -0.039547 0.018838 0.081951 -0.051937 -0.095123 0.070507 -0.088579 0.090036 0.083559 -0.036950 0.033610 0.077141 -0.044335 -0.077288 0.062432 0.022594
 0.068197 -0.074176 -0.029697 -0.044371 -0.094010 0.023012 0.045727 -0.020120 -0.003589 -0.040729 0.062278 -0.097753 0.066834 0.036994 0.004882 -0.003713
 0.050597 -0.055472 0.074063 -0.054513 0.098708 -0.004333 0.060853 -0.094890 -0.042459 -0.043361 0.040422 0.008452 0.070582 -0.015337 -0.000942 -0.031284
 0.006656 -0.006366 0.005445 -0.083857 0.093399 0.020433 -0.048531 -0.009809 -0.012128 0.037189 0.003040 -0.036160 0.043777 0.067317 0.098590 -0.081992
 0.069871 -0.024924 -0.091517 -0.038892 -0.035283 -0.022098 -0.036123 0.046577 -0.098681 -0.072877 0.052040 -0.031342 0.022299 0.043553 0.070692 0.018414
 -0.094989 0.023655 -0.065285 -0.030020 -0.083272 0.034738 -0.031259 0.002039 -0.087960 0.093537 0.054062 0.017099 0.009938 0.072662 -0.023930 0.054983
 0.025663 -0.057389 -0.024641 -0.033939 -0.037253 -0.081189 -0.015991 -0.003018 -0.039842 0.018885 0.062789 0.047501 -0.085631 0.060259 -0.000829 -0.093815
 0.010780 -0.082361 0.041735 0.028858 0.000172 0.087991 -0.037629 -0.066656 -0.071093 0.077231 0.034474 0.021397 0.008083 0.004517 -0.020695 -0.089786
 0.002864 0.081613 0.052651 -0.029482 0.024986 0.025372 0.013098 -0.019884 -0.015038 -0.010588 0.023664 0.054372 -0.076278 0.063098 0.010017 -0.038817
 0.043533 0.027035 -0.063682 -0.029053 0.022775 0.049221 0.054080 0.047082 -0.087172 0.009819 -0.050064 -0.087759 -0.045837 -0.084178 -0.020337 0.011751
 0.060566 0.045699 0.005325 -0.025902 0.082026 -0.031555 -0.070461 -0.045789 -0.037213 0.086641 0.067161 0.032015 0.034288 -0.056622 -0.096171 -0.031256
 -0.035793 -0.000948 -0.008901 0.001109 0.095711 -0.082204 0.086839 -0.011671 -0.046017 -0.056946 0.013914 0.056911 -0.077163 -0.042005 -0.090583 -0.008978
 0.001225 0.016402 -0.061824 -0.002535 -0.091497 0.012573 -0.009058 0.011767 0.097412 -0.042158 0.050322 -0.044945 -0.088998 -0.051226 0.096830 -0.079205
 -0.096349 0.013505 0.054420 0.051600 0.062042 -0.061412 0.016706 -0.062817 0.089588 -0.041398 0.003010 0.032992 0.093862 -0.038917 0.003282 -0.096229
 -0.088040 -0.065326 -0.091988 -0.013975 -0.099050 0.042834 0.052731 0.001906 -0.019108 -0.052945 0.036691 -0.034902 -0.051121 0.048632 0.059290 0.084047
 -0.080792 0.059015 -0.057731 -0.048445 -0.048419 0.027543 0.032677 0.004047 0.069644 -0.045163 0.092771 0.049663 0.034269 -0.048557 -0.080524 0.091665
 -0.045828 -0.046842 0.056517 0.012590 0.063966 -0.043788 -0.062928 -0.039044 -0.079486 -0.007553 0.078547 -0.000771 0.068628 0.024799 0.052922 -0.004085
 0.028160 -0.031122 0.015994 -0.021840 0.024089 0.077841 0.066284 -0.003363 -0.037944 0.001305 -0.083056 -0.062396 0.008384 0.068275 -0.007719 -0.090938
 -0.038335 -0.092303 -0.055715 -0.037135 0.027350 0.006760 -0.096320 0.067238 -0.083861 0.025961 0.040774 0.057685 -0.062317 0.010130 -0.046642 0.048885
 0.074859 0.065966 -0.070456 0.026177 0.079456 -0.037684 -0.009105 0.021338 0.001227 0.041808 -0.064874 0.077172 0.014139 -0.058866 0.045539 -0.027194
 0.053091 0.014806 0.043104 -0.075249 0.041295 0.031219 -0.072310 0.031007 0.099782 -0.087233 0.028100 0.075049 -0.099609 -0.049768 0.031149 -0.036838
 -0.060192 0.087083 -0.000421 0.095444 0.008853 0.014056 0.044585 -0.012424 -0.089359 -0.032015 0.079079 0.065480 -0.064071 0.082322 -0.027937 0.015482
 0.055990 0.047335 0.010992 -0.037015 0.028272 -0.079364 -0.075597 -0.055600 -0.057146 -0.012201 0.019340 -0.016079 0.050191 0.049481 -0.050754 -0.059312
 -0.073101 -0.073456 -0.063120 -0.020007 0.028557 -0.059384 0.003124 0.043831 0.049086 0.038600 0.019186 0.081254 0.038336 0.016972 -0.004133 0.081680
 0.065597 -0.078344 -0.039808 0.018581 0.035166 -0.000250 0.043431 0.028986 0.006552 0.003939 0.005162 0.046235 -0.074118 -0.040246 0.091092 0.038476
 -0.078939 0.026821 0.056246 -0.031716 -0.004747 0.036323 0.019558 0.034565 -0.049581 -0.049446 0.045157 0.065322 0.093886 0.097420 0.055808 -0.097138
 0.065729 0.057344 0.003930 -0.091731 -0.048565 -0.029426 -0.034141 0.031309 0.081724 -0.020907 -0.078836 -0.088628 -0.008265 -0.043693 0.007242 -0.065417
 -0.000629 0.091217 0.029211 0.002996 0.058146 -0.048363 -0.052085 0.046479 0.069457 -0.037432 -0.031483 0.094849 0.089686 0.003028 -0.005765 -0.029421
 -0.000901 0.054389 -0.087210 -0.059690 0.097021 0.093900 -0.099841 0.003901 -0.031309 0.021311 -0.026026 0.054022 -0.058105 0.023705 -0.014890 -0.085686
 -0.053564 0.089396 -0.086430 -0.021242 0.091947 0.043970 -0.096295 -0.047242 -0.075050 -0.064390 0.079259 0.042963 -0.016017 -0.008803 -0.014791 0.033985
 -0.026351 0.045026 0.012162 -0.046767 0.036542 -0.032248 0.007097 0.030159 0.075888 0.060362 -0.055046 0.042300 0.091712 -0.082882 -0.029427 -0.013316
 -0.042449 0.064804 0.090107 0.078238 -0.013450 -0.074071 -0.078857 0.061500 -0.073397 0.056913 0.079946 -0.007527 -0.031359 0.074616 -0.089839 0.007008
 -0.007492 -0.023801 -0.014022 0.032332 -0.023107 -0.091362 0.001877 -0.007339 0.060628 -0.018343 0.056535 -0.044257 0.039722 0.079533 -0.044607 0.014524
 -0.001491 -0.097057 0.029975 -0.083959 0.066301 -0.086294 -0.056819 0.001922 -0.046541 -0.042164 -0.062421 0.045861 -0.015701 -0.035699 -0.034162 -0.014612
 0.066567 0.077990 0.097633 -0.081847 0.070231 0.005365 0.056826 0.027627 -0.081425 0.081675 -0.061416 -0.057002 -0.024940 0.016758 -0.097092 -0.037773
 0.051661 -0.077226 0.066620 -0.042002 0.097949 -0.066915 -0.061854 -0.044629 -0.039268 0.061370 -0.012718 0.009818 0.057811 0.098041 0.085938 0.096064
 0.056513 0.039465 0.040156 0.068662 -0.029099 0.044648 -0.089347 -0.087368 0.033625 0.013064 0.032652 -0.080484 -0.099157 0.049294 -0.057092 -0.008298
 -0.090122 -0.080102 -0.063708 0.050191 0.026112 0.086425 0.071610 -0.042624 -0.011462 -0.010066 -0.000070 0.058586 -0.052806 -0.002498 -0.028836 0.097570
 0.003560 -0.032612 -0.009410 -0.088567 -0.011363 0.061157 0.016491 -0.098967 0.029201 -0.047799 0.045670 -0.089482 0.000297 0.021523 0.079323 0.018277
 0.012365 0.057001 -0.097132 -0.017666 0.070282 0.029318 -0.092034 0.019607 -0.077535 -0.084699 0.095159 0.062666 -0.048709 -0.068653 0.088372 0.017913
 0.053471 0.013022 -0.037967 0.084974 -0.058316 -0.075310 -0.036623 -0.003155 0.006803 -0.018699 0.007836 0.073140 0.083223 -0.058272 -0.074264 -0.016262
 -0.095760 0.050613 0.029324 -0.069579 0.089791 -0.028808 -0.027915 -0.054197 0.044609 0.041579 -0.002298 -0.064659 -0.080980 0.060865 0.051810 -0.038035
 -0.056169 -0.033094 -0.091189 -0.021173 0.083129 -0.046682 -0.024481 0.021212 -0.000395 -0.095881 0.032937 -0.074655 0.005374 -0.036234 -0.015423 -0.078094
 -0.003709 0.084559 -0.091698 0.010207 0.051185 0.078209 0.035053 -0.006050 0.091154 0.003916 -0.022146 0.082096 0.060385 0.042211 0.017858 -0.039979
 0.098053 0.037827 0.044262 0.008908 -0.086494 0.000252 -0.050763 0.083755 0.097726 0.051243 -0.034113 0.042601 -0.047278 -0.086933 0.062601 -0.002997
 -0.008697 0.080835 -0.018800 -0.058511 0.009989 -0.012379 0.019779 -0.022526 -0.044678 0.061496 -0.029130 0.017514 -0.053778 0.040430 -0.073412 0.091961
 0.020248 -0.065888 -0.024773 0.017054 0.032845 0.001376 0.020943 0.022506 -0.084813 -0.084088 0.091661 -0.074140 0.070457 -0.066432 0.025653 -0.016532
 -0.019737 0.040493 0.067784 0.080719 -0.022795 -0.062816 -0.083350 -0.089587 -0.021266 0.082071 0.033381 -0.071663 -0.070449 0.042719 -0.063576 0.035837
 -0.061469 -0.020728 -0.056748 0.006995 0.015257 -0.022553 -0.081336 -0.014318 -0.023449 -0.028042 0.094676 -0.099358 -0.070350 -0.030717 0.001039 0.012877
 -0.034215 0.012293 -0.030080 0.069966 -0.034917 -0.038877 -0.038059 0.079500 -0.030316 0.080255 0.028970 -0.038488 0.047017 -0.043996 0.068926 0.068165
 0.071979 0.021347 -0.038240 0.059215 0.040708 0.036446 -0.001740 0.023570 0.047353 -0.010322 0.021823 -0.052220 0.031956 0.046380 0.043741 -0.052985
 0.046441 0.098855 0.063322 0.002756 0.002639 0.072723 -0.005559 -0.057172 0.061106 0.065362 -0.080882 -0.046706 -0.034265 -0.023645 0.084683 -0.083004
 0.048531 -0.034133 0.065695 0.053628 0.026261 0.053347 0.032875 0.005733 0.014566 -0.078241 -0.014121 -0.060148 -0.052365 0.032478 -0.037644 0.082549
 -0.065713 0.000044 0.017807 -0.008503 0.000938 -0.093102 0.004922 -0.047818 -0.050079 0.046095 0.060179 -0.081815 0.090925 -0.022329 0.053089 -0.031343
 0.063180 -0.073662 0.021188 -0.052911 -0.038810 -0.018710 0.015592 0.027431 -0.057035 -0.074656 -0.052598 -0.080045 0.085843 -0.025701 0.010663 0.098629
 -0.022359 -0.063173 -0.068194 0.056964 0.049729 -0.005156 0.020394 -0.053533 0.061345 -0.029679 -0.038996 0.014779 -0.094172 0.072915 -0.023572 0.092585
 -0.092650 0.086803 0.027125 -0.076985 0.051440 0.032381 0.017290 0.080529 -0.086653 0.072089 -0.000997 0.064292 -0.007916 0.063913 0.004714 0.044892
 0.051045 0.097965 0.060600 0.078154 0.091928 0.046764 0.008451 0.005965 -0.007753 0.012770 -0.036323 -0.089848 -0.095732 -0.092991 0.063934 0.086629
 0.057628 -0.074596 0.058897 0.068076 0.013647 -0.090720 -0.091376 0.091055 0.040846 -0.021419 -0.015444 0.092862 0.055744 -0.069971 0.072585 -0.014743
 -0.016300 0.048383 -0.067144 -0.031482 -0.070074 -0.028201 -0.083877 -0.088795 0.031597 -0.029456 0.017656 -0.068443 -0.057876 0.099037 0.012382 -0.014479
 -0.077713 0.065093 0.020324 -0.047707 0.074530 0.032181 -0.076395 0.055818 -0.072255 -0.046329 0.072020 0.084266 0.033681 0.039724 -0.042937 -0.064170
 -0.048042 0.022639 -0.020269 0.086639 0.066312 -0.019221 -0.041849 -0.068076 -0.094462 -0.070735 0.012459 -0.037874 0.012300 -0.087139 0.030401 -0.080992
 0.052168 0.043431 -0.023359 -0.025978 -0.082034 -0.060839 0.089452 0.032405 -0.007635 0.022077 0.022779 0.082905 0.033032 0.038319 0.021825 0.053335
 0.067947 0.030571 -0.064497 0.088727 0.009142 0.008523 0.034811 -0.003932 -0.088090 0.003251 0.087092 -0.096466 0.079935 0.024210 -0.065726 0.094166
 -0.095785 -0.095554 -0.022829 0.055024 0.032912 0.037187 0.084714 0.041039 -0.025305 0.067673 0.093070 -0.040726 -0.021627 -0.068141 -0.072736 0.017770
 0.001179 -0.084298 0.018600 0.096495 -0.048793 -0.021004 -0.057317 -0.093226 -0.084184 -0.060300 -0.095982 0.051070 -0.015794 -0.048107 -0.014895 -0.033486
 0.074869 0.078001 0.068219 -0.057762 0.017435 -0.071382 0.088956 -0.028475 -0.081105 -0.088667 0.087023 0.017104 0.039483 -0.022628 -0.074720 0.029264
 0.048342 -0.041357 0.054988 0.026798 0.017479 0.078847 -0.033429 -0.021068 -0.034268 0.027570 -0.053392 -0.091465 0.025220 -0.053684 0.035089 0.055219
 -0.008147 -0.050738 0.048999 -0.084788 -0.021368 0.094859 0.091623 0.059296 0.021880 -0.089465 -0.057827 0.001565 0.084970 -0.049869 0.012935 -0.003804
 -0.059769 -0.035505 -0.018911 0.073195 -0.034650 -0.079574 0.079306 -0.011161 0.083181 0.055895 -0.096604 -0.072338 0.017635 0.040776 0.004333 0.057733
 0.079839 -0.049345 0.010353 0.012912 -0.088158 -0.082085 0.006690 0.091120 0.004030 -0.060624 -0.017420 -0.070223 0.077880 0.072738 0.044813 -0.012801
 0.016000 0.052324 0.002737 -0.099383 0.074291 -0.011848 0.012577 -0.016371 0.081750 0.079036 -0.051824 -0.027549 -0.055558 -0.063897 0.058747 0.057903
 0.018566 -0.070443 0.002557 0.017308 0.085353 0.033032 -0.057378 0.050023 0.008674 -0.092652 0.075590 0.068389 0.088329 0.059980 0.084578 -0.055761
 0.015250 0.033235 -0.090823 0.093183 -0.043409 -0.072692 -0.065716 0.056359 -0.087390 0.029418 -0.001914 0.034346 -0.051965 -0.006718 -0.014915 -0.009449
 0.014498 0.024532 -0.084560 -0.011570 0.027140 -0.089652 0.091672 -0.013273 -0.053620 -0.021045 -0.004860 -0.031622 0.047425 0.072386 0.039801 -0.018324
 -0.008026 -0.078493 -0.043188 0.095297 0.034553 -0.095578 -0.066752 -0.036057 0.061969 0.070317 0.042480 0.005362 0.084812 0.078689 0.060939 0.056764
 0.046848 -0.078122 0.082364 0.092902 0.015202 0.062691 -0.051383 0.098046 -0.091993 0.039792 -0.065559 -0.042573 -0.072506 0.086030 0.000567 0.021250
 0.073463 -0.028357 -0.023340 0.076944 0.058396 0.063763 -0.057532 -0.063305 0.013754 0.022965 0.098309 -0.094737 -0.068094 0.032872 -0.039476 -0.090579
 0.005629 0.000680 -0.000451 0.047805 -0.085030 -0.064809 0.046266 -0.073680 -0.038784 -0.057591 0.019611 -0.075952 -0.061827 -0.039916 0.064127 0.081848
 -0.013821 0.083325 0.069858 -0.053926 -0.024542 0.095873 -0.078178 -0.048624 0.052904 -0.014407 0.030960 -0.078179 -0.067444 -0.054444 0.087792 0.011748
 0.060558 -0.009836 0.004127 0.027224 0.098083 0.036811 -0.045375 -0.035150 -0.092850 0.095055 -0.071952 -0.011906 -0.060609 -0.037360 -0.025690 -0.016766
 -0.004839 -0.043862 -0.082020 -0.023782 0.043653 -0.079092 -0.013477 -0.088947 0.069179 -0.040975 0.032400 -0.010500 0.038326 0.053741 0.079932 0.030341
 0.022076 -0.064910 -0.003906 0.073710 0.043666 0.027291 0.099965 -0.055558 0.004624 0.030350 0.077702 -0.016912 -0.085566 0.000881 0.098324 -0.028011
 -0.093845 0.023831 0.013984 -0.029853 -0.057627 -0.004283 -0.011508 -0.045653 -0.050521 -0.079319 0.034676 0.089278 -0.065662 -0.031257 0.081064 0.076621
 -0.036277 -0.011837 0.052217 -0.045474 0.060115 0.003922 -0.042391 -0.001563 0.074872 -0.030706 0.091120 -0.077433 0.094706 -0.025462 -0.077145 -0.096685
 0.090762 -0.026441 -0.088940 -0.099055 0.099277 0.055620 0.041746 0.016291 -0.056767 0.005871 -0.086679 -0.036164 -0.047993 0.027317 -0.082324 0.005506
 0.066391 0.092359 0.016908 -0.001459 0.028428 0.034156 -0.052127 0.017373 -0.039673 0.064295 0.051786 -0.063092 0.015132 -0.000948 0.058661 0.092151
 0.088757 0.017975 0.038579 -0.078751 0.091424 -0.069288 0.005121 -0.065733 0.042477 0.076508 -0.092463 -0.024429 0.096105 0.084278 0.039738 -0.079220
 0.017516 0.046314 -0.069320 0.052159 0.098780 0.091672 0.054174 0.075322 -0.091179 -0.057893 0.032737 -0.014743 -0.052129 0.012738 0.041789 0.066225
 0.004093 0.070382 -0.012048 -0.090905 -0.002803 -0.086813 -0.089180 -0.056886 -0.010765 0.018309 -0.012984 -0.093196 -0.091346 -0.077645 -0.060852 -0.075602
 -0.033000 0.001226 -0.016506 -0.024326 0.011344 -0.063871 0.012443 0.034062 -0.028134 0.057576 0.029729 0.044542 -0.001567 0.014045 -0.039727 -0.021282
 0.021427 0.088656 0.028317 0.042467 -0.090613 -0.029952 0.069230 -0.011990 -0.065806 0.068984 -0.037567 0.070728 -0.053182 -0.082475 0.005504 0.083397
 -0.066945 0.063273 -0.050576 -0.021534 -0.049640 0.013269 -0.079174 0.093170 0.031390 -0.019297 -0.026704 0.032651 -0.047947 0.047320 -0.042218 0.054069
 -0.052845 0.038515 -0.010782 -0.093879 -0.051785 0.008905 -0.064336 0.049492 0.031721 -0.073312 -0.006700 -0.038928 -0.096574 0.052071 -0.065833 0.042924
 0.000579 -0.016795 -0.045510 -0.060788 0.095548 -0.058610 0.053566 0.088279 0.078152 -0.038785 0.017747 0.088461 -0.054786 0.059080 0.011038 0.014885
 0.043642 0.083129 0.009958 -0.055310 0.083069 0.024893 -0.002186 0.078936 0.031618 0.083797 -0.038112 0.029962 -0.052856 -0.078405 -0.067826 -0.037783
 -0.096498 -0.042684 -0.087121 -0.058340 -0.071846 -0.094295 0.058501 -0.072889 0.060706 -0.029275 0.019381 0.019330 -0.098529 0.077993 0.040314 0.008622
 -0.081329 0.027460 0.053039 0.017452 -0.057238 0.022689 0.032968 -0.063801 -0.044599 0.020038 -0.095663 -0.030742 0.005492 0.040651 0.078256 0.020745
 -0.069478 0.026536 0.092205 -0.081042 0.029863 0.085959 -0.039081 0.028732 0.029289 -0.024031 -0.007896 -0.050240 0.065002 0.074148 0.051277 0.021287
 0.081999 -0.045172 0.082133 -0.083427 -0.046689 -0.077509 -0.054869 0.022520 -0.059242 -0.042047 0.018294 0.010393 0.019270 0.055050 0.041924 0.061172
 0.058325 0.009114 -0.004032 -0.050884 0.033128 0.078101 -0.013480 -0.001578 0.023269 -0.050613 -0.053132 -0.022782 -0.052044 -0.043482 0.057397 -0.017715
 0.063234 -0.009269 -0.046016 -0.026799 -0.050900 -0.038428 -0.057232 -0.055052 -0.045391 0.053148 0.096389 0.027870 0.074800 -0.047394 0.088883 0.051615
 -0.074470 -0.085167 0.046460 -0.004050 0.022960 -0.003290 -0.066068 0.000852 -0.002596 -0.064846 0.061082 -0.016055 0.064007 -0.043669 -0.083066 -0.024872
 -0.082058 0.028238 0.053803 0.061772 -0.008426 0.067309 0.012472 -0.072921 -0.083964 -0.086583 0.036089 -0.030572 -0.057667 0.083764 -0.038490 0.095174
 0.016719 0.015286 0.055000 0.027142 -0.077946 0.077907 -0.045227 0.087063 0.051903 -0.050527 0.018646 0.036839 -0.005318 0.024843 0.086540 0.062929
 0.093142 0.085304 0.018405 0.094320 0.098844 -0.019595 -0.097837 0.048318 0.093539 -0.052957 -0.014993 0.065653 0.078315 -0.099991 -0.051044 0.067690
 -0.082910 -0.058696 0.050363 -0.050251 0.061707 0.024681 -0.045820 0.083589 0.070970 0.010031 -0.094929 0.039132 -0.019008 0.040734 0.010817 -0.050446
 -0.047314 -0.098816 -0.076620 0.038806 0.066771 0.094073 -0.060259 -0.011538 0.008210 0.062867 -0.024634 0.054337 -0.050527 -0.012596 -0.053893 -0.067544
 -0.092292 -0.020616 0.071443 0.016723 -0.015287 -0.059278 -0.034319 0.049034 -0.032202 0.007662 -0.032224 -0.017241 -0.032156 -0.030164 -0.038362 0.069774
 -0.016422 0.076136 -0.057486 -0.010410 -0.098275 0.065780 -0.040401 -0.024569 0.021549 -0.065874 -0.012562 0.004495 0.073750 0.058342 -0.060291 0.001555
 0.005797 0.065763 0.049783 -0.029069 0.049807 -0.039980 0.082133 -0.019078 0.097154 0.043683 0.041950 -0.046284 -0.077310 -0.099136 -0.010347 0.040150
 -0.047176 0.072136 -0.065860 0.031462 -0.094415 0.080382 0.083687 0.082301 -0.057136 0.042322 0.023399 0.097998 -0.041114 -0.012249 -0.080437 -0.036917
 0.016403 0.017614 -0.052354 0.056823 0.012047 0.051302 -0.055557 -0.044976 -0.059885 -0.034060 -0.049135 -0.089541 -0.072390 0.046386 -0.063807 -0.087767
 -0.005621 0.010017 -0.052113 0.042250 -0.052762 0.026389 0.060751 -0.007058 -0.048017 -0.089575 -0.083554 0.065964 0.004341 -0.096084 0.053939 -0.006825
 0.059362 0.012730 -0.075275 -0.077443 0.065197 0.088973 -0.038295 0.044857 0.022781 -0.048168 -0.050678 0.067796 -0.057323 -0.066922 0.046491 0.076961
 -0.065212 0.000285 0.060221 0.069370 -0.070827 -0.026502 0.074880 0.033771 -0.012103 -0.017485 -0.012522 0.025638 0.088500 0.083518 0.074114 0.091748
 0.089462 0.095521 -0.045998 -0.088519 0.056941 -0.092308 0.086591 -0.056757 -0.004821 0.034482 0.065411 -0.000739 0.060433 0.069910 -0.030631 -0.093709
 -0.072383 0.096943 0.032641 -0.074829 -0.032050 -0.017121 0.083065 -0.074910 -0.042510 0.041775 -0.032565 -0.006683 0.027168 0.015211 0.060881 0.060367
 0.042947 0.032472 0.059658 0.055690 0.040817 0.081664 0.094619 -0.087962 0.051128 0.016851 0.084842 -0.052252 0.056418 0.055145 -0.096111 0.036444
 0.068564 0.026808 0.089313 -0.083096 0.079423 0.048958 -0.014463 0.027808 0.086741 -0.020124 -0.024249 -0.035414 0.007402 0.078417 -0.008465 0.094458
 0.083335 0.004780 0.025288 0.041367 0.041712 0.051195 0.091117 -0.093223 0.022878 -0.098103 -0.032945 0.094912 -0.051571 -0.020047 0.070923 0.073233
 -0.016620 0.049491 -0.032338 -0.073315 0.086890 0.056695 0.007325 -0.070800 0.098449 -0.075325 -0.088616 -0.065125 -0.037843 -0.060386 0.081643 0.047752
 0.093607 -0.015750 -0.068894 0.043664 0.096515 -0.097805 -0.038550 -0.011935 0.034231 -0.085913 0.067452 -0.004949 0.080518 0.075939 0.014733 -0.088762
 0.034317 0.054210 -0.033437 -0.090022 -0.018449 -0.070849 0.048191 0.039472 0.032081 -0.030337 0.038323 -0.095768 -0.040451 0.076222 -0.085629 0.026317
 -0.018620 -0.043871 -0.007976 0.069772 0.034121 -0.081512 0.010071 -0.031034 0.064695 0.060946 0.070238 -0.051295 0.082493 -0.028957 0.052614 0.073251
 -0.078022 0.000552 -0.091240 -0.070654 0.038393 0.056614 -0.033520 0.060182 -0.069138 -0.073654 0.033196 -0.092116 0.005267 0.002270 -0.040639 0.017046
 -0.045476 -0.074878 -0.052758 0.007400 -0.082230 -0.009129 -0.003844 -0.072934 -0.009335 -0.009236 -0.073250 -0.078067 -0.024502 0.057292 0.016972 -0.040231
 0.060113 -0.092513 -0.044837 0.066813 0.078985 -0.087227 0.075608 0.035068 -0.059754 -0.049015 -0.044486 0.048593 0.064825 -0.071137 0.038895 0.060075
 -0.035235 0.045556 0.044027 0.034139 0.065025 -0.007563 0.051343 0.079096 -0.073784 0.003685 -0.044959 0.079167 0.095370 0.066730 0.074084 -0.034741
 -0.000753 -0.072916 0.043489 0.013009 0.063845 0.054390 -0.032507 -0.068324 0.016238 0.037779 -0.051143 0.013490 -0.023093 -0.071261 -0.078493 0.036216
 0.084089 -0.013079 -0.082992 0.083275 -0.099656 0.047143 0.039391 -0.008834 0.044555 0.006562 0.097949 0.002369 -0.001336 0.032919 0.002186 -0.010720
 0.058002 0.098091 0.044423 -0.024606 -0.051817 0.056658 -0.019417 -0.060552 0.087290 0.050592 -0.095607 0.013097 0.033193 -0.009288 0.097116 -0.087253
 0.061307 0.096721 0.097673 -0.013609 -0.003233 0.006741 0.016634 -0.096780 -0.025547 -0.065702 -0.073643 0.090049 0.091012 -0.067538 -0.029423 0.034712
 0.008401 0.027803 -0.079211 0.080230 0.065098 -0.035857 0.057799 -0.000482 -0.032504 -0.010291 -0.084091 -0.037714 0.028862 0.069526 0.048420 0.071146
 0.005744 0.092092 0.099368 -0.091958 -0.015342 0.013251 -0.095770 0.016791 -0.035245 -0.084119 -0.010623 -0.025589 -0.097121 -0.068732 -0.079573 0.065072
 -0.019870 0.014034 -0.095822 0.088230 0.097970 -0.039062 0.033430 0.064176 -0.001520 -0.041299 0.054039 0.050171 -0.098716 0.071112 -0.047813 -0.031460
 0.021646 0.038934 0.046662 -0.067459 0.093051 -0.045102 -0.087527 0.084154 -0.009720 0.067007 0.058114 -0.029901 0.078228 -0.007147 -0.036857 0.021228
 -0.075164 0.085247 -0.056843 -0.008742 0.006904 0.003622 0.063805 -0.094723 0.037783 0.080509 -0.051791 0.065211 -0.033730 -0.069237 -0.073298 -0.005322
 0.099177 -0.006605 0.057612 -0.087588 0.019328 0.083746 0.044813 -0.021600 0.035381 0.091221 0.077997 0.072076 0.049518 -0.023784 -0.070252 0.010390
 0.083399 -0.014587 0.065649 0.021738 0.022191 0.069446 -0.065256 -0.095845 0.042782 0.056153 0.016481 -0.019003 -0.008386 0.009205 0.030773 -0.026380
 0.071773 -0.052036 -0.023084 -0.029506 -0.055935 -0.084725 -0.039732 0.082797 0.039555 -0.056918 0.059130 0.038222 0.089389 -0.046246 -0.073847 0.095125
 0.091710 0.022964 -0.099634 0.096388 0.078812 0.036168 0.030647 0.068598 -0.015673 0.038560 0.064694 -0.069664 0.039556 -0.054058 -0.039617 -0.046144
 0.022098 0.038649 -0.004361 0.046995 0.093221 0.004064 0.046077 0.079826 -0.023300 0.012053 0.029142 -0.011437 0.051116 0.095807 0.058434 -0.058310
 0.067184 -0.030538 0.061605 -0.090149 0.080045 -0.059222 0.015707 0.016862 -0.056158 0.034794 0.001149 -0.088092 0.062482 -0.012137 -0.019766 0.035791
 0.037099 -0.034022 -0.058987 -0.014293 -0.093285 0.090930 0.000883 -0.043970 -0.040007 -0.026667 -0.018582 -0.080607 0.070266 -0.056425 -0.064078 0.012742
 -0.045756 0.098425 0.013625 -0.027443 -0.076531 0.038212 0.036685 -0.000670 -0.025050 -0.042284 0.083118 -0.070874 0.003635 -0.004848 -0.061988 0.096309
 -0.064478 -0.023015 0.097972 -0.035321 0.083551 0.029510 -0.041250 -0.023310 0.075479 -0.069730 -0.000894 0.020267 -0.063830 0.095873 -0.046557 -0.035327
 -0.022469 -0.045223 0.099620 -0.009844 -0.008601 -0.011647 -0.022489 0.011092 -0.090303 0.084193 -0.040764 0.071728 0.088939 0.026152 -0.087226 0.099461
 0.064871 0.093778 -0.078759 -0.000920 0.028511 -0.078118 0.019836 0.096496 0.048610 0.070937 0.004136 -0.032705 0.092247 0.001108 0.087375 -0.017393
 -0.000564 -0.096129 0.098137 0.057390 0.027564 0.007899 0.086653 0.097008 0.053660 0.012031 -0.020117 0.016364 0.089296 0.025506 -0.039171 0.043726
 0.028713 -0.039494 0.060603 0.007627 0.053175 -0.015967 0.003847 -0.006190 0.036180 -0.036364 -0.007131 -0.058877 -0.042365 -0.033646 -0.037312 0.045394
 -0.091600 0.012610 0.049187 -0.033658 -0.094700 -0.001211 -0.031362 -0.076810 0.002810 0.053912 0.066631 0.028127 -0.075631 0.002690 -0.015722 -0.081264
 -0.040193 -0.099377 -0.002091 -0.055498 -0.057684 0.032452 -0.071988 -0.093143 0.075809 0.047226 -0.046477 -0.046650 0.047405 -0.034730 -0.000615 -0.037906
 -0.026363 0.043760 -0.056655 -0.002998 -0.064818 0.006285 0.050921 0.011869 -0.091481 -0.075190 -0.020376 0.067931 -0.064717 0.090342 0.098462 -0.048240
 -0.052076 0.031323 0.003104 -0.026042 -0.044290 0.046757 -0.004888 0.067713 -0.024882 0.094052 -0.073126 0.088549 -0.018210 0.057509 -0.013736 -0.080617
 -0.001301 -0.016869 0.026174 -0.005440 0.066733 -0.017847 -0.013357 0.053657 -0.098452 -0.018052 -0.047479 0.039306 0.097468 0.038563 0.074434 0.026966
 -0.051815 -0.082404 0.017275 0.098240 -0.092366 -0.023401 0.061583 0.042150 -0.061294 0.037360 0.050976 0.036291 -0.030867 -0.015275 0.072760 0.098005
 0.012066 -0.083335 -0.038142 0.020256 -0.061265 0.017919 -0.066567 0.006028 -0.028420 -0.070969 -0.053067 -0.069015 -0.089040 0.073512 -0.072296 -0.079502
 0.040545 -0.064317 0.001702 0.097687 -0.080102 0.078089 -0.026032 -0.016859 -0.015576 0.051431 0.071862 -0.081044 0.014277 -0.087567 0.015577 0.006304
 0.073432 -0.054083 -0.035977 -0.095884 -0.046995 0.045157 -0.063391 -0.092574 -0.059245 -0.087075 -0.024828 -0.041373 -0.092491 -0.089167 0.004847 -0.001054
 -0.008840 -0.046604 0.094810 0.039198 0.094579 -0.037489 0.077378 -0.077344 -0.086623 -0.063602 0.088653 0.031335 0.024898 -0.048223 -0.066289 -0.070917
 -0.069981 -0.082907 -0.007191 -0.085991 -0.011749 0.011909 0.055423 0.001883 -0.063686 0.059747 0.038251 -0.065868 -0.097411 0.013653 0.051866 -0.025239
 -0.091542 -0.008072 -0.066748 -0.093270 0.043565 -0.089207 -0.064477 0.005146 0.004619 0.098923 -0.080659 0.041297 0.016143 -0.038751 -0.045734 -0.029792
 0.086566 0.083715 0.002936 0.039007 -0.095172 -0.080853 0.012276 0.079614 0.033729 0.070902 -0.033635 -0.069533 -0.000811 -0.083809 -0.040311 0.094633
 0.065496 0.089952 0.031429 -0.084646 0.067434 0.013203 0.031588 -0.002007 -0.042815 -0.028449 -0.079203 0.098079 -0.037010 0.021480 0.022873 0.067955
 0.055524 -0.093823 0.048501 -0.091996 -0.039860 -0.027587 0.004836 -0.027335 0.014600 0.094283 0.091653 0.055871 0.085053 0.055828 0.083286 -0.010300
 -0.073950 -0.031649 -0.080474 0.073944 -0.061737 0.033255 0.051933 0.061623 -0.054804 -0.048472 -0.024394 0.011431 0.062115 -0.006702 -0.086447 0.033255
 -0.057061 -0.041583 -0.087969 -0.069036 -0.037423 0.015059 -0.092111 0.010338 -0.096192 -0.071128 0.020169 0.016201 0.015700 0.038095 0.034981 -0.025706
 -0.010798 0.019856 -0.023494 0.077674 -0.030332 -0.010472 -0.015361 -0.001041 0.008968 -0.029786 0.001797 -0.034632 -0.001461 -0.015309 0.089243 -0.083745
 0.045687 0.067536 -0.016639 -0.036566 -0.079520 0.090309 -0.094747 -0.085300 0.061882 0.083052 -0.029302 -0.087996 -0.058864 0.098771 0.034800 0.062858
 0.061125 0.003950 -0.090995 0.089653 0.055101 -0.092785 -0.015522 -0.032102 -0.017506 0.062917 -0.058473 0.069264 -0.029207 -0.066745 -0.022764 0.009193
 0.090213 -0.033222 0.077840 0.005857 0.083691 0.046245 0.002578 -0.007909 0.071483 0.048078 0.084364 -0.044367 0.005969 -0.058463 -0.080191 0.079214
 0.077210 0.006766 0.054356 0.019192 -0.084992 -0.036868 -0.058882 0.035271 -0.014441 -0.042231 0.064306 0.080602 0.029344 0.090776 -0.041160 0.095735
 0.068762 -0.042331 0.016779 0.098409 -0.093539 0.010728 -0.002744 -0.035725 0.022397 -0.046192 -0.000647 0.000844 -0.008567 0.070041 0.065110 0.068172
 -0.068250 0.081520 0.095641 0.074158 -0.054304 -0.050257 0.012698 0.008420 0.014574 0.037914 -0.065748 0.003183 -0.055590 0.065980 0.087015 0.030979
 -0.074621 -0.056301 -0.066442 0.008980 0.046009 -0.047721 0.013514 -0.045646 -0.094476 -0.013430 0.010142 -0.098900 0.059192 -0.060593 0.037574 -0.062689
 0.013544 -0.070913 -0.080938 0.060696 0.021891 -0.035826 -0.041837 0.005768 0.024881 0.092855 0.007516 0.080902 0.015467 -0.097308 -0.016888 0.086507
 0.099760 0.028985 -0.027906 -0.076782 0.000984 0.081957 -0.083668 -0.016930 -0.022224 -0.048995 0.092433 -0.085344 0.089449 0.042319 0.090804 0.078340
 -0.034518 0.059393 0.076794 0.089656 -0.035881 -0.048236 0.039075 -0.067462 -0.023916 0.091177 -0.051108 0.004647 0.060736 -0.061476 0.039991 -0.084383
 0.065123 -0.057547 -0.085863 -0.092357 -0.088885 0.021852 -0.019423 -0.090913 0.046497 -0.011450 0.020794 0.048722 -0.047281 -0.089759 -0.076423 0.041406
 -0.066435 -0.052299 0.063516 0.046388 -0.003178 -0.095430 0.003870 -0.074960 -0.084755 -0.090122 0.044840 0.053898 0.070964 -0.062343 -0.046219 -0.096875
 -0.091144 -0.025626 -0.007599 -0.019073 -0.055056 0.071678 -0.053140 0.094028 0.037679 -0.023426 0.000254 -0.062675 0.017948 0.086649 0.094492 0.078767
 0.067572 -0.051641 0.036258 -0.007621 -0.017042 0.000884 0.069077 0.054161 -0.087482 -0.061938 0.072264 -0.080960 0.066657 -0.051291 -0.058576 0.087965
 0.026827 0.037102 -0.007818 -0.087090 -0.032797 -0.018074 -0.006908 -0.012347 0.067592 -0.097137 0.005451 -0.022965 -0.088051 0.048544 -0.090905 0.095090
 0.029862 -0.066869 -0.097110 -0.039683 0.033419 -0.094500 0.047077 0.034651 -0.056492 0.061174 0.027355 0.084503 0.012261 -0.022236 0.061625 -0.083468
 0.049278 -0.037451 0.006044 0.016007 -0.035404 0.024389 -0.013894 -0.050321 -0.058925 0.018455 -0.080830 -0.078960 0.001017 0.065242 -0.097278 -0.064239
 0.022912 -0.028260 0.054061 0.084752 -0.058136 -0.087624 0.036997 0.084506 -0.002614 0.078572 -0.052139 0.008871 -0.060582 0.006936 0.000320 -0.060416
 -0.059170 0.044289 0.012617 0.038733 0.006354 0.030793 0.021495 -0.036323 -0.091248 -0.019688 0.062147 0.014514 -0.048192 -0.043191 -0.072450 -0.041478
 -0.054405 0.059400 -0.028174 0.099306 0.090046 0.083447 -0.069087 -0.004379 0.001083 -0.034792 0.035479 -0.097926 0.000407 -0.004798 -0.019600 -0.061438
 -0.023759 0.050993 -0.089608 0.042516 0.085265 -0.049720 0.067953 0.046139 0.051324 -0.005298 -0.090162 -0.030017 -0.062446 -0.058885 0.025448 0.024778
 0.046274 -0.083783 0.069784 -0.091914 0.020140 -0.038814 -0.085432 0.045682 -0.093171 0.036304 0.036276 0.071800 -0.039436 0.022771 0.081739 -0.039337
 0.020423 0.085527 0.069326 -0.069329 -0.058603 -0.055802 -0.004262 0.021599 -0.054914 -0.000697 -0.003624 -0.049094 0.025955 0.080294 -0.044161 -0.045288
 -0.090148 -0.027269 -0.038151 -0.041603 -0.057607 -0.049329 -0.023550 0.097767 0.001101 0.004994 -0.068811 -0.002122 0.058849 -0.006693 0.044898 0.082505
 0.042230 -0.082871 0.012621 -0.046769 0.093994 -0.041185 -0.038961 -0.048398 -0.086978 -0.038099 0.031262 0.015434 -0.042307 -0.096398 -0.028217 -0.042289
 -0.025159 0.007081 -0.091385 0.018064 -0.027615 -0.092506 -0.042682 0.025703 -0.046702 -0.044525 -0.057736 -0.003340 0.089304 0.004558 -0.077699 0.016270
 0.036365 0.039348 -0.082897 0.042681 0.067260 -0.034724 0.045337 -0.096588 0.010650 -0.030115 -0.023872 -0.098168 0.092932 0.038588 -0.045514 -0.001747
 -0.003006 0.035866 -0.074310 0.061702 0.090089 0.067687 0.023487 -0.004145 -0.016320 0.070982 0.086826 0.032099 -0.074855 0.017121 0.060987 -0.022846
 -0.061651 0.029393 -0.061725 -0.003971 -0.038994 -0.013539 0.062044 0.093925 -0.057944 -0.041260 0.021206 -0.076257 -0.033404 -0.076575 0.041270 0.065988
 -0.071032 -0.044430 -0.019372 -0.031914 -0.016005 0.081860 0.006891 0.075927 -0.061635 0.090863 0.088816 0.078143 -0.004313 0.009137 -0.040028 0.032597
 0.047078 0.023225 0.089229 0.090638 -0.079336 0.006984 -0.005089 0.083993 0.000012 0.001811 -0.053719 -0.019425 -0.028349 0.005342 0.018013 -0.077923
 0.093028 0.086298 -0.036348 -0.060145 -0.061427 -0.087135 0.066012 -0.053427 -0.099521 -0.056568 -0.063667 0.023752 0.079310 0.078527 -0.051172 -0.045395
 -0.083236 -0.070035 -0.007122 0.043664 -0.036375 0.027564 -0.003456 0.071601 0.086649 0.048181 0.089582 -0.026893 -0.057283 -0.025458 -0.018595 -0.041981
 0.054265 -0.073774 0.052410 0.035581 0.063171 0.038390 0.030651 0.054194 -0.079657 0.044785 -0.051957 -0.084841 -0.037983 -0.013717 0.090992 -0.047115
 -0.053453 -0.000184 0.054188 -0.001810 -0.018152 -0.004467 -0.077838 0.029282 0.092169 0.010760 0.063084 -0.062554 0.074206 0.063955 0.055514 0.019326
 -0.063195 0.058006 -0.034763 -0.095395 -0.007838 -0.004954 0.041321 -0.096888 -0.015096 -0.017826 -0.053350 0.025713 0.031656 0.094646 -0.056685 0.094215
 0.041007 0.074315 0.015340 -0.076197 0.005852 -0.016010 0.056466 0.042634 -0.022645 -0.004550 -0.032550 0.096685 0.053683 0.032379 0.005857 0.061242
 -0.004676 -0.069117 0.070582 0.048120 0.062524 0.028551 -0.049641 0.093203 0.056461 0.064763 -0.028521 -0.011587 0.079341 -0.067201 0.064198 0.055763
 0.086434 -0.078315 0.092920 0.073218 -0.028767 -0.041166 -0.000815 0.067603 0.064294 0.036385 -0.031345 0.057783 0.091492 0.010319 -0.060277 -0.012481
 0.023101 -0.027800 0.043635 -0.086670 -0.021333 0.021453 0.046659 0.070788 0.012199 0.011337 0.076111 0.065170 0.076628 -0.092631 0.032739 0.022634
 -0.089052 -0.013167 0.043524 0.094181 -0.000040 0.012817 -0.005051 0.050469 -0.077433 -0.042181 -0.025196 -0.021834 -0.049191 -0.009179 -0.088899 -0.047461
 -0.059574 -0.052611 -0.095692 -0.093868 0.085793 -0.064205 0.060592 -0.063190 -0.045980 -0.049187 -0.080000 0.051614 -0.042948 -0.092975 -0.000904 0.100000
 -0.029729 -0.075656 -0.051504 -0.074818 0.099151 0.020395 -0.085049 -0.074370 -0.096224 -0.031474 0.053807 -0.027050 0.045237 0.042769 -0.054388 -0.075455
 0.059876 -0.039026 -0.097782 -0.002322 -0.096420 0.079865 0.056412 -0.035201 -0.027440 0.032575 0.048951 -0.098049 -0.061457 0.068602 0.077137 0.053855
 0.094690 -0.029498 0.047574 0.033745 -0.073393 0.062094 -0.035684 0.087135 -0.033690 0.063791 -0.075117 -0.057630 -0.035823 -0.028455 -0.065248 0.079693
 -0.037706 0.091978 0.010939 0.019288 -0.082056 0.024776 -0.006484 -0.020700 -0.017418 0.094917 0.057840 0.080222 -0.083591 0.038614 -0.052451 -0.056212
 0.033558 0.011779 -0.079489 0.069269 -0.067802 -0.070385 0.066176 0.082085 0.012504 0.077279 0.004719 0.082300 0.073819 -0.061951 0.054982 -0.079027
 0.069796 0.024842 -0.008254 -0.007984 0.038979 0.060637 0.063928 0.006999 0.064993 0.074827 0.004650 -0.021346 0.061146 0.018007 0.071104 -0.033708
 -0.007266 -0.046885 0.094096 0.099280 0.024176 -0.087251 0.070026 -0.064305 0.046811 0.007616 0.030558 -0.061639 0.079227 0.034057 0.020396 -0.075556
 -0.028097 0.046595 0.002767 0.022509 -0.021341 -0.059375 -0.079316 0.034612 0.067129 0.059452 -0.080997 0.017239 0.002320 -0.088655 -0.035572 -0.059667
 0.099315 0.021730 -0.095040 -0.073127 -0.050806 -0.044283 -0.003394 0.042031 -0.073599 -0.037270 0.077125 0.068736 0.098995 0.069908 0.058249 0.033733
 0.007473 -0.041906 0.050467 -0.040948 0.042508 0.001657 0.026720 0.046401 -0.092429 0.074977 0.036364 0.068308 0.077508 -0.059761 -0.092042 -0.011811
 -0.018103 -0.004050 0.037925 0.061490 0.044245 -0.035505 -0.046900 -0.026767 0.036650 0.068288 0.058279 0.060215 0.082906 -0.004693 0.024784 -0.088853
 0.055404 -0.079361 -0.036452 -0.047178 -0.064555 0.053899 0.076690 0.018951 -0.040104 -0.023120 0.097704 -0.094405 -0.017745 0.082604 0.031801 0.015875
 0.059171 0.034420 -0.050832 -0.064060 -0.081085 0.078226 -0.040185 0.027192 0.012296 0.035396 -0.093852 0.063876 0.056265 -0.061133 0.085413 0.088446
 0.065187 -0.046250 0.097838 -0.000734 0.041165 0.000849 0.093734 0.019612 -0.072298 -0.031589 0.078485 0.075807 -0.074129 0.036562 -0.073696 0.075620
 0.018088 0.027216 0.063562 0.092631 -0.075318 0.049495 0.032759 -0.053731 0.081858 0.043233 -0.079140 0.040853 0.022472 0.012295 0.048477 0.011811
 -0.026274 0.042406 0.090114 0.088497 -0.014222 -0.033440 0.090767 0.024491 0.083871 0.089492 0.010698 0.087263 0.038163 0.060211 0.026209 -0.073071
 0.090615 -0.050369 -0.072469 0.046025 -0.034739 0.047126 -0.054866 -0.053094 0.048268 0.078200 0.036616 -0.094761 -0.054916 -0.017563 -0.079025 0.021789
 0.074344 0.036845 0.032099 0.031333 -0.044680 0.006325 0.041084 -0.059004 0.068344 0.059259 -0.072520 0.050356 -0.053305 -0.071780 0.060502 -0.061672
 -0.045381 -0.070552 -0.078552 0.023255 -0.061987 -0.075708 0.009055 -0.064702 -0.010635 0.055487 0.088409 -0.089718 -0.065940 -0.075296 0.043642 0.031567
 -0.089380 0.097338 0.074800 0.070321 0.013115 0.047687 0.086889 0.032393 0.050552 -0.008732 0.008891 0.061555 0.051602 -0.011537 -0.051080 0.013184
 0.010031 -0.061709 -0.048730 0.043005 -0.071005 0.067957 0.056199 -0.003329 0.030778 0.002182 0.017265 0.082351 -0.045840 0.049535 0.002085 -0.090429
 0.054910 0.036668 0.052787 -0.056829 0.091068 -0.020866 -0.066068 -0.033329 -0.091643 -0.080349 -0.017898 0.057917 -0.062924 -0.023888 -0.014849 0.070278
 -0.041089 0.040662 -0.092563 -0.093860 0.095078 -0.061011 0.088402 0.060739 0.062118 0.076489 0.023951 -0.086233 0.009262 -0.077946 0.044628 -0.095186
 0.036975 -0.063748 0.077693 0.088385 -0.021462 0.097448 -0.087038 -0.080658 -0.032904 0.053881 -0.056450 -0.089991 -0.030844 0.015597 0.067901 0.022403
 -0.051093 -0.038104 0.080722 -0.003438 0.063370 -0.062971 -0.060945 0.040988 0.029739 0.085426 -0.094613 0.095952 -0.028124 0.078126 0.033009 -0.099461
 0.036138 0.085803 0.021173 -0.085797 -0.063870 0.058688 0.073548 0.086421 -0.088043 -0.079431 -0.070515 -0.046713 0.009394 0.000135 0.084013 0.097057
 0.077918 0.026426 0.090077 -0.025911 -0.022416 -0.055651 -0.056926 0.068721 -0.055001 -0.003556 0.096507 0.003736 -0.048709 0.003888 0.048104 0.032713
 -0.013289 0.004106 0.061454 0.072062 -0.006655 0.032998 0.070721 0.023088 0.045828 0.078681 0.066708 0.035680 -0.084311 -0.051275 0.020361 0.064045
 0.092531 -0.037005 0.017865 -0.042097 0.008943 -0.090812 0.018670 0.058607 -0.098094 -0.074374 0.086706 0.024160 -0.079055 -0.051890 0.096874 -0.035159
 0.085628 0.070150 0.055594 0.016665 -0.061431 -0.081584 0.035754 -0.095018 -0.051398 -0.019973 0.065278 0.008758 -0.091195 -0.097635 -0.085750 0.067020
 0.095361 -0.088781 -0.083895 0.007634 -0.014125 0.047379 0.086005 -0.071281 -0.068965 -0.093542 -0.080311 -0.003844 -0.049163 -0.098900 0.088176 0.088020
 0.096244 0.078634 0.032439 -0.090131 -0.026615 0.061346 -0.093986 0.032609 -0.067026 0.079540 -0.031254 -0.000316 0.003724 0.047650 -0.024082 -0.013306
 0.090887 -0.013499 -0.084913 0.059478 -0.015801 -0.048049 -0.055008 -0.007087 -0.031172 -0.080679 0.067095 -0.037239 -0.005729 0.014506 -0.021964 -0.065195
 0.033526 0.089084 0.016225 -0.018691 -0.057297 0.068913 0.091953 -0.032053 -0.076136 -0.027580 0.083231 0.032470 -0.010471 -0.051846 0.073885 -0.077031
 -0.026858 0.024672 -0.031612 0.017063 0.065904 -0.017050 -0.032357 -0.005568 -0.081573 -0.084369 -0.028527 0.049915 -0.027297 0.035935 -0.002384 -0.063676
 0.094965 0.057069 -0.079166 0.030698 0.036067 -0.085079 -0.074082 -0.005773 0.094221 -0.073432 0.006594 -0.018501 -0.071281 0.012450 -0.078160 0.026200
 -0.011661 -0.054213 -0.064951 0.097603 0.054955 -0.098313 0.041003 -0.068469 -0.058260 0.007696 -0.070887 -0.067898 -0.083992 -0.011862 0.013839 0.095926
 -0.006514 0.099276 -0.067226 0.082051 0.003918 0.066963 -0.099912 0.046508 -0.016072 -0.008394 -0.075142 0.067428 -0.088702 -0.052415 -0.025774 0.009403
 -0.045081 -0.001105 0.065608 0.034729 -0.046147 0.066797 0.017199 -0.030674 -0.075329 -0.074568 0.017243 -0.037293 0.065697 -0.010768 -0.097186 0.006534
 0.049584 0.025764 -0.097245 0.030601 -0.084665 0.096815 0.096402 0.097796 0.024317 -0.060406 0.004176 -0.030714 0.057291 0.050501 0.069762 0.013835
 -0.096669 0.081720 -0.003438 0.010583 0.025370 0.065587 0.045750 0.069216 0.075918 -0.010643 0.014320 -0.092110 -0.008759 0.094738 0.030103 -0.038321
 0.014392 -0.013808 -0.023611 -0.005117 0.035322 0.064867 -0.023350 -0.098160 0.062598 -0.051850 -0.030642 0.066041 -0.052794 -0.031938 0.078308 0.078492
 0.063133 0.008840 -0.006864 -0.032640 0.071290 0.080603 0.063592 0.084520 0.023263 0.053297 0.095213 -0.066989 -0.002452 0.044710 -0.014803 -0.006144
 0.041351 -0.031680 -0.029469 0.026716 -0.052606 -0.003415 -0.081717 -0.098158 -0.059786 0.065050 0.069055 0.053765 -0.012819 0.039311 0.098413 0.088893
 -0.006779 0.080014 0.097722 0.040633 -0.033881 0.054644 -0.004679 -0.045350 -0.069102 0.002827 0.078021 0.010828 -0.019603 -0.008241 0.035982 -0.060530
 -0.078063 0.043514 -0.023864 -0.068880 -0.022815 -0.094442 0.070222 -0.000812 -0.050096 0.090922 -0.088693 -0.060910 -0.017138 0.071707 -0.087059 -0.019485
 0.049462 0.061769 -0.099723 -0.076568 0.075813 -0.071326 -0.056087 -0.055788 -0.058211 0.094535 0.011557 0.024247 -0.090100 -0.058756 -0.086631 -0.067593
 -0.053498 0.027031 -0.019926 0.041447 -0.082425 -0.091232 0.052174 -0.004419 0.051950 -0.045798 -0.010249 0.034014 -0.032315 0.070827 -0.009001 -0.059888
 0.064358 -0.071652 0.019010 -0.073787 -0.096237 0.030897 -0.031000 -0.016740 -0.069342 -0.099417 0.041207 0.048760 0.041670 -0.065993 -0.022240 0.011489
 0.066252 -0.091218 0.001276 -0.043159 -0.037983 0.044146 0.020158 -0.030769 0.033558 -0.052914 0.051175 0.078982 -0.039354 -0.021651 0.055341 -0.061297
 -0.010538 -0.075715 -0.062920 0.006840 0.002810 0.071657 -0.053165 0.071901 0.036717 0.079825 -0.049752 -0.066089 -0.089490 0.002542 0.000925 0.010771
 0.038215 0.038517 -0.039166 -0.005377 -0.088993 -0.008588 -0.074145 0.080885 -0.045996 0.099202 0.064189 0.049282 -0.005786 0.058304 -0.086389 0.071275
 0.090800 -0.043498 -0.016545 -0.041931 0.013088 0.072578 -0.016831 0.039087 -0.086644 -0.051569 0.055859 -0.098201 0.047437 0.041910 -0.083118 -0.089011
 -0.084983 0.007561 -0.050201 0.046208 -0.096118 0.067793 0.083059 0.011510 0.011827 0.032291 -0.015679 -0.023912 -0.091267 -0.058097 0.077771 -0.065146
 0.073539 0.098855 0.016382 -0.072488 0.096247 -0.050420 -0.068559 -0.050522 -0.099598 -0.063768 -0.087095 -0.005767 -0.078090 0.067499 0.035004 -0.026892
 0.095264 0.077778 -0.001914 0.073637 0.087420 -0.044761 -0.058361 -0.003592 -0.006599 -0.034912 0.063048 0.040600 -0.091104 -0.083431 0.000374 0.027149
 0.015390 0.007396 -0.089420 0.010909 -0.028350 0.061437 -0.027924 -0.030636 0.053971 -0.043114 0.091204 -0.062966 0.063960 -0.037539 -0.089430 -0.079536
 0.063952 -0.074927 -0.050392 0.030072 0.088724 0.085804 -0.040464 0.037573 0.039074 -0.050345 0.093784 -0.015704 -0.000527 0.006791 -0.028929 -0.004703
 -0.063756 0.010031 0.057884 0.083847 -0.090467 0.050494 0.078508 -0.008211 -0.056275 -0.024101 -0.085945 -0.034583 -0.011451 -0.007030 0.063676 -0.047226
 -0.014020 0.091695 0.062422 0.069308 0.078207 -0.037660 0.022083 0.008472 -0.035676 -0.067988 0.011788 0.066001 0.085628 -0.076006 -0.045770 0.013189
 0.002963 -0.046629 0.053679 -0.039252 -0.090684 -0.023820 -0.005840 0.017033 0.069425 -0.030576 0.015721 -0.048592 0.082746 0.009594 -0.080455 -0.019639
 -0.093959 0.072351 0.077575 -0.018659 0.019895 0.003043 -0.090932 -0.012175 0.033730 0.000483 -0.009243 -0.006064 0.068474 0.049909 -0.038276 -0.055213
 0.011718 -0.035214 -0.049492 -0.032231 0.026438 0.058725 0.044199 0.019129 -0.030190 -0.007948 -0.010899 0.002914 0.085556 -0.053962 -0.088690 -0.059171
 -0.056106 -0.063817 0.036736 -0.096668 0.091736 -0.015654 0.025330 0.021607 -0.092297 -0.088449 0.033163 0.067991 0.008403 -0.005364 -0.093957 -0.093698
 0.018385 0.026729 0.064151 0.069588 -0.002387 -0.044924 0.065144 0.072104 0.059702 -0.049009 0.099912 -0.060411 -0.019204 0.019682 -0.024728 -0.070321
 -0.022076 0.066243 0.027195 -0.036913 0.013403 -0.007679 -0.012401 -0.082098 -0.016323 -0.062119 -0.050485 -0.046631 0.027511 -0.019165 0.096512 -0.038606
 0.085680 -0.014308 -0.069023 0.033563 0.086731 -0.005447 0.027512 0.008018 0.001312 0.049798 -0.004012 0.012957 -0.042473 -0.095002 0.039432 0.021388
 0.043922 0.075803 -0.071006 0.084170 0.035001 -0.003800 -0.086259 -0.058192 -0.011478 -0.058505 -0.011903 0.033485 -0.005388 -0.063438 -0.063569 -0.011691
 0.068970 -0.001978 -0.069566 -0.034719 -0.005900 -0.007763 -0.027878 -0.026629 -0.041502 0.047466 0.095768 -0.095154 0.028312 0.066104 0.082332 -0.019457
 -0.012715 0.016069 -0.023946 -0.087407 -0.008074 -0.002008 0.025655 0.053700 -0.092473 0.020524 -0.059422 -0.093162 0.020031 0.082876 -0.033508 0.033303
 0.084195 0.041214 0.060745 -0.072346 0.094986 0.080592 0.010049 0.025010 0.019020 0.061286 0.036555 0.072590 -0.054745 -0.031173 0.078635 -0.043732
 0.006864 0.058693 -0.026843 -0.036108 -0.055606 0.009120 -0.074433 -0.000301 -0.030112 -0.099082 -0.063111 0.091077 -0.065011 -0.003312 0.067019 0.092290
 -0.036378 -0.045237 0.077290 -0.013952 0.065187 -0.059305 0.017278 0.076948 -0.008504 -0.056660 -0.084102 0.031815 -0.048128 -0.093918 0.073399 0.073630
 -0.094534 0.066674 0.008734 0.060186 0.046839 0.078179 0.024831 0.056571 0.028870 -0.054928 -0.030854 0.033858 -0.092044 0.038408 0.031022 -0.083605
 0.065452 -0.051665 0.020212 0.000800 -0.005901 0.010813 -0.077066 0.075171 -0.005784 0.093541 0.053898 0.053814 0.088648 0.072899 0.099928 0.062475
 -0.085350 0.077123 0.097525 -0.093107 0.042449 0.033301 0.075887 0.040439 -0.043781 -0.099059 0.083701 -0.069497 0.074339 -0.061862 0.063227 -0.003949
 0.068844 0.022355 0.077020 -0.049072 -0.025399 0.026665 0.091407 0.000420 0.025066 0.083753 -0.058102 0.047009 0.093534 0.083983 0.034920 -0.004531
 -0.093395 -0.044704 -0.021527 0.055217 0.093272 -0.018841 0.088465 -0.077197 0.025412 -0.095248 -0.039964 -0.009202 0.016238 -0.025521 0.005669 0.091273
 -0.046351 0.041567 -0.024288 0.089174 -0.085274 -0.062579 0.052385 0.022583 -0.070792 -0.046123 0.071274 -0.097529 -0.020044 0.059526 0.043084 0.071661
 0.089743 -0.098677 -0.066806 0.099235 0.093759 -0.086494 0.090995 0.030300 0.076513 0.048286 -0.013248 -0.049491 -0.077313 -0.038539 0.082524 -0.011739
 0.041743 0.084938 -0.050748 0.075051 0.058024 -0.053562 0.021590 0.045021 -0.007927 -0.055295 0.053834 -0.001546 -0.096081 0.057139 -0.004528 0.071036
 0.054604 -0.058692 -0.074044 -0.011247 0.037252 0.092734 0.039493 -0.088416 -0.022164 -0.075672 0.094404 0.004754 0.082909 -0.004487 0.035309 0.017983
 0.038745 0.033997 -0.003581 0.072907 0.098440 -0.068207 0.030392 0.054221 -0.068304 0.027566 -0.069234 -0.066596 0.079088 -0.056997 -0.042183 -0.053402
 0.014150 -0.040570 0.080672 0.073205 -0.015654 -0.059986 -0.012141 0.072995 -0.097764 0.079575 -0.017583 -0.097386 0.005649 -0.037416 -0.076522 -0.055184
 0.017503 0.072075 -0.003607 -0.005103 0.078389 0.074536 0.088461 -0.035827 -0.002104 -0.084236 0.005072 0.019569 0.099349 -0.052466 0.048362 -0.016530
 -0.096657 0.075970 -0.074403 0.006288 0.087508 0.083877 0.067789 0.056336 -0.064356 -0.077134 -0.073185 0.010515 0.007890 0.061589 0.015356 0.010700
 0.000085 -0.032601 -0.055377 0.068695 -0.052450 -0.070765 -0.093894 0.048762 -0.069517 0.055784 -0.031102 -0.083573 0.033716 0.024851 0.075106 -0.047313
 -0.050127 0.074620 0.003272 0.028311 0.096412 -0.088961 0.007049 0.002277 -0.076799 -0.063034 -0.082038 0.079796 -0.071538 0.071746 -0.053567 -0.089601
 0.043313 -0.012964 -0.027651 -0.077944 0.001666 0.006414 0.069639 -0.054174 0.080968 -0.081010 -0.002466 0.039545 -0.087907 0.059359 0.090467 -0.053363
 0.000411 -0.006427 -0.024578 -0.091001 -0.043950 -0.048361 -0.097389 -0.062343 0.005586 -0.044841 -0.000583 0.092937 0.067556 0.004155 0.073140 0.096436
 0.094075 -0.050521 -0.099635 -0.090291 -0.076199 0.035249 0.084277 0.011188 -0.009285 0.039928 0.093349 0.041328 -0.035120 -0.043746 -0.023259 0.098537
 0.055727 -0.096664 0.076101 -0.080105 -0.000197 0.035885 -0.051035 0.034834 0.091866 0.037524 -0.068676 0.089754 -0.013404 -0.069460 0.055263 0.024690
 0.049900 0.078222 -0.058965 0.046745 -0.046890 0.058322 0.018446 0.071979 0.042639 0.066013 0.004279 -0.008384 0.022628 0.054363 -0.019299 0.090518
 0.071845 -0.078626 -0.036585 -0.021487 -0.066072 0.087250 0.084574 -0.069326 0.078940 -0.067419 0.056186 -0.090306 0.005481 -0.018785 0.037260 0.089667
 0.065554 -0.024412 -0.074286 -0.097777 0.059799 -0.029479 0.075208 0.074637 0.005062 -0.014521 0.006644 -0.044017 -0.010535 -0.035034 0.017975 -0.060291
 0.051145 -0.046069 -0.006686 0.014549 -0.008874 0.035648 0.085499 -0.035327 0.066789 -0.090674 -0.065777 0.055680 -0.075675 -0.007867 -0.034122 -0.090821
 0.015685 -0.057439 0.020893 0.027539 0.070760 0.059562 -0.079618 -0.069186 -0.089776 0.053117 -0.052618 0.039072 -0.076100 0.043543 -0.064454 0.082601
 -0.090936 -0.030051 0.097252 0.096905 -0.003487 0.008162 -0.045018 -0.024809 -0.070573 0.058969 0.004533 -0.058940 0.095810 -0.002570 0.095815 0.016058
 -0.079979 -0.062531 -0.018468 -0.050071 -0.064094 0.078507 0.042109 0.022439 0.033382 -0.091855 0.070782 0.057628 -0.054758 -0.025008 0.073433 0.009077
 0.086150 0.041248 -0.058615 -0.079402 -0.017252 -0.026119 0.013402 0.051465 0.072141 -0.072966 0.060048 0.015969 0.074693 0.053034 -0.033672 -0.031332
 -0.051743 0.026553 0.059774 0.005216 0.056439 -0.094920 0.077014 0.092116 -0.089775 -0.077187 -0.079468 -0.090867 -0.031607 0.048684 0.067995 0.069740
 -0.026137 -0.045702 -0.026989 0.064247 -0.094164 -0.017188 -0.045076 0.076267 0.020445 0.045455 0.001915 0.061595 -0.059373 -0.078179 0.058400 -0.080451
 -0.009939 0.025427 0.072309 0.099732 0.012624 0.027062 0.000313 -0.025882 -0.011872 -0.016097 0.052152 0.033977 0.097560 0.057180 -0.081005 0.087513
 -0.056296 0.068202 -0.024505 -0.021288 -0.040269 -0.085764 -0.080301 0.017801 -0.014720 0.049308 0.083542 0.034415 0.082955 0.062726 0.044887 -0.025066
 -0.045496 0.001998 0.025814 0.026041 0.074791 -0.093631 -0.015487 -0.059580 0.030990 -0.012554 0.089861 -0.075282 -0.057175 -0.072625 0.073169 0.098086
 0.019457 0.017105 0.041968 0.029811 -0.027759 -0.057888 0.020697 0.040047 0.064998 0.019379 -0.072431 -0.086810 0.017875 0.033265 -0.024499 0.036143
 0.017404 0.097914 -0.085074 0.047404 -0.018118 0.091466 -0.010639 -0.027608 0.016498 -0.034986 -0.033365 0.023178 0.029040 0.062902 0.066931 -0.030519
 0.084330 0.091999 -0.034230 -0.016642 0.094721 -0.002638 0.020640 0.054654 0.041720 -0.076806 0.012477 -0.046890 -0.018142 0.030110 0.070701 0.011798
 0.092761 -0.031944 -0.072611 -0.085531 0.092240 0.004900 0.063136 -0.058660 0.056861 0.002463 -0.029757 -0.010673 0.051121 -0.076721 0.004852 -0.098789
 -0.021203 -0.077646 0.088049 0.082998 0.093166 0.087994 -0.032629 0.026430 0.090114 -0.060468 -0.097743 0.039192 0.060884 -0.083277 0.025908 0.081786
 0.059612 -0.069080 0.047984 -0.034184 -0.041303 0.069153 0.082926 0.008468 -0.045594 -0.031404 0.017062 -0.099224 -0.037590 0.031584 0.051355 0.037321
 -0.031160 0.033613 -0.066535 -0.082082 -0.004967 -0.071881 -0.094064 0.031787 -0.069292 0.079570 0.047160 0.020886 -0.052694 -0.039337 0.094341 -0.013902
 -0.088593 -0.022823 0.039632 -0.040020 0.051742 -0.018127 -0.059003 -0.044914 0.033525 -0.069959 0.021806 -0.037592 0.059876 -0.054612 -0.063989 -0.017109
 -0.053438 0.059612 0.097872 0.015013 -0.052964 0.008077 -0.018753 0.090717 -0.085424 -0.035057 0.069487 0.006816 -0.062049 -0.017683 0.057904 -0.002713
 0.064334 0.062382 0.009054 -0.013063 0.003072 -0.093413 -0.067256 0.088217 -0.089364 0.007520 0.077403 -0.075211 0.024139 0.064866 -0.098642 -0.012106
 -0.037137 0.047526 0.019777 -0.001085 -0.022090 -0.073463 0.078239 -0.005812 0.023284 0.028228 0.015702 -0.043785 0.024526 -0.014143 -0.090680 0.022633
 -0.004619 0.056500 0.014678 -0.072318 0.089388 0.003754 0.053847 -0.005626 -0.027940 0.036107 0.000101 0.006545 0.061061 0.030685 0.099624 0.020149
 0.093459 0.062206 0.018982 0.064870 0.019179 0.089656 0.061174 -0.032577 0.079893 0.068923 0.041836 -0.091506 -0.024147 -0.087494 -0.056915 0.075792
 0.056282 -0.085417 -0.014872 -0.025227 -0.035064 -0.021983 -0.077310 0.015354 -0.076201 0.079176 0.035507 0.023099 0.009404 -0.087410 0.097424 -0.062411
 0.083990 -0.034491 -0.076873 -0.065446 -0.028208 -0.046431 -0.069486 -0.072701 -0.096987 -0.028273 -0.063812 -0.096728 0.075990 -0.075160 0.056271 0.076784
 0.014809 -0.034176 -0.051697 0.096075 0.067073 0.078727 -0.076667 -0.089571 0.000608 0.053768 -0.025893 0.002442 -0.070097 0.075199 -0.020909 -0.036887
 0.071316 0.037337 -0.021632 -0.018069 0.086986 0.009519 0.091916 0.052802 0.076213 0.038746 -0.066849 0.046695 -0.041131 -0.043350 -0.081865 -0.083426
 0.042559 0.070857 -0.021084 -0.059431 -0.037872 0.013776 0.076722 -0.034584 -0.025500 0.007051 -0.033853 0.070907 0.028277 -0.027140 -0.055400 0.094146
 0.058049 0.029373 0.019745 0.031899 -0.074058 0.031970 0.008487 0.011225 0.013568 0.092493 -0.040928 0.098242 0.014108 0.044161 -0.084703 -0.059317
 0.041034 0.085392 -0.062279 -0.079311 -0.017954 0.033384 0.073343 -0.065624 -0.021228 -0.080859 0.035896 0.093522 -0.076523 0.011752 -0.052100 0.079022
 -0.068336 -0.009391 -0.046051 -0.001422 0.045838 0.022137 0.043289 -0.005403 -0.016564 -0.059289 -0.085372 -0.068087 -0.088319 -0.085392 -0.095757 -0.035023
 -0.084908 0.081726 0.077625 0.070304 -0.012425 -0.016692 -0.021067 -0.032189 0.086876 -0.029115 -0.080971 -0.026163 0.010274 0.001958 0.060921 -0.087931
 0.016432 -0.041245 0.084300 0.026229 0.016038 0.049175 -0.049491 0.003831 0.000372 0.084312 0.094334 0.086429 0.010127 0.073094 -0.088679 -0.051708
 -0.073466 0.049615 -0.078267 -0.003447 -0.009744 -0.019898 -0.075769 -0.028518 0.017219 -0.072026 -0.068633 -0.064727 0.019978 0.023357 0.039764 0.052071
 -0.089829 -0.061743 -0.024703 0.091691 0.046087 0.063597 0.044673 0.064482 0.044780 -0.018255 0.059779 0.080889 -0.069221 0.040855 0.033077 -0.061804
 0.073921 0.038816 -0.022906 0.086544 0.063920 0.046544 0.026656 0.022402 -0.085812 0.075348 -0.063140 -0.055174 -0.019761 -0.091651 0.048812 0.017955
 -0.051836 0.071853 -0.012329 0.034467 0.024898 0.042685 -0.080539 0.044332 -0.085708 0.013268 -0.004191 0.001825 -0.005531 -0.079266 -0.037694 -0.039427
 0.003842 -0.086975 0.088102 0.008189 -0.044968 -0.077230 -0.040193 -0.051707 0.078348 -0.033314 0.007880 -0.097793 -0.092991 -0.018340 -0.057066 0.088309
 -0.085754 0.092105 0.070696 -0.032893 -0.035202 -0.003152 0.036841 -0.056348 0.007303 0.053652 0.051805 -0.029679 -0.038922 -0.020223 -0.032991 -0.016166
 -0.051474 -0.055119 -0.009628 0.050902 0.076978 0.026321 0.098011 -0.008048 -0.056457 -0.031370 0.030378 0.079867 0.045594 0.091882 0.042159 -0.055769
 0.058954 -0.012751 -0.097865 0.085155 0.095035 0.056135 0.026762 0.093802 0.047705 0.003381 -0.037277 0.011414 -0.047397 0.013284 0.037331 -0.045973
 0.089688 0.029125 0.094240 -0.059437 -0.066588 -0.084027 0.058867 0.085804 -0.023447 0.070394 -0.063804 0.052242 0.011014 0.068055 0.016331 -0.045520
 0.072180 0.027075 0.048053 -0.045415 -0.062349 0.067801 0.073346 0.022835 0.069364 -0.034641 -0.085684 0.031075 0.094457 0.053304 -0.093168 -0.058643
 -0.030341 0.078358 -0.046801 -0.024828 0.035463 -0.025419 -0.008254 -0.026070 0.082951 0.090538 0.068005 -0.040403 -0.045950 0.042329 -0.055150 -0.047784
 -0.053539 -0.045038 0.057703 -0.004487 0.056339 -0.046946 0.068545 -0.095066 -0.048586 0.065992 -0.080042 -0.067149 -0.037077 0.024515 -0.039637 -0.072878
 0.059428 -0.009932 0.029422 -0.017441 -0.084151 0.043342 -0.093033 -0.017181 0.029962 0.037024 0.010440 0.082008 0.026750 -0.066282 0.074259 0.084161
 0.094856 0.032964 0.081856 -0.084455 0.059075 0.044668 0.064901 -0.079081 0.086045 0.089460 -0.086225 0.083543 -0.095753 0.064580 0.012496 0.080717
 0.096106 0.017884 -0.024750 0.044179 -0.087247 -0.077394 0.074928 0.093959 -0.043254 -0.052905 -0.010609 0.056050 0.027946 0.036145 -0.034861 0.007359
 0.088885 0.019872 0.006881 0.043570 0.027858 0.040330 -0.043213 0.076141 -0.012675 -0.083865 0.097788 -0.004813 0.047929 0.077852 -0.008098 -0.026321
 -0.005838 0.023756 -0.013425 -0.090810 -0.076279 -0.006156 0.033659 -0.086240 0.006426 -0.032960 0.021838 -0.067798 0.038531 -0.082366 0.096172 0.060362
 0.065430 -0.059248 -0.073412 -0.054196 0.086975 0.017147 -0.016541 -0.066326 0.026706 -0.068873 0.038224 -0.021296 0.005579 0.014048 -0.098350 0.004172
 -0.031745 -0.024648 0.071845 0.031382 0.028797 0.082903 -0.069362 0.091760 0.058807 0.002144 -0.032058 0.022221 0.025556 0.092721 0.010219 0.072338
 0.056095 -0.005084 0.087092 0.065708 -0.011725 -0.005030 0.069804 0.048863 0.096283 0.077147 0.094398 -0.022361 0.093072 -0.069131 -0.022581 -0.006025
 -0.096736 -0.042796 0.079487 -0.017336 0.026703 -0.048209 0.009988 -0.031929 0.019987 -0.006649 -0.002900 0.035043 -0.036182 -0.071955 0.051727 0.018945
 -0.068144 0.075967 -0.038595 0.041541 -0.037277 0.022267 -0.093978 -0.084465 -0.003843 -0.006907 -0.002541 0.068898 -0.065881 -0.052084 0.034006 -0.051754
 0.006662 -0.044869 -0.053577 0.060517 -0.057367 -0.068763 -0.048925 0.085233 0.032058 0.068024 -0.089996 0.078750 -0.024416 0.060371 -0.063088 0.055332
 0.046700 -0.084052 -0.021044 0.011412 -0.044188 -0.027782 0.047907 0.036808 -0.003606 -0.042780 -0.038981 0.053037 0.042353 0.070440 0.008541 -0.088453
 0.038594 0.062470 -0.005426 0.085728 -0.011615 0.010146 -0.019383 -0.026431 0.097302 -0.042395 -0.035172 0.095365 -0.064265 0.035061 -0.078977 0.056130
 0.033231 -0.069803 0.037725 0.070071 0.067203 0.084063 0.051221 -0.046919 0.014617 -0.050435 -0.016986 0.066528 -0.081097 -0.097434 0.019715 -0.019075
 -0.018300 -0.044772 -0.059443 0.078637 0.009891 -0.044881 -0.080413 0.048209 -0.036939 -0.001736 0.038370 -0.082659 0.043064 -0.096937 -0.027765 -0.099336
 -0.042548 -0.019363 -0.076081 -0.012091 0.041535 -0.096862 0.040057 -0.082555 -0.024398 -0.091777 -0.079793 0.027706 -0.030286 0.082268 -0.000602 0.088122
 0.037913 -0.063230 0.060724 0.098300 0.098342 0.030669 0.066406 -0.006338 -0.081067 0.038129 0.016344 -0.076278 -0.057385 0.082789 -0.086643 0.064603
 -0.079197 0.084756 0.020804 -0.050466 -0.063851 -0.024466 0.080188 0.077277 -0.006874 -0.003126 -0.031686 -0.038706 0.059639 0.089135 0.012823 0.079268
 0.019670 0.013167 -0.007806 0.066486 0.002286 -0.034424 -0.040256 -0.040924 -0.065999 -0.052521 0.038670 0.075947 -0.065210 -0.021889 -0.056011 -0.018746
 0.028048 0.027238 -0.092495 -0.099551 0.020850 0.071293 -0.069630 0.060473 -0.014386 0.079987 0.092155 -0.077395 0.051778 -0.068942 -0.075879 0.022366
 -0.021948 0.018815 -0.098564 0.078891 0.057925 -0.075803 0.089388 0.018199 -0.022574 0.038294 -0.036317 -0.047913 0.037067 0.051439 -0.060223 -0.051277
 0.081636 -0.073005 -0.067489 -0.080319 -0.062599 0.049135 0.027391 -0.095801 0.024821 0.063585 0.070873 0.038925 -0.051789 0.039439 -0.032255 -0.065586
 0.076654 0.013458 0.043521 -0.007928 -0.052663 -0.047735 -0.081005 -0.099284 0.094636 -0.023647 0.018143 0.009337 -0.005921 -0.043767 0.057978 -0.011720
 -0.053321 -0.010338 -0.038570 -0.067764 -0.035253 0.090076 0.056860 -0.023278 0.042945 -0.012589 -0.037438 0.041710 -0.004336 0.022368 -0.067062 -0.003492
 0.067692 -0.087243 0.083700 -0.017844 -0.063380 -0.001766 -0.085361 0.078124 -0.021019 -0.090904 0.034382 0.038892 0.058396 -0.073904 0.095982 0.011892
 0.032082 -0.041862 -0.059333 -0.014953 -0.091192 0.035435 0.027689 0.096011 -0.051637 0.067468 -0.031258 -0.031655 -0.087692 -0.071347 0.034837 0.094238
 -0.001863 0.066339 -0.036859 -0.095993 0.052618 0.006638 -0.043082 -0.021614 -0.065021 0.082437 0.062879 0.014190 -0.051306 0.082600 -0.092876 -0.054432
 0.098263 0.037654 0.031655 0.014791 0.007569 0.090540 0.047134 -0.049554 -0.012308 -0.090544 0.078722 -0.088585 0.058011 0.033009 -0.031913 0.031823
 -0.019186 0.059489 -0.091144 -0.049519 0.085054 -0.088714 -0.029890 -0.004651 -0.063327 -0.073451 -0.096015 -0.080696 0.079908 0.052452 -0.001845 -0.093748
 0.027305 0.077457 -0.098487 0.053338 -0.031464 -0.031795 0.087540 0.029729 -0.063170 -0.022632 0.058705 -0.094889 0.016128 0.027379 -0.053109 -0.001684
 -0.097566 -0.074192 -0.083194 -0.059075 -0.027171 0.039127 0.044011 0.029616 0.097521 -0.062415 -0.094141 -0.030853 0.075973 -0.087757 -0.058495 0.044011
 0.013658 -0.015401 -0.059987 -0.003745 0.062465 -0.006211 -0.044830 -0.084120 -0.075160 0.046095 -0.005188 0.082479 0.015676 -0.081060 -0.080797 0.027747
 0.040858 0.086741 0.070690 -0.019517 0.096146 0.082436 0.004407 0.003165 -0.051093 0.002027 0.054392 -0.008026 0.021691 0.055647 0.013987 0.024743
 0.001699 -0.099888 -0.057592 -0.045969 -0.047990 0.026122 -0.005094 0.011466 -0.069049 0.076658 0.031732 -0.088937 -0.043008 0.069200 0.077532 0.026957
 0.031014 0.062687 -0.029632 -0.076036 0.002636 0.042632 0.051936 -0.078521 0.060103 -0.066700 -0.075330 0.091849 -0.001855 0.016881 -0.008494 0.033466
 0.004545 -0.008241 -0.023739 0.080943 -0.055509 0.055416 -0.018997 0.013207 -0.099021 -0.049777 0.091347 -0.080066 -0.043795 -0.062427 -0.003473 -0.006108
 -0.055967 0.025824 0.077315 0.069226 -0.082990 0.045981 0.019375 0.021322 -0.081903 -0.027697 0.026805 -0.096906 0.035749 -0.024958 -0.027048 0.026945
 0.032148 0.076827 -0.076301 0.067701 0.064737 0.030736 0.018286 -0.046099 -0.046914 -0.097023 -0.069619 0.073314 0.008266 -0.066651 0.051694 -0.014152
 -0.073578 -0.004650 0.092304 0.029124 0.023263 -0.075489 -0.040504 -0.006592 -0.052237 0.006621 0.054463 -0.088772 0.043954 -0.065560 0.095912 -0.085981
 0.095064 -0.090308 0.035440 0.039060 0.086055 -0.066514 -0.044262 0.062298 0.084661 0.011636 -0.010838 0.066577 -0.077462 -0.090776 0.005528 0.093241
 0.077263 -0.071738 0.027761 0.023340 0.067435 0.030365 0.090368 -0.081729 -0.000429 0.063022 -0.071427 0.050138 -0.006895 -0.094869 0.078628 0.024716
 -0.014143 0.072849 0.014759 -0.080156 0.029357 0.082765 0.026039 -0.051893 0.004065 -0.071635 0.032053 0.014124 -0.002889 0.087116 -0.054344 -0.018193
 -0.069169 -0.068349 0.003656 0.041689 0.088274 -0.096785 0.065842 -0.029661 0.082093 -0.011266 0.075786 0.003911 -0.065543 -0.078842 -0.077121 0.035812
 -0.042450 0.089109 -0.096808 0.044969 0.097741 -0.069326 -0.055872 0.085156 0.056555 -0.060249 0.039670 -0.092606 -0.093641 -0.097079 -0.009879 -0.000954
 -0.048263 0.000246 0.044732 -0.018825 0.053528 0.094068 -0.027093 0.059472 0.098671 -0.059280 -0.025727 0.012932 -0.075124 0.033997 -0.019340 0.094383
 -0.082281 0.020035 0.024332 -0.059909 -0.081848 -0.077773 0.058820 -0.037219 -0.021393 -0.020167 -0.091264 0.069946 0.071828 0.020727 0.071748 0.083086
 -0.006294 0.019682 0.091403 0.017140 0.075059 0.054523 0.087617 -0.069358 0.038504 -0.079821 -0.096073 -0.089911 -0.029148 0.062998 -0.055448 0.006578
 -0.029185 -0.071613 -0.075025 -0.028707 -0.040811 0.031640 0.093766 0.069585 0.049904 -0.037921 0.054788 -0.097216 -0.020879 -0.040453 0.095816 0.061247
 0.068720 -0.093358 -0.034115 -0.093664 -0.052433 -0.003885 0.053690 0.030330 0.054315 -0.029782 0.013606 0.057899 0.070287 0.092905 0.045493 -0.074707
 0.024221 -0.097070 -0.007585 -0.068102 -0.094416 -0.013522 0.034285 -0.005594 -0.052779 0.056283 0.005996 0.082267 -0.062787 0.035974 0.001399 -0.046238
 0.019805 -0.038726 0.028483 0.089723 0.029940 -0.032900 -0.056318 -0.087788 -0.067489 0.075830 0.076618 0.070625 -0.055932 -0.075687 -0.069865 0.046200
 0.098182 0.025969 -0.019260 0.024943 0.079314 -0.088654 0.082750 0.042145 0.043882 -0.082546 0.085761 -0.005949 0.004562 0.015709 0.081352 0.004985
 0.064262 0.008677 0.097978 -0.016313 -0.031533 0.021391 -0.016286 0.065022 -0.029403 -0.012933 -0.048990 -0.084586 -0.065802 -0.030622 0.027513 -0.009669
 0.053093 -0.051901 0.012558 0.022191 -0.049988 -0.019417 0.025516 0.004043 0.068793 -0.003077 0.088340 -0.043355 0.045366 0.083620 0.070631 0.032346
 -0.040279 0.096214 0.007248 -0.014106 -0.092298 0.057938 0.002737 0.065999 0.048641 0.081907 -0.049598 0.063747 -0.032438 -0.022560 -0.032364 0.069710
 0.074927 0.084452 0.059688 -0.002525 -0.017236 -0.000445 0.010204 0.085797 0.008755 0.044988 0.021391 -0.082824 -0.040435 0.007683 -0.061599 -0.038763
 0.054099 -0.066754 -0.016097 -0.060101 -0.038170 -0.010021 0.070342 -0.086845 0.037906 -0.017209 -0.033360 -0.057153 0.022522 -0.062207 0.012072 0.082778
 0.079392 -0.051327 -0.056826 -0.056780 0.008851 0.099028 0.009016 0.080609 0.047340 0.083428 -0.046694 -0.067730 -0.075991 0.043889 -0.026822 0.067885
 0.029024 0.083793 0.074752 0.026710 0.055600 -0.058741 -0.080511 0.051625 -0.023792 0.011605 -0.070747 0.068259 0.061081 -0.065973 0.085809 -0.027263
 -0.044718 -0.023818 0.026015 0.072266 -0.037863 0.026755 0.077535 -0.095072 -0.070636 0.079516 0.019212 -0.003400 0.098094 0.098968 0.068490 0.000911
 0.059344 -0.023392 0.035398 -0.063784 0.089898 -0.002468 -0.089203 -0.027169 0.088184 -0.061053 -0.060131 -0.099678 0.043142 -0.054675 0.065838 -0.068037
 0.068427 -0.099042 0.058721 -0.030924 -0.004513 -0.005764 0.085657 -0.026126 -0.097542 0.087641 -0.089912 0.094292 0.099043 -0.011765 -0.035352 -0.079906
 -0.091389 -0.044959 -0.052556 -0.020627 0.085585 0.006836 0.030354 -0.023220 -0.087228 0.006286 -0.074629 -0.034964 0.091643 0.009559 0.081315 -0.049128
 -0.089723 -0.079093 0.097925 -0.090066 -0.078637 0.025240 -0.030965 0.006879 0.086877 -0.085140 0.032031 0.049385 -0.077744 -0.072507 0.084737 0.085495
 0.011908 -0.044493 0.062026 -0.080348 -0.023154 0.040254 -0.000397 0.050536 0.047198 0.024947 -0.038527 0.005148 -0.074760 0.060806 -0.090848 0.033943
 -0.080431 -0.008124 -0.044653 -0.014230 0.067815 -0.098661 -0.017352 0.006445 0.024670 0.090704 -0.099040 -0.016440 0.090728 -0.077589 0.029300 -0.016491
 0.024348 0.029665 0.045478 0.058122 0.078565 0.083231 -0.047038 0.032782 -0.064033 -0.047599 0.029521 0.088156 -0.031221 -0.011418 0.072367 -0.070074
 -0.092806 0.029402 -0.010758 -0.079431 0.047472 -0.034338 -0.070516 -0.084558 0.069948 -0.082295 0.050229 -0.041799 -0.074236 -0.019405 -0.070317 -0.021535
 -0.074757 -0.025616 -0.076003 -0.021467 0.073621 0.084458 0.083614 -0.042757 -0.015840 -0.026338 0.018101 -0.098055 0.044857 -0.014951 -0.033498 -0.084759
 0.038324 0.074783 0.075151 -0.028541 0.067949 -0.079694 -0.060144 -0.043131 0.078857 -0.043381 0.073133 -0.060806 -0.092578 0.001299 0.033323 0.060352
 -0.039293 0.037529 -0.072831 0.014877 -0.088649 -0.088267 0.021102 0.033397 0.095298 -0.090651 -0.039314 0.062815 -0.033991 -0.024381 0.008086 -0.070602
 -0.013966 -0.099243 0.014742 0.025382 -0.035449 -0.011979 -0.017979 0.004754 0.065388 -0.072493 -0.051972 0.095081 0.060798 -0.065372 -0.095732 -0.051165
 -0.078156 -0.019969 0.084394 -0.083328 -0.085968 -0.096394 -0.038646 -0.064791 0.066818 0.037785 -0.072809 0.022708 -0.031416 -0.081048 -0.095018 0.060269
 0.014734 -0.097798 0.021225 0.093278 -0.059648 0.014342 -0.019069 -0.006625 -0.051541 -0.037905 0.032013 -0.030088 -0.070382 0.037364 -0.055936 0.040305
 -0.080573 -0.014749 0.003425 0.038231 0.094348 -0.042894 0.048658 -0.071959 -0.086876 -0.095663 0.098288 0.068091 0.078626 0.019035 -0.092861 -0.076244
 0.037289 -0.014691 -0.097059 0.046187 0.043005 0.054164 0.040953 -0.079705 -0.065446 0.081952 0.087812 0.076862 0.070785 -0.022386 -0.087070 0.059792
 0.093997 0.074129 -0.070876 -0.074408 0.082887 -0.000152 -0.065568 -0.056766 -0.032154 -0.019508 0.005537 0.035564 0.083134 -0.069456 0.082942 0.044141
 0.092038 0.069615 0.066845 0.046568 -0.004681 0.036983 -0.052093 -0.017476 -0.091047 -0.045817 -0.034323 0.010728 0.023486 0.057206 0.048188 0.063281
 0.081960 0.016279 0.066483 0.070504 0.074010 0.013393 0.073561 0.010002 0.083639 0.059142 -0.022186 -0.019187 -0.059413 -0.026653 -0.012935 -0.013929
 -0.018186 0.002052 0.089386 0.020636 -0.006329 -0.045420 -0.039593 -0.001365 -0.035609 -0.055198 -0.063744 0.071578 0.088202 0.094073 -0.043791 0.041129
 -0.074434 -0.019844 -0.089805 0.047037 0.040258 -0.070302 -0.066449 -0.009297 0.082544 -0.079346 -0.066182 -0.028211 0.031806 0.099171 -0.084922 -0.067259
 -0.041500 -0.060447 -0.038748 0.024782 0.088976 -0.075267 -0.017453 -0.052908 -0.027527 0.071106 0.077394 -0.014482 -0.001768 -0.014919 0.085890 -0.083500
 0.050567 0.054067 -0.095790 -0.020875 -0.098918 -0.067093 0.054848 -0.062743 -0.094116 -0.009192 -0.020919 0.077945 0.010865 0.027299 -0.006131 0.095504
 -0.014797 0.034004 -0.074155 -0.037335 -0.028595 0.034282 0.049459 -0.046122 0.034106 -0.020041 -0.047588 0.038923 -0.091763 -0.054435 -0.081090 0.087578
 -0.050411 0.072284 -0.081596 -0.099410 0.094829 -0.014173 -0.087685 0.033969 -0.033035 0.087049 0.030284 -0.039986 0.089865 -0.074038 0.029040 -0.063638
 0.010494 -0.021188 0.030902 -0.058205 0.054517 -0.073525 -0.068259 0.006361 -0.046079 -0.089046 0.046956 -0.050548 0.097535 0.039502 -0.071273 0.053439
 -0.014417 -0.099490 -0.028856 0.069333 0.004418 0.088974 -0.088752 0.004289 0.051362 0.087297 -0.088141 0.002363 -0.012438 -0.013397 -0.033014 0.048830
 -0.080921 0.041843 -0.077658 0.018072 0.039595 0.013912 0.090761 -0.079665 0.065400 -0.074853 0.025119 0.099742 -0.023530 -0.036828 0.013456 -0.026058
 -0.014947 -0.066923 0.013529 0.054127 -0.017458 -0.023239 -0.077759 0.097064 -0.039305 0.070118 0.011684 0.007876 -0.034220 0.097478 -0.078237 -0.088261
 -0.000525 -0.058263 -0.099394 0.058697 0.024393 0.008578 0.050215 -0.040783 0.027726 0.005485 0.044992 0.087141 -0.081557 -0.027215 0.036130 -0.095369
 0.014796 0.024653 -0.013296 -0.035535 -0.096765 0.047481 -0.034298 0.088864 0.067713 0.018852 0.043440 -0.046516 0.093145 -0.015151 0.036151 -0.025293
 -0.044120 0.029294 -0.011640 0.035053 0.094909 0.044536 -0.061381 -0.016015 0.074438 0.044497 -0.030831 -0.043493 -0.054788 0.036307 0.045140 -0.078263
 0.018935 0.062110 0.037901 -0.003785 -0.014721 0.095308 0.089211 0.044218 0.079023 -0.095291 0.052250 -0.036074 -0.004213 0.014105 0.031400 0.028015
 -0.067479 -0.052154 0.096132 0.091715 0.006945 -0.028313 -0.057038 0.052944 0.095408 0.070984 0.005389 0.094846 -0.033694 -0.087436 0.058124 0.081509
 -0.062590 0.040997 -0.040644 -0.064234 0.041693 0.016250 -0.060856 -0.028817 0.054891 0.039918 -0.061762 -0.067527 -0.039670 -0.016271 -0.030833 0.034249
 0.010181 -0.007612 0.041691 -0.025367 -0.029309 0.002804 0.080116 -0.059131 -0.096099 -0.050306 -0.003528 -0.097143 -0.074736 -0.002403 -0.010927 -0.083087
 -0.046576 0.008681 0.016565 0.006656 0.020216 0.095818 -0.060049 -0.078551 -0.030599 0.011721 0.077550 -0.032261 -0.090432 0.049145 0.099659 -0.093996
 -0.080823 0.009072 -0.064415 0.011139 -0.012134 -0.079191 -0.057856 0.051484 -0.033778 -0.039697 -0.023047 -0.036058 -0.077152 0.041925 -0.088915 -0.041195
 -0.027215 -0.062626 0.043659 -0.056357 -0.096448 -0.055037 -0.078391 -0.048040 -0.069126 0.051159 0.072586 -0.062014 0.041182 -0.002870 0.029250 0.010038
 -0.023937 -0.008965 0.063283 0.047848 -0.032418 0.007489 -0.047071 -0.091636 0.031296 0.063405 0.004316 0.041756 -0.045746 0.019372 -0.085728 -0.062149
 -0.075618 -0.038816 -0.092684 0.090793 0.079977 0.047470 0.045435 -0.097807 0.091051 0.069635 -0.016451 -0.044158 0.008866 0.059689 0.044474 -0.075393
 0.087855 0.070283 0.054761 -0.095430 -0.077748 0.044728 0.004426 0.092140 0.065067 0.029592 -0.005545 -0.090938 0.064728 0.097619 0.054810 0.027441
 -0.088931 0.029179 0.001958 0.024835 -0.091085 -0.042071 -0.095684 0.046703 0.023631 -0.098760 0.004234 -0.035278 -0.003834 -0.001902 -0.008832 0.016745
 -0.034498 0.041630 0.046185 -0.041206 0.031803 0.014434 0.008492 0.061146 0.059844 0.054199 -0.054275 0.051838 -0.075257 0.095835 -0.004268 -0.024089
 -0.087366 0.092185 -0.065373 0.085508 0.060206 0.020229 -0.048321 -0.052366 -0.052232 -0.004845 -0.079085 -0.005742 -0.011897 0.013145 -0.059184 0.005123
 -0.050048 -0.047153 -0.077256 -0.083381 0.077912 0.088029 0.002020 -0.006248 -0.026116 -0.067068 -0.082373 0.033711 -0.076909 0.087242 0.038356 -0.045639
 -0.054305 0.049572 0.059109 -0.073038 -0.066507 0.079798 0.048450 -0.033609 -0.023426 0.005921 -0.045964 0.081069 0.064813 0.080372 -0.032436 -0.006285
 0.022741 -0.054134 0.070829 -0.066928 0.031619 0.026634 -0.088469 0.086388 -0.083835 -0.077868 0.040359 -0.026142 -0.021124 -0.060450 0.066854 -0.085598
 -0.021495 -0.075152 -0.084541 0.090585 0.040617 0.091986 0.086970 -0.062906 -0.058019 -0.062394 0.096586 0.024184 -0.071095 0.084956 -0.078173 0.096975
 0.003058 0.034171 0.020758 -0.018158 0.068106 -0.005591 -0.076755 -0.080755 -0.031919 -0.082174 0.047007 -0.085978 -0.049728 -0.089958 0.054796 0.075573
 -0.027768 -0.075874 -0.040955 -0.008357 0.035775 0.025087 -0.043791 0.081060 0.080665 0.073811 -0.004096 -0.021571 -0.080750 -0.081954 0.086010 0.006031
 -0.094937 -0.005517 0.022788 0.082054 -0.085259 0.026245 0.045160 -0.001430 0.033621 0.032095 -0.011526 -0.072719 -0.021264 -0.083443 0.051280 -0.015335
 0.005477 0.015092 0.059281 0.076710 -0.055375 0.066605 -0.062315 -0.020667 0.075250 0.087578 0.062516 0.070163 0.021153 0.056400 0.037313 0.081992
 -0.008207 -0.096894 -0.085201 -0.037111 0.063868 -0.021537 -0.026583 -0.008831 -0.075106 -0.034224 -0.020013 -0.078922 0.013972 0.086548 0.095921 -0.099534
 0.066186 -0.001574 -0.004066 0.046617 -0.081382 -0.087164 -0.012380 -0.022311 -0.041400 0.082956 0.070859 -0.070561 -0.009576 -0.053766 -0.063056 -0.078872
 0.040344 -0.074623 0.009636 0.008110 -0.064083 -0.085345 0.030006 -0.019799 0.008969 -0.028317 0.007778 0.065390 -0.020929 0.063234 0.029732 -0.029827
 0.016046 0.025851 -0.098665 0.016616 0.017538 -0.022873 -0.007851 -0.076011 -0.070614 -0.053156 -0.092024 -0.012453 0.093487 -0.023354 -0.073369 0.032603
 0.022360 -0.032260 0.075381 0.052535 0.017134 0.038947 0.071526 0.032195 -0.011895 0.002607 0.031004 -0.037825 -0.062819 -0.065762 -0.040772 -0.050897
 0.017737 -0.044725 -0.042536 -0.070826 -0.036821 0.094258 0.045626 0.032263 -0.075020 0.020493 0.048397 0.039067 -0.010202 0.004459 -0.032695 0.058951
 -0.013827 0.001712 0.069426 -0.051069 0.044508 -0.075784 -0.085899 -0.015168 -0.067149 -0.039251 -0.025533 -0.040514 -0.050170 0.015362 0.062199 -0.093990
 0.005834 -0.081662 -0.056120 0.004006 -0.090435 0.077468 -0.027882 -0.020215 -0.002033 0.020747 -0.046315 -0.082189 -0.092895 0.000763 -0.093968 0.048187
 0.099752 -0.012369 -0.012650 0.003678 0.096120 0.041444 0.051962 0.023204 0.045395 -0.061005 -0.010865 -0.091116 0.033199 -0.093201 -0.028500 0.059907
 -0.032290 0.043164 0.066535 0.019807 -0.093880 -0.089872 -0.097682 -0.041255 -0.090533 -0.098778 -0.016505 -0.035064 0.094637 0.050423 0.015696 -0.008323
 -0.058565 -0.067309 -0.091733 0.002244 -0.080188 0.001984 0.061582 0.088424 -0.053346 -0.096375 0.076820 0.094710 -0.077906 0.048466 0.086548 -0.054188
 0.087767 -0.067613 -0.021328 -0.087917 -0.043932 -0.075834 0.020868 0.062185 -0.094284 0.037490 -0.026696 0.001734 -0.072618 -0.080498 -0.067114 0.034095
 0.073123 -0.020241 0.046821 -0.003179 -0.001254 -0.078333 0.047994 -0.053370 0.051202 -0.076676 -0.046290 0.083134 0.086424 -0.057693 -0.038667 0.093092
 -0.099868 0.012409 -0.091417 -0.010710 -0.022768 -0.013207 0.049190 -0.030412 -0.022227 -0.094580 0.044006 -0.057867 -0.052877 0.034247 0.064385 0.073373
 -0.077405 0.098123 -0.039869 0.050198 -0.048236 -0.055948 0.004032 -0.078475 0.086835 -0.006990 -0.018880 0.079970 -0.014096 -0.094987 -0.070122 0.003543
 -0.076873 -0.055498 0.091721 -0.096614 -0.095505 0.071023 -0.016000 0.014363 0.008838 -0.019387 0.043754 -0.059704 0.082327 -0.055879 0.025170 0.073735
 0.051003 0.020940 0.061940 0.020701 0.008969 -0.097744 0.072551 -0.069418 0.083199 -0.060641 -0.069385 -0.030267 0.083301 0.037473 0.058412 0.098981
 -0.035864 -0.004885 -0.082060 0.067424 -0.072217 0.013947 0.074366 0.014089 0.048202 0.069663 0.057858 0.025369 -0.008752 0.009380 0.063405 0.010121
 0.033385 0.052176 -0.090440 0.031515 0.021044 -0.029746 -0.000462 -0.054749 -0.074601 0.091559 0.089491 0.014191 -0.071294 -0.055262 0.013635 0.096195
 0.054745 0.004868 0.041261 -0.054751 0.006904 0.055292 0.043503 0.023676 0.050037 -0.099802 -0.090361 0.025253 -0.096544 -0.038552 0.070949 0.013391
 0.088009 -0.005094 0.061018 0.065646 0.001868 -0.066202 0.025419 0.059835 -0.019223 -0.061945 -0.058212 0.088245 -0.044835 -0.045050 -0.002099 -0.003062
 -0.022392 0.007401 0.060002 -0.063972 -0.059600 -0.068652 0.090914 -0.078520 0.027996 -0.083325 0.059141 0.073937 -0.025092 -0.038183 0.018598 0.005471
 -0.097057 -0.078858 -0.027434 -0.035476 -0.078245 0.059703 -0.075966 -0.083710 0.004310 -0.008858 0.007267 0.007770 0.032782 -0.080632 -0.050377 -0.017060
 0.070619 0.081069 -0.042552 -0.012018 0.096460 -0.042191 -0.057795 -0.039239 -0.078596 -0.051996 0.030441 0.021279 -0.076609 -0.053504 0.076875 0.000278
 0.020778 -0.066248 0.099843 -0.047980 -0.084141 0.064619 0.049105 -0.011052 0.016594 -0.003385 0.098262 -0.091084 -0.070417 0.011032 -0.045107 0.086903
 0.029728 0.020240 -0.019676 -0.078066 -0.085424 -0.004095 0.087888 -0.072337 0.038386 0.089506 0.072594 -0.098673 -0.094275 0.017750 -0.049500 -0.005424
 0.044547 0.079495 0.016637 -0.082744 0.096158 0.043309 0.021203 -0.055394 -0.080452 0.043166 -0.024580 0.078641 0.077561 -0.078163 0.082328 0.080611
 0.030026 -0.054545 0.022745 0.089008 -0.022549 -0.017664 -0.017227 0.078723 -0.003283 -0.062590 0.040029 0.056554 -0.007528 0.022777 0.025386 0.078185
 0.025968 0.030325 -0.055433 0.047575 -0.091860 -0.041114 -0.083528 0.072343 -0.074071 0.029415 0.035596 -0.000645 -0.045905 0.047963 0.046257 -0.015992
 0.094666 -0.064412 -0.044030 -0.058321 -0.035489 -0.057628 -0.084063 -0.014399 -0.047551 -0.089095 0.059659 -0.006379 -0.062262 0.088476 0.089144 0.091326
 -0.098950 -0.023341 0.037617 0.040410 0.088468 -0.021934 0.083185 -0.000407 -0.035963 0.054504 0.051853 0.016855 -0.073732 -0.058576 0.009615 0.066294
 0.009194 -0.017938 -0.094073 -0.008523 0.095185 -0.082243 0.093203 0.051104 0.010775 0.055656 -0.074054 0.037434 -0.014266 -0.006458 -0.022631 -0.087730
 -0.080689 -0.027303 0.084402 0.070281 0.035924 -0.066685 0.062763 -0.034601 0.059561 0.061197 -0.033545 -0.056497 -0.085215 0.036504 0.000638 -0.008313
 0.072386 -0.092890 0.094227 0.049680 0.000823 -0.099994 -0.053212 -0.015236 -0.089614 -0.037159 0.024342 0.013726 -0.054216 0.055828 -0.081378 0.021314
 0.057467 0.068943 0.079332 0.065677 0.011205 -0.006705 0.032648 -0.070945 -0.062562 -0.016002 0.005566 0.009608 0.033052 0.011898 0.088470 0.073066
 0.045706 0.046001 -0.056884 -0.092601 0.014534 0.094528 0.006651 -0.086313 -0.091621 0.061236 0.071245 0.087164 0.041433 0.075228 -0.087253 0.091279
 0.094867 0.026778 -0.053770 0.058504 -0.007091 0.087158 -0.030026 0.091043 0.026322 0.079296 -0.025634 -0.013013 -0.043395 0.083103 0.079610 0.085065
 -0.023154 0.099831 -0.054340 0.019661 0.096313 -0.071913 0.004565 -0.035690 -0.082337 -0.009725 -0.095358 -0.069562 -0.055145 0.082148 -0.057493 -0.069675
 -0.047529 -0.035584 0.091031 -0.039956 -0.034047 0.071435 -0.054411 0.098396 -0.044506 -0.013392 0.028884 -0.099629 -0.053781 -0.019049 0.027216 0.032332
 -0.027917 -0.065266 0.064478 0.086638 0.034245 0.003214 0.052777 0.009197 0.016426 0.097158 -0.013423 -0.034575 0.005491 -0.098268 -0.097267 -0.021162
 -0.035111 0.059644 -0.052116 -0.038386 -0.043755 -0.054088 -0.025517 -0.087592 0.019468 -0.023351 -0.062503 0.030224 0.048771 0.029838 -0.091726 0.084906
 -0.059116 -0.036121 0.016861 0.097878 -0.006012 -0.096877 -0.098222 -0.063160 0.090981 -0.096287 0.091639 0.086750 -0.081780 -0.086734 0.016736 0.083838
 -0.094236 -0.095145 -0.045175 0.081058 -0.023849 -0.040580 -0.086467 -0.077350 -0.004693 -0.036451 -0.021950 0.032103 -0.037218 0.088838 0.083568 -0.003327
 0.030016 -0.029231 -0.077710 0.024308 0.038897 0.035440 -0.077174 -0.076791 0.095464 0.006413 -0.078530 -0.070885 -0.074744 -0.082129 0.071276 0.041342
 -0.021498 -0.093949 -0.079366 -0.020743 0.083954 -0.032104 -0.059867 0.038986 0.060452 -0.064375 0.011247 0.099721 -0.004067 -0.009553 0.009973 0.053644
 -0.089065 -0.040828 -0.069713 0.070364 0.002892 -0.088521 -0.063325 -0.057191 0.016473 -0.067947 0.088859 0.076616 0.089027 0.013317 -0.040885 -0.035854
 -0.006807 -0.097743 -0.051212 0.041661 -0.034883 -0.019956 -0.009638 -0.002378 -0.026450 -0.009512 0.045890 0.087504 0.098600 -0.055893 -0.030040 -0.047485
 0.036683 -0.019830 -0.030652 0.040344 -0.017573 -0.039890 -0.023706 0.023901 0.008164 0.006858 -0.037801 0.074609 -0.063774 -0.073853 -0.026201 0.030474
 -0.066788 0.002177 0.028370 -0.014758 0.019783 0.045210 0.086841 0.077155 -0.037296 0.037251 -0.061054 -0.018172 -0.024420 0.003041 -0.033534 0.075162
 -0.066528 -0.041308 0.064642 -0.072570 -0.000199 0.049640 -0.067028 0.084831 -0.005860 -0.054804 -0.008532 0.006640 -0.053010 0.085424 0.001604 -0.053857
 -0.038233 -0.018672 -0.022338 0.057855 -0.032315 -0.036187 -0.042049 0.092414 0.042318 0.046468 -0.004375 0.037768 -0.069162 0.014557 0.074645 -0.040188
 -0.008869 -0.056911 0.074156 -0.070415 -0.018521 -0.086952 -0.034595 -0.031803 0.039761 -0.065102 -0.094402 -0.071959 0.046964 0.044911 -0.002575 0.018952
 0.049140 -0.041231 -0.012299 -0.079355 -0.013294 0.049760 -0.072364 0.009344 -0.063474 0.005370 -0.078762 0.014276 -0.025251 -0.081354 -0.046775 0.006630
 0.003993 -0.096430 0.088706 0.057697 -0.091625 0.085701 0.013357 0.051017 0.061533 0.018543 0.050790 -0.026549 0.082535 -0.012604 -0.017785 0.040389
 -0.058387 -0.019912 -0.070233 -0.048329 0.029073 -0.052405 -0.016825 0.079228 0.025574 0.016710 -0.056825 0.041330 0.061040 -0.058589 -0.066805 -0.014918
 -0.033687 0.098428 -0.049663 -0.089431 0.099081 -0.036363 -0.097019 -0.083874 0.097315 -0.012557 0.025233 0.094731 0.015544 0.013510 0.041150 0.066600
 -0.088172 -0.097629 0.073462 0.050598 -0.066148 -0.044065 0.006546 -0.074485 0.045363 0.041398 -0.051580 -0.009793 0.047357 0.067267 0.095186 -0.083756
 0.001992 0.019739 -0.027192 0.026015 -0.076438 -0.077262 0.080042 -0.034658 0.068299 -0.006232 -0.080523 -0.063343 0.001408 -0.002347 -0.077806 -0.094898
 0.030321 -0.016799 0.011984 0.043640 0.038510 -0.023539 -0.018627 0.098268 -0.062766 0.094461 0.020180 -0.079526 -0.067005 -0.072479 0.030280 -0.056054
 -0.070381 -0.056460 0.005018 -0.079960 0.001702 -0.063782 -0.045756 0.093712 0.082786 0.017543 0.044331 0.060016 -0.089212 0.019800 -0.021849 0.049314
 -0.098182 0.006743 -0.082570 0.042057 0.035005 -0.006980 0.061881 -0.059727 -0.082728 -0.087144 0.053049 -0.051196 0.023424 0.010181 -0.094434 -0.028630
 -0.025455 0.003686 -0.006772 0.056299 0.078692 -0.060562 -0.084148 -0.048708 0.031241 -0.062448 0.049008 -0.082571 0.091325 -0.075802 0.058248 -0.034465
 0.037658 -0.003769 0.038322 -0.085585 0.093868 0.059658 -0.012095 0.033108 -0.050535 -0.018616 -0.002861 -0.074665 -0.096651 -0.057419 0.039893 0.082982
 -0.069661 -0.078583 0.007431 0.062378 0.025109 -0.074123 -0.010223 -0.002807 -0.095747 -0.031886 -0.020140 0.010962 0.090368 -0.051284 -0.032503 -0.017208
 -0.028825 0.022735 0.044138 -0.061627 0.026680 -0.075408 0.003973 -0.075353 0.071181 -0.018617 0.099654 0.082791 0.025606 -0.000195 -0.075413 -0.041818
 0.067121 0.027264 0.096144 0.086751 -0.040949 0.042269 0.002506 -0.013830 0.050139 -0.003437 -0.062300 -0.088736 0.076190 0.030476 0.043331 -0.001494
 -0.067778 0.084105 -0.049567 0.011644 -0.047495 0.056914 -0.096846 0.050867 -0.025272 -0.081246 -0.014738 0.008288 -0.060879 0.039172 -0.020295 0.063596
 0.030088 0.022634 0.071033 0.059886 0.095677 -0.071485 0.016720 -0.083948 0.070432 -0.040962 0.052073 0.064639 0.077484 -0.061902 0.049000 -0.079345
 -0.013720 0.076378 -0.019416 -0.025430 -0.011864 0.003708 0.087533 0.086425 -0.009329 -0.051222 0.054382 0.001727 0.093113 -0.058925 0.008513 0.066774
 0.084844 -0.039630 -0.094969 0.075546 0.072297 0.060743 -0.079781 -0.036209 -0.066096 0.078319 0.088832 -0.063381 0.014631 0.097412 -0.037713 0.022087
 -0.000545 -0.089750 0.080779 -0.021158 0.088897 0.030014 0.064031 -0.033773 -0.073506 -0.003681 0.023006 0.082377 -0.076359 0.099688 0.072578 0.074560
 0.014720 0.036984 -0.034552 -0.029980 0.066931 0.067952 -0.025401 0.019446 -0.002535 0.059072 0.038904 0.015626 -0.049364 -0.011580 -0.089016 -0.096334
 0.042612 -0.005379 0.014738 0.037587 0.019809 0.077207 -0.048432 -0.042784 -0.038954 -0.024855 -0.031628 0.055021 0.062110 -0.050159 -0.029494 -0.068141
 -0.010908 -0.096692 0.015612 -0.077244 0.037130 -0.031657 0.076911 0.009851 -0.094629 -0.097199 -0.057206 -0.060414 0.064884 0.025560 0.049483 0.047521
 -0.007343 0.004723 -0.007667 0.000507 0.014347 -0.013607 -0.038721 0.044703 0.011733 -0.084404 -0.018105 -0.069393 0.028466 -0.030086 -0.043868 0.075305
 -0.050462 0.058051 0.021452 0.036372 -0.008297 0.028957 0.006794 0.047262 -0.002822 -0.097753 0.080989 0.000005 -0.025515 0.044957 0.014955 0.079407
 0.090194 -0.066542 -0.058865 0.022138 -0.099533 -0.049786 0.040139 0.039045 0.063354 -0.084360 -0.061768 0.065518 0.039500 -0.026335 0.013312 0.087908
 0.067854 0.082978 0.092340 -0.052924 0.018733 0.067582 -0.049474 0.047139 -0.055539 0.050925 0.068281 0.054123 -0.004561 -0.063001 -0.091650 0.058390
 -0.090151 -0.079285 -0.069973 0.079632 0.075063 -0.048558 -0.009565 0.002561 -0.071744 -0.055697 -0.066394 -0.090750 0.037183 -0.062940 -0.053325 -0.052793
 -0.058654 0.041387 0.061337 -0.034882 0.003925 -0.077633 0.099590 -0.043116 0.018165 0.008677 -0.074516 0.094797 -0.022490 -0.060483 -0.058060 -0.056759
 0.034364 -0.092702 -0.052771 -0.007173 -0.074748 -0.055573 -0.057348 -0.045051 -0.025863 0.029537 -0.068993 0.085546 -0.073898 -0.095542 0.039887 0.032465
 -0.062373 0.020894 -0.036725 -0.058848 0.064944 0.028553 -0.084246 -0.029377 -0.094529 0.090934 -0.012084 0.070526 0.063593 -0.028367 -0.076178 -0.065275
 -0.067026 -0.096914 -0.085088 0.081364 0.077383 0.056870 0.056237 0.027091 0.079457 -0.050239 0.007332 0.044699 0.087350 -0.050277 -0.014664 0.070669
 -0.070743 -0.028047 -0.014780 0.010793 0.079570 -0.075447 -0.068958 -0.090791 -0.032857 -0.018789 -0.024113 0.028469 -0.090999 -0.012658 -0.055042 -0.001660
 -0.027623 0.069587 -0.054698 -0.015159 -0.056129 0.061579 -0.037861 -0.096866 0.022864 0.049739 0.009088 0.015783 -0.013000 0.060078 0.041513 0.092724
 -0.096825 -0.089367 -0.042818 -0.006935 0.017735 0.048579 -0.005514 -0.097229 0.042778 -0.030890 -0.002552 -0.070610 -0.093968 0.038774 0.053563 0.064978
 -0.024882 -0.069152 -0.033434 0.098463 -0.063378 -0.070817 -0.033045 0.059001 -0.029121 0.038951 -0.076312 -0.043987 0.023912 -0.083622 -0.094639 0.020838
 0.059274 0.003690 -0.073154 0.087976 0.077491 0.072102 0.082260 -0.053611 0.063298 0.073361 -0.064159 -0.012016 0.001161 -0.056650 -0.065173 -0.061283
 -0.078342 -0.042426 -0.068646 -0.014417 -0.072022 0.009801 -0.083027 -0.057402 -0.034217 0.031995 -0.091564 -0.006442 -0.071076 -0.042249 0.088650 -0.040105
 0.062662 -0.026694 -0.002141 0.064042 -0.075236 0.052457 0.096164 -0.067193 0.000723 -0.092898 0.077611 -0.048317 -0.092933 0.062695 0.041359 -0.030229
]
Total memory size for keys: rot_key_cnt = 143, rot_key_size = 3598762024 bytes, total_key_size = 3638608448 bytes
Total memory size for weight plain: cnt = 145, size = 317204680 bytes
RTLib functions         	       Count	      Elapse
--------------------    	    --------	    --------
FINALIZE_CONTEXT        	           1	    0.004494 sec
PREPARE_CONTEXT         	           1	   15.876609 sec
ENCODE_ARRAY            	         146	    1.177971 sec
NTT                     	        4560	    5.391209 sec
INTT                    	         349	    0.443056 sec
MAIN_GRAPH              	           1	    3.772068 sec
 HW_ADD                  	        1838	    0.129137 sec
 HW_MUL                  	        1210	    0.361094 sec
 HW_ROT                  	        1224	    0.075785 sec
 EXTEND                  	          10	    0.004288 sec
 PRECOMP                 	         146	    1.292287 sec
 MOD_DOWN                	           9	    0.098629 sec
 DOT_PROD                	         292	    0.553616 sec
 RESCALE_POLY            	           8	    0.040183 sec
 COPY_CIPH               	           4	    0.001766 sec
 INIT_CIPH_SM_SC         	         292	    0.004485 sec
 INIT_CIPH_UP_SC         	         145	    0.017007 sec
 INIT_CIPH_DN_SC         	           4	    0.000866 sec
 PT_ENCODE               	         145	    1.172441 sec
MAIN_GRAPH              	   sub total	    3.751584 sec
19.88s 3755396KB
Exit 0 - Check log: /app/ae_result/hpao/i128x16x16_k2p0s2.moddown.log
LINK_EXEC RETV:0
LINK_EXEC CMD TIME:20.914087s
