FAST_DOT_PROD=1
/app/hpao_cmplr/bin/fhe_cmplr /app/model/i16x32x32_ci16_co32_k1p0s2.onnx -o /app/ae_tmp/i16x32x32_ci16_co32_k1p0s2.onnx.c -VEC:conv_fast -VEC:ms=32768 -CKKS:N=65536 -P2C:df=/app/ae_tmp/i16x32x32_ci16_co32_k1p0s2.onnx.weight -CKKS:sk_hw=192 -O2A:ts -FHE_SCHEME:ts -VEC:ts -SIHE:ts -FHE_SCHEME:ts -POLY:ts -P2C:ts -CKKS:ts:q0=60:sf=56 -POLY:ts -P2C:ts -P2C:fp -SIHE:relu_vr_def=10
[/app/hpao_cmplr/bin/fhe_cmplr][ONNX2AIR][--] : phase_time = 0.000158 / 0.000289(s)
[/app/hpao_cmplr/bin/fhe_cmplr][SCHEME_INFO_ANALYZE][--] : phase_time = 0.000032 / 0.000329(s)
[/app/hpao_cmplr/bin/fhe_cmplr][VECTOR][--] : phase_time = 0.016042 / 0.016374(s)
[/app/hpao_cmplr/bin/fhe_cmplr][SIHE][--] : phase_time = 0.004352 / 0.020734(s)
[/app/hpao_cmplr/bin/fhe_cmplr][CKKS][--] : phase_time = 0.004348 / 0.025088(s)
[/app/hpao_cmplr/bin/fhe_cmplr][POLY][--] : phase_time = 0.018296 / 0.043390(s)
[/app/hpao_cmplr/bin/fhe_cmplr][POLY2C][--] : phase_time = 0.005688 / 0.049086(s)
COMPILE RETV:0
COMPILE CMD TIME:0.057927s
/app/hpao_cmplr i16x32x32_ci16_co32_k1p0s2.onnx /app/test/i16x32x32_ci16_co32_k1p0s2.c i16x32x32_ci16_co32_k1p0s2.onnx.c
ckks_param: _provider = 0, _poly_degree = 65536, _sec_level = 0, mul_depth = 6, _first_mod_size = 60, _scaling_mod_size = 56, _num_q_parts = 3, _num_p = 3, _num_rot_idx = 73,_hamming_wieght = 192
input(tensor): [
 -0.061035 -0.069132 0.056582 -0.045286 -0.036835 0.034326 0.062254 0.062803 0.074689 0.019721 -0.028360 0.017220 -0.030757 0.024015 -0.089145 0.049915 0.053047 0.098393 0.033529 -0.048867 0.086333 -0.005917 0.021027 -0.050945 -0.069842 -0.091651 0.076372 -0.097752 0.063936 0.062384 0.046363 -0.078558
 -0.027046 -0.008649 0.056777 0.087416 0.013352 -0.077830 -0.051777 -0.094505 0.031254 0.002823 0.036750 0.036420 0.037232 -0.097986 0.060578 -0.033522 -0.053922 0.081442 0.023307 -0.037160 -0.011517 -0.004351 -0.086843 0.085707 0.055894 0.077646 -0.097214 -0.063241 -0.066206 -0.072950 -0.094271 0.091096
 -0.045605 0.086187 -0.008243 0.019752 -0.013953 0.078237 -0.064131 0.006882 0.036418 0.030301 -0.055229 -0.047691 0.051485 -0.029200 -0.002147 0.046840 0.036491 0.084007 0.007385 -0.064523 0.097228 0.016619 -0.019508 0.057813 0.015495 -0.015221 -0.073625 0.037721 -0.070911 -0.030069 -0.068488 0.095535
 -0.087892 0.075423 -0.048909 0.016121 -0.096779 0.083419 0.007491 -0.052749 -0.043711 -0.068035 -0.083863 -0.018505 0.050818 -0.056443 -0.036699 -0.098560 -0.072778 0.079296 -0.059812 -0.039215 -0.015341 -0.024407 0.069085 0.047081 -0.050176 0.024764 -0.033701 -0.029376 0.067968 0.055458 -0.045984 -0.073379
 -0.026475 0.011980 0.055405 0.001353 0.083339 -0.096972 -0.025023 0.063994 0.040629 0.060950 -0.075578 -0.018427 -0.044693 0.057685 0.024204 0.054167 0.089975 0.011211 0.071717 -0.073699 -0.099510 0.073609 0.086172 0.026203 0.022915 -0.042774 0.002484 -0.018626 -0.067058 -0.033198 0.078495 -0.048889
 0.070575 -0.012443 0.054913 -0.097413 -0.047731 -0.092945 0.048225 -0.055215 0.039001 -0.003111 0.089541 0.020369 -0.071674 0.000075 -0.039842 0.071570 0.099649 0.022001 0.037137 0.067167 -0.070746 0.090481 0.011424 0.054087 -0.038912 0.080075 -0.001823 -0.028563 0.074770 0.070055 -0.048491 0.056058
 -0.012614 -0.036959 0.089852 -0.038626 -0.077267 -0.021374 -0.070334 -0.060368 0.081874 0.052503 -0.063127 0.065714 -0.060507 0.075511 -0.069394 -0.005540 -0.023533 0.045290 -0.076519 -0.007132 0.087517 -0.018538 0.072412 -0.055084 0.021415 -0.026077 -0.011258 -0.088878 -0.053892 0.091747 -0.026394 -0.034661
 -0.012830 -0.019779 0.090724 -0.096681 -0.069071 -0.031259 0.003923 -0.025491 0.035802 -0.000065 -0.055318 -0.033470 0.011926 -0.022553 0.072999 0.051027 0.059426 0.017564 0.031209 0.094684 -0.038871 -0.029585 0.026897 0.087318 0.037313 0.083372 0.003919 0.066662 -0.081268 0.020621 0.061889 -0.070694
 0.085078 0.082414 -0.002574 -0.025075 -0.080111 0.054588 -0.002845 0.083544 0.095982 0.043537 0.021812 -0.053665 -0.041452 0.052008 -0.075744 -0.044771 -0.076928 -0.082080 0.006330 0.066557 0.074720 0.036252 0.054956 0.082541 0.049056 0.066376 0.093836 -0.015298 -0.006584 0.006020 -0.032625 0.051682
 0.059754 0.041852 -0.007772 0.032058 -0.037644 0.045948 0.060741 0.027196 -0.025718 -0.067419 -0.039121 -0.057996 0.066481 -0.071139 0.094192 -0.091287 0.078663 0.018399 0.019386 0.005604 -0.025355 0.022569 0.092296 0.046094 -0.050455 0.007805 -0.093574 0.011342 0.025186 -0.052003 0.071766 -0.017961
 0.047351 0.043205 0.091679 0.008502 0.003884 0.099120 -0.006052 0.006045 0.005737 0.040839 0.083352 0.011758 0.033510 -0.002375 0.000196 0.040123 0.007648 0.027109 0.048572 -0.045134 0.001307 0.054142 0.081023 -0.057800 -0.042175 0.026050 -0.042515 -0.048970 -0.089964 0.087805 0.030527 0.039865
 0.099490 -0.003222 0.064327 -0.027135 -0.086250 0.037352 -0.081840 0.089165 0.092715 0.077967 0.066967 0.076384 -0.056294 0.081407 -0.030475 0.089200 -0.017165 -0.043034 -0.063825 -0.001655 0.051515 0.024286 0.035125 0.013528 0.049736 0.092862 0.019706 -0.056959 -0.012273 0.099259 0.028170 -0.054659
 -0.001432 -0.008108 0.058648 -0.082593 0.086795 0.057894 0.083890 0.031712 0.070379 -0.080600 0.039713 0.010190 0.079953 -0.029582 0.008691 0.006107 -0.080496 0.034109 0.033756 -0.053444 -0.072558 -0.059042 0.062709 0.073888 0.085790 0.092397 0.006330 0.052205 -0.037178 -0.005280 0.002876 -0.071318
 0.080543 0.073625 0.031737 0.021488 0.010899 -0.031964 0.006404 -0.010603 0.051836 -0.068063 -0.001076 0.021279 0.080290 0.071094 -0.044916 -0.010745 0.062103 -0.042644 0.039796 -0.043295 -0.055565 0.014795 -0.035372 0.046928 0.079726 -0.073983 0.021594 0.032411 0.044690 -0.032739 -0.042690 0.062315
 -0.022864 -0.008986 -0.079493 -0.062297 0.063181 0.077248 0.019290 0.083057 0.025626 -0.042167 -0.082261 0.074837 0.003756 -0.094197 0.036244 0.094915 0.036398 0.071182 0.081447 0.071275 -0.071156 -0.099846 0.084659 0.024934 0.043585 0.064013 0.089781 0.023986 0.027665 0.082691 0.054252 0.013744
 0.057972 0.037581 0.063945 0.031884 0.089964 0.032501 -0.088356 0.034307 0.095340 -0.075413 -0.093919 -0.018684 -0.012980 0.084357 0.094772 0.006009 -0.015465 0.076872 0.004711 0.030689 -0.087347 -0.002085 -0.085156 -0.069207 0.059671 0.083698 -0.032593 0.045753 0.023529 0.042785 0.033406 -0.090557
 -0.011586 -0.084807 0.051710 0.005872 -0.034734 0.015904 0.079419 -0.070048 0.024034 0.006980 0.085768 -0.027784 0.040406 -0.093631 -0.035841 -0.003267 0.061295 0.063972 0.010382 -0.096289 0.018514 -0.016343 -0.062603 0.039954 0.062538 0.001414 -0.037082 -0.050746 -0.069807 -0.060273 0.021943 -0.035128
 0.028149 -0.012168 -0.049302 0.075217 -0.097520 0.075558 0.045806 0.055361 -0.091957 0.063279 -0.053406 0.047510 -0.007581 0.004465 0.065718 0.083774 -0.032482 0.061473 0.013373 -0.091377 0.026135 -0.032717 0.055649 -0.066584 0.086103 0.037967 0.055700 -0.033223 0.060702 -0.067145 -0.032089 0.025543
 0.019620 -0.030494 -0.012760 0.006495 0.041840 -0.041491 0.031578 -0.041348 -0.029858 -0.076618 -0.048931 0.005595 -0.023075 0.009790 0.024778 0.079043 0.002500 0.037280 -0.012856 0.000424 0.068217 -0.025159 -0.046007 -0.003944 0.053422 -0.017387 -0.065654 -0.001638 -0.082588 -0.084149 -0.073213 -0.095513
 -0.079414 0.017238 0.014337 0.031989 0.042317 0.059125 -0.003906 -0.066533 -0.003084 0.078965 -0.034591 -0.032932 0.024834 -0.035425 -0.077879 -0.094679 -0.026067 0.086979 -0.017745 -0.026481 0.075583 0.017140 -0.031536 -0.052514 -0.076221 0.014647 -0.019017 -0.099770 -0.056130 -0.017445 0.035253 -0.055524
 -0.032877 -0.088420 0.050223 -0.063437 -0.022507 -0.062813 0.052766 -0.016316 0.006144 0.098531 -0.040107 0.019495 -0.084250 -0.022672 0.096289 -0.059790 -0.063781 0.057825 0.074684 0.009621 0.095029 -0.001642 0.013602 0.046727 0.037319 -0.049771 -0.068103 0.099576 0.023187 0.066891 -0.065202 -0.007050
 0.023298 -0.004267 -0.091584 0.062213 -0.036800 -0.012899 -0.023704 0.033630 0.091373 0.063443 -0.068973 0.049544 -0.045789 -0.003701 -0.028606 0.096216 0.076629 0.077019 -0.043091 -0.059630 -0.017177 -0.071992 -0.088097 -0.067989 0.040548 -0.069956 -0.023303 0.075824 0.068915 0.074442 0.051009 -0.091245
 0.075885 -0.093597 -0.001905 0.087028 -0.070909 0.064114 0.018178 -0.076315 -0.028702 0.058131 -0.056901 -0.015055 -0.031910 -0.049706 -0.080381 -0.074806 -0.092918 -0.097879 0.037560 0.016448 -0.075723 -0.028575 -0.039495 0.077966 -0.041804 0.071734 -0.073838 -0.028769 -0.063842 0.016901 0.014726 0.014369
 -0.030839 -0.017407 -0.018918 -0.028427 -0.052902 0.046941 0.056916 0.001610 0.049065 0.039868 -0.010475 0.009725 0.067114 0.055127 -0.015720 0.037068 0.011128 0.088396 0.067339 -0.024446 0.055308 0.043191 -0.062771 -0.000377 0.043726 0.001682 0.021902 -0.008796 0.015137 0.096172 0.039882 0.076322
 -0.068193 0.041041 -0.051952 -0.002448 0.041681 -0.019445 -0.036030 0.094289 -0.003121 -0.062030 -0.010591 -0.083665 -0.084309 -0.086484 0.004940 0.076042 -0.030330 0.005138 0.074008 0.016339 0.074851 -0.054814 0.073517 0.069873 0.049883 -0.059156 0.092195 -0.000780 0.096393 -0.086080 -0.063043 0.067657
 -0.001438 0.070674 -0.090077 0.099106 0.089218 -0.091399 0.072214 0.095136 0.080219 0.020577 -0.056669 0.082578 -0.001770 -0.056390 0.001888 0.008496 0.047315 -0.078534 0.017146 -0.073511 0.050639 0.039289 0.093066 -0.051984 -0.002850 0.079345 0.029775 0.090742 0.058187 0.039761 0.003816 0.016072
 -0.063537 -0.096964 -0.003457 -0.064473 0.058927 -0.009905 0.025317 -0.093423 -0.010031 -0.041641 0.015360 0.031705 -0.061714 0.094838 -0.026801 0.003660 -0.049166 -0.057975 0.077406 -0.058841 0.030579 -0.053646 -0.058202 -0.006563 -0.063916 0.068491 0.054989 -0.074470 0.014077 0.013838 0.070919 -0.037186
 0.044788 -0.080700 -0.009278 -0.005611 0.095891 0.075211 -0.063250 -0.067459 0.095421 -0.098940 0.037734 0.003553 0.010149 -0.083022 0.062588 0.080595 -0.033640 0.080007 0.009016 0.036779 -0.035172 -0.066230 0.028639 0.015868 0.065284 -0.016967 -0.075511 0.009653 -0.034129 0.076705 -0.082903 -0.021583
 0.062187 -0.093057 0.016979 0.040866 0.013158 0.026605 -0.042175 0.008629 0.038788 0.072796 -0.077914 -0.080622 -0.060454 0.081009 0.054333 -0.058391 -0.099383 -0.023495 -0.047909 0.047758 0.049592 0.036416 0.078556 0.016200 0.027049 -0.009063 0.063323 0.009752 0.085375 -0.019332 -0.072546 0.028060
 -0.001193 0.021683 -0.032185 -0.098531 -0.047822 -0.054196 0.060993 0.017215 -0.033597 0.002219 -0.020398 -0.023379 -0.065211 0.052701 -0.004870 0.062392 0.046172 0.071363 -0.037282 0.055877 0.086349 -0.096060 -0.005272 -0.099580 0.011204 -0.011748 -0.076390 -0.072564 0.077455 -0.073562 0.081644 -0.008334
 -0.080302 -0.062353 -0.066794 -0.080968 0.020779 0.082110 -0.099375 -0.069846 0.045282 0.029714 -0.068967 0.077587 -0.061686 0.009735 -0.087516 0.057595 0.098404 -0.096700 0.076485 -0.082682 -0.053305 0.098525 0.046897 -0.096236 0.020484 0.018590 -0.057127 -0.098304 0.019072 0.005647 -0.062061 -0.026411
 -0.076888 0.065581 0.017165 0.007228 0.023159 -0.044171 -0.025573 -0.032907 -0.045358 -0.018130 0.033966 0.066334 0.011416 0.052797 0.049795 -0.019659 -0.047376 -0.032179 -0.076809 -0.008252 -0.038731 0.059857 -0.022270 -0.079771 0.068586 0.080963 -0.005178 0.035609 -0.026803 0.066761 0.071004 -0.088111
 0.024421 0.057450 0.051518 0.059577 0.010761 -0.058277 -0.093006 -0.083204 -0.077927 -0.026068 0.026971 0.031458 0.081788 -0.002164 -0.025864 -0.076792 0.056817 -0.004839 -0.023202 -0.023518 -0.039196 -0.029753 0.015007 -0.073715 0.088087 -0.059123 0.005397 -0.093094 0.061077 0.057483 0.083979 -0.004100
 -0.007834 -0.011377 -0.029153 -0.051796 0.041573 0.030319 -0.065826 -0.085103 -0.081127 -0.025300 0.080840 -0.054533 -0.079751 0.000120 0.043687 -0.085196 0.086087 -0.046754 0.096487 0.025856 0.096968 0.064736 -0.027964 0.035099 -0.029091 0.046006 -0.021419 0.051457 0.024318 -0.041645 0.025651 -0.061231
 0.028198 0.024452 0.051563 -0.076843 -0.069679 -0.070115 -0.066400 0.022906 0.016723 0.018239 0.080964 0.046712 -0.098886 0.045783 -0.012639 0.074559 0.047137 -0.035111 -0.095267 -0.060474 0.050487 0.082248 -0.055714 0.024917 0.037338 0.017269 -0.063821 0.078009 0.048032 0.071238 0.064892 0.042033
 -0.034845 0.094919 0.030224 -0.051930 0.027085 -0.094333 -0.078087 0.019003 0.033263 0.086382 -0.068541 -0.059360 0.099225 -0.081284 -0.084439 -0.081971 0.099458 0.003021 0.093526 0.057816 0.036838 0.058329 0.076153 0.024445 -0.094930 0.013019 0.050581 0.012144 0.090752 -0.048946 -0.079752 0.032533
 -0.024799 -0.042743 0.024581 0.014902 -0.095967 -0.013026 0.080472 -0.007400 -0.033459 0.044453 0.090994 0.064893 -0.094582 -0.097030 0.046721 0.058188 0.081408 -0.036251 0.029584 0.040712 -0.072097 -0.094001 -0.037302 0.085020 0.096257 -0.031190 0.087209 0.096632 0.070051 -0.018393 -0.088482 0.092389
 -0.089453 0.039105 0.043194 0.009280 0.008819 0.025466 -0.059077 0.017236 0.003676 -0.030399 0.071218 -0.095428 -0.079533 -0.011452 0.004200 0.010494 -0.061063 -0.004906 0.013257 0.010051 -0.031669 -0.010535 0.005094 0.048071 -0.089351 -0.007444 0.061878 -0.024400 -0.033092 -0.032419 -0.064316 -0.018763
 -0.085760 0.028216 0.045560 0.067369 0.068517 -0.038902 0.027370 -0.020009 0.073251 0.060092 -0.090203 -0.006480 -0.078986 -0.007216 -0.087584 -0.067302 -0.070415 -0.069787 -0.026259 0.001749 -0.085297 -0.048681 -0.075320 -0.026868 -0.089018 -0.099306 0.055374 -0.041449 -0.022495 -0.084110 -0.003348 0.082176
 -0.008836 0.046570 -0.056355 -0.008124 -0.023834 0.092523 0.081997 0.008789 -0.006340 0.020916 0.013766 0.039257 0.069935 -0.011576 0.005261 -0.096382 -0.030381 -0.067090 -0.031479 -0.061008 -0.031300 -0.023192 -0.008090 -0.036937 0.076867 0.046166 0.084649 -0.023735 -0.037795 -0.097350 0.062902 0.058508
 -0.050619 0.001055 0.056736 0.023041 0.055128 0.069691 -0.097476 -0.010432 -0.077504 -0.034933 0.021740 -0.064284 -0.040804 0.001371 -0.003836 0.021710 -0.040856 0.031510 0.074581 -0.013203 -0.095605 0.073618 -0.035153 0.033140 0.098886 -0.001195 -0.093028 -0.074369 0.027665 -0.016656 0.052761 -0.076735
 -0.043674 0.025713 -0.029794 0.034696 0.055583 -0.094473 0.087964 -0.061610 0.051983 -0.021103 -0.006743 -0.057975 -0.040349 0.040630 -0.047121 0.068811 -0.031553 0.041286 0.072790 0.067383 -0.045060 -0.083973 0.057667 -0.024969 0.060280 0.039735 -0.074669 0.069069 0.038779 0.027127 0.004311 -0.040286
 0.002170 0.007472 0.059245 0.011569 -0.049875 -0.069839 -0.050406 -0.017818 -0.097163 0.039269 -0.021237 0.002683 -0.032023 0.096623 0.089076 -0.022340 0.019337 0.089141 -0.015928 0.002667 0.088765 -0.004095 -0.042573 0.005296 0.025039 0.015190 0.028344 -0.059037 -0.009840 0.055677 0.009134 -0.051184
 -0.088792 -0.078766 -0.082243 -0.050840 0.044530 0.036760 0.022599 -0.027646 0.008751 0.061339 0.039183 0.003735 0.056958 0.022162 0.051482 0.072025 -0.097759 -0.014567 0.049968 -0.062624 -0.074730 -0.002391 -0.055115 0.035926 0.003906 -0.046571 0.081866 0.085905 -0.072336 -0.054881 -0.015043 -0.001813
 -0.070478 -0.089627 -0.097264 -0.063070 -0.064171 -0.090288 -0.017460 0.051465 0.056391 0.073647 -0.078710 -0.001972 0.085928 0.017307 -0.038168 -0.078254 -0.088869 0.055770 0.092340 0.013795 0.022092 0.016771 -0.081526 -0.077811 0.034336 -0.077468 -0.020007 0.041752 -0.057496 -0.031822 0.023794 -0.061282
 0.024838 -0.095813 -0.031467 0.059119 -0.077495 0.041260 -0.043668 0.064674 -0.052077 0.008741 -0.043573 -0.063496 -0.004114 0.075448 0.044163 0.076439 -0.001081 -0.072437 0.091507 0.035498 -0.051267 -0.029658 -0.069567 0.035170 0.097497 0.021169 -0.006302 0.054590 -0.080119 -0.074293 0.039834 0.012669
 -0.027127 -0.044138 -0.043596 -0.003504 0.016122 0.038702 -0.019835 -0.067712 -0.003001 0.027884 -0.018555 0.069066 0.010322 -0.028712 0.022484 0.020925 0.055659 -0.094306 0.099456 -0.038879 -0.072772 0.003481 -0.062097 -0.010318 0.011292 -0.086060 -0.062229 -0.037314 0.059696 0.014827 -0.002299 0.096671
 0.050491 -0.056116 -0.077880 0.001059 0.077820 -0.038113 -0.086342 0.030117 0.080188 -0.088616 0.065442 -0.003229 0.037488 -0.022235 0.043402 0.044672 0.089420 -0.026479 0.027875 -0.077958 -0.020473 0.040329 -0.033083 0.093847 0.056655 -0.086095 -0.073001 0.033591 0.061505 -0.051776 -0.021163 -0.035785
 0.082360 0.051443 0.071929 0.034059 0.047231 0.080498 -0.095644 0.093295 -0.017577 -0.054418 0.088665 -0.079179 0.063933 -0.013437 -0.059575 -0.064622 0.033657 -0.099414 0.042590 -0.027942 -0.025883 0.026378 -0.080100 0.022269 -0.099373 -0.012550 0.017272 0.039315 0.085370 0.008466 0.020829 -0.072974
 -0.088098 -0.081098 -0.051003 0.057543 -0.039147 -0.021490 0.072459 0.051058 0.099908 0.054736 -0.089718 0.061739 0.087757 0.072169 0.008992 -0.063019 -0.013353 0.058816 -0.023972 -0.036110 0.015810 -0.051152 0.057514 -0.006416 0.067869 0.081493 -0.079910 -0.063363 0.059253 -0.034500 0.036909 0.076379
 0.021188 -0.072717 0.093514 -0.031754 -0.065081 -0.040213 0.088664 0.014254 0.005165 0.013375 0.093311 0.079094 -0.086183 -0.075871 0.049688 0.010970 0.063799 0.042383 -0.092106 -0.031809 -0.039681 0.015357 0.066204 -0.005706 -0.065004 0.028489 0.006434 0.062908 -0.084963 -0.075520 -0.044220 0.007309
 -0.021110 -0.080092 0.096876 -0.073960 0.012127 0.025071 0.038633 0.053673 0.081317 0.014487 -0.040584 0.063648 -0.040734 0.069513 0.050503 0.092042 -0.008651 -0.016531 -0.042818 0.078179 -0.075933 0.017737 0.081870 -0.002922 -0.081640 -0.056827 -0.070517 0.093028 0.001131 0.045524 -0.098076 -0.056084
 -0.097021 0.069585 -0.095806 -0.050783 -0.027101 0.020275 0.059030 0.072731 0.081722 0.018099 -0.027465 -0.084318 -0.039967 -0.035737 -0.039083 -0.052565 0.008900 -0.089322 -0.008179 -0.086889 -0.043832 0.075719 -0.074276 0.045599 -0.098118 0.061752 -0.099592 -0.015377 0.083570 0.021726 -0.041426 -0.023845
 0.014489 -0.079585 0.030687 0.034306 0.064105 -0.025430 0.053186 0.076002 0.094993 0.015529 0.019778 -0.077205 -0.059291 -0.064595 0.078586 0.014010 0.031683 -0.030983 -0.029040 -0.042876 -0.075765 0.002738 -0.033041 0.018906 -0.010478 -0.069719 0.083320 0.018845 -0.028295 -0.081760 -0.081079 -0.002034
 -0.097270 -0.021572 -0.010999 -0.096695 0.068484 -0.054323 0.052470 -0.098993 -0.087654 -0.046695 -0.026777 0.099277 0.038130 0.032898 -0.028342 0.015798 0.098560 -0.092979 -0.089546 -0.088065 0.079301 0.066612 0.040054 -0.002511 -0.089792 0.021156 -0.073194 0.006707 0.022253 -0.007473 0.016028 -0.068351
 0.074514 -0.070196 -0.086705 -0.002011 -0.011302 0.083907 -0.078964 -0.087356 -0.067147 0.028452 0.048470 0.095160 -0.044167 0.097994 -0.048510 0.069597 -0.091084 0.070183 -0.034341 0.041579 0.072270 -0.009689 -0.043852 0.056127 0.021935 0.051672 -0.046750 -0.059229 0.085503 -0.070539 -0.032531 -0.049217
 0.026128 -0.010164 -0.046956 0.013463 0.079347 -0.009434 0.094850 0.074351 -0.056480 -0.092601 0.033838 0.082920 -0.073985 0.079793 0.040351 0.051400 0.077234 0.088257 0.025408 -0.076782 0.043245 0.005489 0.039517 0.088714 0.064789 0.040468 -0.045868 -0.018276 -0.042770 0.015791 -0.099539 -0.000317
 -0.096076 -0.015350 -0.028379 -0.039494 0.013167 -0.075692 0.032599 0.005052 0.017742 -0.047152 0.051251 0.063452 -0.079029 -0.091935 -0.038837 0.093084 0.039735 -0.021481 0.020916 0.046645 -0.043412 0.013511 0.065166 -0.053793 0.092149 0.016743 0.059371 0.083525 -0.061209 -0.023610 -0.018024 -0.043928
 -0.077730 -0.072109 0.089847 0.008375 -0.091039 0.092782 -0.098070 0.074088 0.004881 -0.015561 0.003612 0.088509 0.040772 -0.007267 0.031502 0.034939 0.018240 0.054784 0.059252 -0.041768 0.061714 -0.023071 -0.096064 -0.040802 0.041867 -0.067789 0.097545 0.072048 0.015735 0.051996 -0.058455 -0.008142
 0.028544 0.062970 -0.050476 -0.034820 -0.061919 -0.061985 -0.033658 -0.061876 -0.001630 -0.065951 0.027965 0.095628 -0.091551 0.024851 -0.080928 -0.010779 0.088279 0.078315 -0.084677 -0.038677 -0.053098 -0.089939 0.016090 0.077895 -0.050737 -0.075814 -0.041245 0.023296 0.062871 -0.092594 0.071135 0.033444
 0.023961 0.033360 -0.065673 0.011263 -0.012847 0.070748 0.098052 0.042730 0.097452 0.031793 -0.013293 -0.095358 -0.036467 -0.079236 0.034090 -0.074031 0.052297 -0.022976 0.098957 -0.021722 -0.071413 -0.052149 0.059759 0.094569 0.019301 0.072917 -0.088087 -0.091730 -0.003727 -0.068975 0.098543 -0.093380
 0.093911 0.076959 -0.066494 0.008296 0.034841 0.021846 -0.011274 0.082214 -0.031898 -0.024483 -0.038599 0.069274 -0.028025 0.010272 -0.087190 -0.037195 0.041237 -0.056669 -0.032064 0.078869 0.012097 0.085202 -0.007969 0.000161 0.046487 -0.058088 -0.078659 0.019807 0.090493 -0.046107 -0.092061 0.069453
 -0.033704 0.098032 0.055773 0.029561 -0.032673 -0.020057 -0.080942 0.001698 -0.062409 -0.025606 -0.028625 0.060110 0.030415 -0.002007 -0.012211 0.043439 0.087471 -0.062664 0.056030 0.032700 -0.092069 0.024851 0.001757 0.017605 0.002640 -0.004011 -0.060623 0.033689 -0.088206 0.022820 -0.092030 -0.056240
 0.072347 -0.077635 -0.038514 -0.084817 -0.028254 -0.083248 -0.006387 0.004302 -0.011908 0.085423 0.035822 0.085342 0.051740 0.008512 0.063329 0.023227 -0.024849 0.039942 0.043938 0.081187 0.086703 -0.088616 0.023935 -0.083450 0.052967 0.056851 -0.009230 -0.027643 0.042122 -0.043159 0.029506 0.079770
 -0.052755 0.000980 0.050253 0.001006 -0.077907 -0.062257 -0.090960 -0.009450 0.034734 0.063540 0.063650 0.054220 0.086512 -0.045320 0.015942 -0.087073 0.083395 -0.080494 -0.030630 0.069912 -0.001849 -0.071864 0.025540 -0.067636 0.099425 -0.041868 0.009644 0.035234 -0.084661 -0.013763 0.062964 -0.099244
 0.060257 -0.078345 -0.085906 0.066445 0.071873 0.035724 0.025463 -0.041991 -0.030724 -0.093595 -0.095067 0.085626 -0.069599 0.022118 0.024212 -0.082212 -0.025485 -0.020042 0.003487 -0.063785 0.090350 0.039489 -0.072488 0.033598 0.066730 -0.015675 0.032249 -0.026603 -0.055632 -0.082855 0.030181 -0.041416
 0.062093 0.028293 0.003469 -0.008592 0.064115 -0.087313 0.029461 0.098219 0.014324 0.072270 -0.058485 -0.064952 0.029919 -0.087578 -0.092443 0.012081 -0.011998 0.019612 0.073772 0.023930 -0.099559 0.054933 0.036890 -0.037653 -0.038612 -0.097611 -0.084934 0.006431 -0.075713 0.084329 0.000796 -0.016731
 0.035425 0.084140 -0.014116 -0.054517 -0.024043 -0.065192 -0.068092 -0.077297 -0.045099 -0.072505 -0.082064 -0.034961 -0.035881 -0.099147 -0.007489 -0.066196 -0.026665 -0.070834 0.084158 0.026411 -0.032443 -0.002158 -0.027094 0.004162 0.042892 -0.080663 0.016649 0.025604 0.087562 0.017673 0.079004 0.067457
 0.075565 -0.088355 0.048313 0.027151 0.023973 0.000032 -0.096141 -0.091662 -0.004963 -0.095469 -0.091411 -0.067019 -0.090275 -0.047172 0.018392 0.024718 0.021309 -0.061415 0.020765 -0.065291 -0.002632 0.015402 -0.051835 -0.097789 0.085503 0.042279 -0.008307 0.019148 0.038427 -0.017180 -0.031115 0.036907
 -0.050503 -0.090233 0.071985 0.049097 -0.003460 -0.060451 -0.026581 -0.084127 -0.005691 0.066090 0.025387 0.022300 0.054371 -0.048518 -0.031012 0.004917 -0.007037 0.051365 0.002712 -0.078757 -0.022662 -0.062584 0.016536 0.080181 -0.090667 -0.076455 -0.021470 -0.022000 0.065690 0.085735 0.034648 0.065376
 0.030371 -0.071372 0.015620 -0.069282 0.057835 -0.065986 -0.076285 0.059225 0.073196 0.046654 0.023283 -0.056303 0.008718 -0.070575 0.062417 0.027565 0.074257 -0.032479 -0.060322 -0.028706 0.064698 -0.035996 0.081409 0.025162 0.052090 -0.092011 -0.084995 -0.080200 0.043574 0.048281 -0.035403 0.098235
 -0.082773 0.044136 0.088238 0.043503 0.091500 0.077504 -0.040773 -0.053092 -0.003414 0.061001 -0.009292 0.047642 0.020904 0.056149 0.043760 -0.042582 0.096552 -0.004685 0.060692 -0.043802 -0.071058 0.041237 -0.033808 0.064872 -0.027632 -0.029369 0.070766 0.003898 -0.005370 0.035233 0.033277 0.063629
 0.033148 -0.033133 0.055196 -0.018775 -0.028670 0.025058 0.062039 -0.095752 -0.081743 -0.096139 -0.046406 0.076800 -0.007878 0.042786 -0.006155 0.024494 -0.080400 0.057745 -0.085940 0.099702 -0.049453 0.088186 0.071758 0.015196 0.067821 0.082760 0.016526 -0.025355 -0.008918 0.091745 0.082149 0.080026
 0.022562 0.053285 0.037929 0.035801 -0.000879 0.037846 0.065489 0.092401 -0.071021 -0.098191 -0.015392 0.091749 -0.077262 0.045989 -0.029729 0.057933 -0.095709 0.077653 -0.077420 0.008767 0.041635 -0.008627 0.079871 -0.023985 0.025393 0.093098 0.082380 0.095106 0.048132 0.048686 -0.070650 0.000649
 0.037646 -0.070105 0.005078 0.095097 -0.068561 0.043142 0.000058 -0.007016 -0.063533 -0.003257 0.079553 0.014822 -0.089067 -0.069027 0.032464 0.042284 0.025250 -0.069219 0.011526 -0.069430 0.014116 0.023886 -0.003923 -0.020500 0.023439 0.046620 -0.019029 -0.093152 -0.084081 -0.016428 0.096796 0.037817
 -0.000421 -0.021955 -0.086452 0.091411 0.086315 0.057130 0.012900 -0.046667 -0.066023 -0.090067 -0.053752 0.001239 -0.088603 0.059868 -0.075831 -0.060188 -0.036528 0.022501 0.000054 -0.043833 0.077373 0.044575 0.005657 -0.094447 -0.094243 -0.031011 0.050879 -0.032379 0.016553 0.046939 -0.012268 0.011592
 -0.003540 0.064193 -0.082197 0.052087 -0.023639 -0.090433 -0.047782 -0.010354 -0.015872 -0.053654 -0.022608 0.023927 -0.098264 -0.018937 -0.085609 0.083915 0.094099 -0.068150 0.075421 -0.038385 0.040867 0.090462 -0.090743 -0.071222 -0.011073 0.000511 0.063226 0.010975 -0.033265 -0.056715 0.070543 -0.090215
 0.057077 0.036276 0.039624 0.001107 -0.058305 0.045342 0.046833 0.029034 0.057798 0.029958 0.079465 0.012136 0.006880 0.032657 -0.048599 0.041087 -0.094231 -0.074578 -0.031314 -0.039489 -0.068486 0.021174 0.059832 0.005152 0.069824 -0.084596 0.039053 0.066906 0.073429 0.021236 0.054831 -0.006675
 0.032276 0.013811 0.076429 0.099829 -0.026757 0.078248 -0.004519 -0.088478 -0.031500 -0.018658 -0.058565 0.086666 0.050061 0.018115 0.099478 -0.002792 -0.001072 0.099184 0.043422 0.061562 -0.023307 0.026097 -0.081788 0.072055 0.033203 0.078805 -0.089907 -0.024396 -0.073518 -0.038581 -0.073336 0.011408
 -0.014184 -0.059605 -0.030833 -0.063717 -0.095907 0.014585 0.020864 -0.039106 -0.060013 -0.073096 -0.084546 -0.053867 0.027533 0.060054 -0.048518 0.072770 0.081037 -0.075738 0.003340 0.085676 -0.082825 0.056607 0.062855 -0.036747 -0.013839 0.074969 0.001545 -0.043805 -0.013190 0.083960 0.015320 0.042055
 -0.071397 -0.078417 0.044936 -0.032732 -0.088077 0.011836 0.053148 -0.029118 0.024809 0.043939 -0.042872 -0.092039 0.033402 -0.046454 -0.082019 0.087713 -0.022420 -0.029939 0.022795 0.016935 -0.059032 -0.087978 0.086574 0.041893 -0.093969 -0.087482 -0.036384 -0.084176 0.074289 -0.018253 -0.088416 0.010630
 0.052925 0.084347 0.079657 0.070348 0.050542 -0.043446 -0.066787 -0.021812 -0.004138 0.040047 0.042092 0.083495 0.013793 -0.055937 0.016625 0.002998 0.029391 -0.058301 -0.001387 0.082171 0.052575 0.025569 -0.059578 0.019799 -0.005602 0.066878 0.060462 -0.067373 0.059131 0.004477 0.074474 0.091875
 0.090046 -0.079973 0.089947 -0.009891 0.014720 -0.051078 -0.010899 0.075612 -0.091226 -0.021529 0.053102 0.028640 0.079300 -0.073840 -0.065579 0.095577 -0.043695 -0.072576 0.050697 -0.067626 0.046553 0.051853 -0.078816 -0.024803 -0.097922 0.027595 0.068416 -0.015383 0.009146 -0.096749 0.007997 0.000547
 -0.050375 0.016835 -0.053061 -0.021771 -0.046329 0.054192 -0.024705 -0.087680 0.063917 0.018893 0.076232 -0.030077 0.099440 0.040935 -0.083703 -0.056867 0.043301 0.018077 -0.096264 0.014560 0.093580 0.091995 -0.044764 0.056556 -0.050432 -0.087999 -0.094459 -0.098698 -0.092341 -0.025650 0.004829 -0.048405
 0.040562 -0.058182 -0.008005 -0.053765 -0.081235 0.072608 0.009848 -0.064838 0.012381 -0.014319 -0.048553 0.020123 -0.041307 -0.091504 0.069898 0.027937 0.038991 -0.036637 0.001244 0.020213 0.075143 -0.010742 -0.078658 -0.070126 -0.097017 -0.060539 -0.058693 -0.075743 0.060595 0.020023 -0.076655 0.037152
 -0.047792 -0.020645 0.041559 -0.048645 0.072160 -0.097312 0.035584 -0.079979 0.015012 -0.080402 -0.043462 0.082778 0.071027 -0.055164 -0.036241 -0.038401 -0.005071 -0.086993 0.046814 0.036655 -0.004088 -0.095803 -0.085696 -0.088616 0.030139 -0.007299 0.062178 0.017632 -0.019564 0.013785 0.023053 -0.014438
 0.093846 -0.058013 0.097852 0.016650 0.034425 0.036133 0.066540 -0.090899 -0.060833 -0.040092 -0.020137 0.013057 -0.044302 -0.054962 0.059535 0.011959 0.037396 -0.018796 -0.067625 -0.037907 -0.038602 -0.055016 -0.033313 -0.069394 -0.001433 -0.038888 0.063935 -0.058894 0.055407 0.072862 -0.083984 -0.020366
 0.010561 0.098517 -0.087927 0.010462 -0.013030 0.023106 0.031679 0.095542 0.087905 -0.002060 0.049125 -0.057082 0.019277 0.059317 -0.080600 0.045148 0.005813 -0.053678 -0.095275 0.056458 -0.097994 0.035102 0.075821 -0.093541 -0.047800 0.015367 -0.061711 0.059520 -0.004025 -0.042127 0.055828 0.068199
 -0.047839 0.037173 -0.013444 0.005777 -0.089383 0.079147 -0.046117 -0.011807 -0.097840 -0.026107 -0.042952 -0.087425 -0.026542 -0.023334 -0.066898 -0.020789 0.070607 0.041718 -0.000784 -0.015439 0.041338 0.096465 0.062498 0.095712 -0.010490 0.086786 0.027156 -0.078081 0.042659 -0.077542 0.073858 0.051054
 -0.072529 0.059658 -0.089066 0.012654 0.055291 0.035194 0.028590 0.081642 -0.047230 -0.020178 0.042902 -0.091303 -0.046832 0.066789 0.060919 -0.047160 0.041164 -0.041768 0.023580 -0.003175 0.069599 0.071609 0.033026 0.013882 0.060957 -0.023129 -0.097826 0.040294 0.060369 -0.064188 -0.027081 0.024623
 -0.031110 -0.092012 0.059586 0.044056 0.053777 -0.065072 0.035905 -0.039585 0.004092 0.022742 -0.005785 -0.040851 0.026427 0.006162 0.097302 0.039618 0.010776 -0.044454 0.008063 -0.078641 -0.013842 -0.021656 0.051345 -0.055804 -0.004419 -0.022623 -0.059282 -0.077756 -0.086494 0.055945 0.018023 -0.071684
 0.062281 -0.014661 -0.086543 0.085502 -0.064201 -0.057996 0.050953 0.087658 0.026026 0.082418 -0.093682 -0.098439 -0.091686 -0.099921 0.087585 0.026218 0.041613 -0.048326 0.034823 -0.048135 0.028031 0.085941 0.052658 -0.088003 -0.099662 -0.071604 0.056371 0.005578 -0.054420 0.025896 0.071550 0.087358
 0.085072 -0.061130 0.005909 -0.035304 0.040119 -0.019104 0.039736 0.003935 0.022905 0.006994 0.086952 0.087741 0.082054 -0.030237 -0.039185 -0.023511 -0.099580 -0.009663 -0.050551 0.001092 0.049559 0.088221 0.045300 -0.046907 0.022144 0.013741 -0.055133 -0.025501 -0.023139 -0.017292 0.028384 -0.062475
 -0.003568 0.028145 -0.040423 -0.060331 0.030124 -0.052434 -0.041247 0.050424 -0.096353 -0.068040 0.010722 -0.018192 -0.094711 -0.060817 -0.060176 -0.052565 0.070751 -0.061299 0.046451 0.058063 -0.018175 0.027924 0.003625 0.014869 0.014156 0.059329 0.031392 0.081948 0.045279 -0.014711 0.040119 -0.051780
 -0.059602 -0.008529 -0.045720 0.051702 -0.064999 -0.059842 0.094102 -0.055011 0.077324 0.001441 0.081765 0.007328 0.064273 -0.040162 -0.095159 -0.073433 -0.015605 -0.040681 0.030938 0.066694 0.081133 -0.008482 -0.001032 -0.081603 0.049448 0.022398 0.040354 0.036105 0.050542 -0.061377 0.023145 -0.051157
 0.043960 0.058627 0.025972 -0.081507 -0.038355 -0.051401 0.068412 -0.063556 -0.028732 0.065542 0.052778 0.091858 -0.071145 0.046575 -0.099312 -0.044855 0.086645 0.074852 -0.012986 0.081786 -0.098839 -0.055426 -0.062595 -0.040089 -0.048255 -0.059116 0.090051 0.019822 -0.030716 -0.050279 0.096957 -0.079775
 -0.087039 -0.062908 0.069659 0.002250 0.077813 0.080845 -0.055004 0.008297 -0.078906 -0.085333 0.007110 -0.082480 0.018620 -0.062478 0.052312 -0.083020 0.022524 0.072376 -0.003673 -0.025667 0.023950 0.050771 0.092206 0.009022 -0.063305 -0.041253 0.077271 -0.009773 0.048507 -0.020000 -0.063119 0.051570
 0.098135 0.029791 0.054420 0.067815 -0.052413 0.033554 -0.011180 0.022653 -0.020801 0.005237 -0.063058 -0.030029 -0.086299 0.040189 -0.048141 -0.053847 -0.030277 0.017358 0.069997 0.029633 0.022462 -0.024342 -0.079208 0.085395 -0.052654 -0.003897 0.093148 0.037732 -0.052271 -0.076821 -0.073507 -0.072185
 -0.042640 -0.098272 -0.047493 -0.007885 0.065250 0.028016 0.089402 -0.082780 -0.058793 -0.055849 -0.034851 0.085739 -0.041574 -0.046192 -0.026783 0.084966 -0.029678 -0.069684 -0.090374 0.095958 -0.044499 0.033132 0.068614 0.039226 -0.059188 -0.070344 0.076232 -0.009954 0.094764 -0.070541 -0.000420 -0.082990
 0.099339 0.026744 -0.034815 0.023681 0.025870 -0.032896 0.077560 0.098356 -0.049807 -0.031528 -0.064800 0.072141 0.035086 -0.065520 -0.005237 -0.094837 -0.089557 0.057943 0.060682 0.082220 -0.004020 -0.066449 0.071043 0.067625 0.049104 -0.017910 -0.082984 0.001865 -0.093495 0.077599 0.032423 0.096513
 -0.078140 -0.082973 0.070946 -0.050193 0.071723 0.014994 -0.050632 -0.012879 -0.037750 0.005860 -0.089451 -0.007712 -0.064035 -0.071313 0.031711 0.068016 0.077282 -0.037528 0.051289 -0.028844 0.064901 0.029317 0.003466 -0.020424 -0.013823 -0.060263 -0.085474 -0.020153 -0.046508 -0.066266 0.005681 0.064743
 0.095208 -0.092325 0.082829 -0.036044 -0.074801 -0.047952 -0.000962 -0.065289 -0.084618 0.017631 0.060056 0.083413 0.086070 -0.098681 0.046393 -0.072952 0.084729 0.025236 -0.032162 0.086316 -0.033678 0.091131 0.050826 0.004777 0.094644 0.024354 0.055479 0.084087 -0.091896 0.065536 0.086582 -0.062851
 0.086882 0.027984 0.050309 -0.047469 0.091441 -0.029049 -0.041772 -0.057433 0.037531 -0.037038 0.034120 -0.034610 0.010381 0.021268 -0.090304 0.023808 -0.094508 0.013462 -0.021453 -0.081947 0.026702 -0.050513 0.071204 -0.030461 -0.028917 0.055546 -0.025063 -0.082931 0.015170 -0.014652 -0.067876 0.048150
 -0.060309 0.021911 -0.044743 0.006948 0.034618 0.078543 -0.097070 -0.092754 0.023772 -0.019089 -0.055947 -0.030781 0.085423 0.064701 -0.002154 -0.035039 -0.016497 0.042611 0.050883 0.028421 -0.020533 -0.076124 -0.088874 0.042995 -0.037401 0.016412 -0.043451 0.035227 -0.078529 -0.037270 0.051750 -0.002234
 -0.064152 0.048081 -0.008579 0.066083 0.063261 0.052586 0.073959 0.048256 0.050423 -0.073541 0.050956 -0.040004 -0.027139 0.070322 -0.086530 0.031302 0.000971 0.083289 -0.051216 0.095425 0.058365 -0.078485 -0.007551 -0.086656 -0.090276 0.039838 -0.071707 0.017055 0.046734 -0.012541 0.061556 0.074288
 0.099404 -0.051578 0.016447 0.001518 -0.026179 -0.029519 0.095790 0.067886 -0.036340 0.055668 -0.028231 -0.019117 -0.054271 -0.038594 -0.073687 -0.066614 -0.004541 -0.012988 -0.069099 0.048821 -0.044193 0.002414 0.019443 0.099503 -0.027942 -0.039787 0.071106 -0.084084 -0.065027 0.081712 -0.018345 0.054614
 0.010234 0.041681 -0.011145 -0.080827 -0.080978 -0.058059 -0.029276 0.087720 0.020172 0.092300 -0.076396 0.074003 0.040432 0.031037 -0.064617 -0.081604 0.066493 -0.088491 0.061015 0.058953 0.036107 -0.065298 0.074063 -0.045636 -0.033264 -0.021657 -0.082449 -0.009681 -0.026139 -0.034021 0.059037 -0.094975
 0.084071 0.086677 0.028582 0.023855 0.026493 0.008439 0.037235 0.082883 0.056765 0.084559 -0.005716 0.055066 -0.088125 0.097126 -0.050685 0.087066 -0.008605 -0.049261 -0.038995 -0.016753 -0.074579 -0.012613 -0.002183 0.015452 -0.038944 0.018255 0.089530 0.069634 0.077447 -0.083541 0.023089 0.045387
 -0.089916 -0.056334 0.078935 -0.031336 -0.039874 -0.046174 -0.071971 -0.052492 -0.017898 0.056898 -0.070626 -0.072386 0.013825 0.092820 0.099090 0.097691 0.048137 -0.034045 0.066207 -0.011703 0.071049 0.017936 0.055814 -0.032593 -0.088103 0.061790 0.070321 -0.052843 0.010525 -0.039110 -0.062647 -0.048133
 0.059393 -0.071139 0.020520 -0.009190 0.043019 0.022526 -0.020690 0.071879 -0.065741 -0.031538 0.070329 0.097119 -0.090487 -0.012573 -0.037444 -0.091264 0.082390 0.027377 -0.085553 0.013864 0.079614 -0.082385 0.005251 -0.056475 -0.018509 -0.021939 0.066417 0.085253 -0.003888 -0.057900 -0.064148 0.015874
 0.053852 0.024840 0.071105 0.020962 0.025564 0.052325 0.032291 0.012733 0.058283 -0.018804 0.092181 0.055147 -0.092015 -0.009024 -0.086923 -0.028263 -0.024507 -0.025456 0.043569 0.020011 0.090284 0.052063 0.075893 -0.076770 -0.098246 0.001829 0.038045 0.063574 -0.098540 0.080351 -0.049755 -0.047884
 -0.084977 0.022858 -0.049377 0.095402 -0.069520 -0.023873 0.099809 -0.075832 0.028384 0.086483 0.055442 0.018523 0.000506 -0.082822 -0.059971 0.021874 0.093711 -0.013213 0.045595 -0.088195 -0.001356 -0.076456 -0.019020 0.037084 -0.008742 0.006718 -0.047793 -0.003448 -0.079351 0.073636 0.033271 0.081641
 0.090834 -0.030058 -0.018972 -0.040594 0.072094 0.001113 0.078940 0.058527 0.032630 -0.083791 0.052733 0.019397 0.060132 0.023352 0.037101 -0.086368 -0.011049 0.052913 0.040213 0.083578 0.089115 0.098593 0.022979 -0.096030 -0.069948 0.064273 0.089898 0.077512 -0.077900 -0.037710 0.032793 0.089961
 -0.033262 0.018104 -0.017222 -0.046838 -0.008428 0.062794 -0.048795 0.091624 0.033885 0.074435 -0.043996 0.044810 -0.051735 -0.023686 0.050328 0.068807 -0.091491 0.029068 0.072380 0.056080 0.006879 -0.092756 -0.081269 -0.090952 0.047431 -0.070386 -0.048384 0.073965 0.003428 -0.087249 0.009253 -0.085771
 0.042474 -0.022346 0.098880 -0.069239 -0.002543 0.074542 0.093996 0.045777 0.083718 0.034346 -0.078923 -0.026370 0.095818 -0.093863 -0.098601 0.094562 0.010864 -0.032705 0.069114 0.063329 -0.037492 -0.097023 0.018246 0.027421 0.002451 -0.082072 -0.073647 -0.057927 -0.088373 0.073376 -0.088838 -0.019326
 0.048009 0.032433 0.085412 -0.005957 -0.034593 -0.098891 -0.092092 -0.091438 -0.079865 0.028397 0.020108 -0.081524 0.024223 -0.022247 -0.082285 0.033213 -0.060293 0.040353 0.041403 0.004887 0.033462 -0.043607 -0.080328 -0.018592 -0.071562 0.019405 -0.079439 0.034386 -0.099121 -0.030819 -0.059764 0.092054
 -0.023221 0.073197 -0.061076 0.098962 0.042789 -0.082324 -0.037580 0.094823 -0.078785 -0.051519 0.074175 0.055434 -0.033269 0.049840 0.094144 -0.084933 0.009738 0.032261 -0.068589 -0.007303 0.071849 0.028520 0.057405 -0.050428 0.084452 0.098517 0.060106 0.035797 0.074641 0.073913 -0.058191 -0.081751
 0.092927 0.093881 0.069622 0.032422 -0.012535 -0.020731 -0.055786 0.097115 -0.073142 -0.082551 -0.032332 0.088532 -0.093862 -0.082341 -0.090902 0.000905 0.007518 0.055310 -0.047898 -0.093345 -0.000947 -0.058604 -0.082278 -0.035166 0.037594 0.029677 -0.042844 0.047703 -0.067873 0.073898 -0.002224 0.004210
 0.062624 -0.093401 -0.019931 -0.048644 0.087716 -0.021401 0.027528 0.039622 -0.018786 0.058448 0.024192 -0.027371 0.072097 0.009942 0.087896 0.003616 -0.013913 -0.067316 -0.039356 0.057725 0.069020 0.062139 -0.098994 0.068500 -0.000166 -0.062441 0.045066 -0.077738 -0.005133 -0.010888 0.086633 -0.064281
 -0.059406 -0.073637 0.069225 0.007391 -0.024924 -0.060694 0.088914 -0.082834 0.054343 -0.037237 -0.082199 0.011519 0.014041 -0.037148 -0.097532 0.017941 -0.045256 0.041430 0.079790 0.063521 -0.030469 0.088410 0.099456 -0.081329 0.052335 -0.050030 -0.084036 -0.030161 0.093251 -0.038832 0.006105 0.052968
 -0.021699 -0.017324 0.096400 -0.007412 -0.000049 0.050567 -0.097458 0.058183 -0.016941 0.011737 0.040123 0.093294 0.014399 0.058984 0.037865 -0.057700 -0.047642 0.071358 0.001995 0.064154 0.014699 -0.018855 -0.053347 -0.097909 -0.018260 0.030290 -0.099365 0.087833 0.072639 0.039147 0.078244 -0.096652
 -0.013052 -0.059032 0.087367 0.084891 -0.045862 0.032005 -0.012683 -0.071349 0.063733 0.006132 0.042142 0.052821 0.004826 0.077532 0.065964 0.042614 0.052657 -0.089422 0.001320 0.005816 -0.013562 -0.072693 -0.046093 0.015085 0.076769 0.084535 0.054719 0.036669 0.052112 -0.001979 -0.030005 0.089893
 -0.092514 0.070292 -0.070661 -0.001252 -0.082136 0.035332 0.061160 -0.066153 0.043647 -0.009643 -0.016365 -0.012859 -0.007927 0.080128 -0.017704 -0.061129 -0.077290 0.014775 0.059834 0.000208 0.015084 0.050170 0.029532 -0.059898 -0.015533 -0.092232 0.024884 -0.023397 0.018329 -0.004393 0.017970 -0.011667
 -0.072842 -0.090122 0.060593 0.068482 0.008706 -0.012431 0.081117 0.059462 -0.088801 0.098558 -0.023908 -0.037749 0.029093 0.051147 0.058376 0.032438 0.045036 0.022286 -0.001731 0.050138 0.009840 -0.020981 -0.017053 -0.024734 0.007050 0.005967 0.018413 -0.083693 0.076760 -0.047066 0.073794 -0.082675
 -0.069344 0.071733 -0.047691 0.067078 0.013917 0.010011 0.041394 0.046117 0.044493 -0.036207 -0.043428 0.012424 0.071965 0.026970 -0.029497 0.058531 0.062524 0.002092 -0.016456 -0.050468 -0.078106 -0.076649 0.058298 -0.069534 -0.037640 0.075111 0.054926 -0.061040 0.036174 0.014209 -0.085739 0.048211
 0.021315 -0.073937 0.068483 -0.077143 0.047993 0.071437 -0.074961 0.072109 0.037167 -0.073268 0.038293 0.080003 -0.082681 -0.068246 0.059687 0.078637 0.097947 -0.078089 -0.053252 0.041367 0.048210 -0.085953 -0.026250 0.096838 0.035782 0.057721 0.029934 0.025358 -0.004419 -0.003533 0.043802 -0.000506
 -0.046330 0.047270 0.089183 0.029635 0.072291 -0.067265 -0.098107 0.028427 -0.050398 0.012162 -0.023809 -0.073596 0.051152 -0.092226 -0.062684 0.064511 -0.020697 0.085043 -0.088440 -0.036760 -0.021070 0.095671 -0.062456 0.099579 0.073232 -0.096496 0.098773 -0.072771 -0.020411 -0.044704 -0.015394 0.069991
 0.091468 0.093104 0.028432 -0.015162 0.090021 -0.040748 -0.045166 -0.053326 -0.033079 0.094648 -0.086418 -0.015423 -0.095210 0.055922 0.035571 -0.072709 0.034810 -0.078088 0.094442 0.035404 0.057826 0.004562 0.040398 0.028192 -0.036953 0.088118 -0.068342 0.078255 0.051147 -0.030216 0.057749 0.061951
 -0.098816 -0.056837 -0.010513 0.024679 0.064547 -0.026755 0.075390 -0.014738 -0.065947 -0.084540 0.052031 0.047000 0.025365 -0.029383 0.087457 0.098017 -0.074985 0.038140 0.034087 -0.043526 0.044045 0.054633 0.032013 -0.042256 -0.005888 0.007515 0.048725 0.013016 0.013447 0.023333 0.089496 0.077810
 -0.062445 0.061072 -0.078478 -0.092658 -0.004137 -0.040759 -0.066281 0.048388 0.098230 0.029039 -0.048688 0.079129 0.021026 -0.034185 -0.051565 0.086116 -0.027867 0.099520 -0.085302 -0.051918 0.007541 0.007181 0.090816 -0.080093 -0.061394 -0.094105 0.031040 -0.015653 -0.080394 0.098851 -0.086870 0.018003
 -0.033794 -0.025665 0.084079 -0.041304 0.083525 0.049448 -0.068348 0.074865 0.053272 -0.050387 -0.010170 0.040464 -0.005633 -0.067745 0.099679 -0.078164 0.043570 0.030881 0.000474 0.051619 0.066965 0.069841 -0.033044 0.078244 -0.077074 0.041941 0.062136 0.074264 -0.034139 0.042843 -0.006970 -0.090383
 0.086502 -0.010967 -0.083768 -0.002882 -0.040263 0.003162 0.014033 0.009487 -0.019489 -0.070707 -0.080082 0.012830 -0.079226 -0.029080 0.094253 0.069841 0.059027 0.045190 -0.091595 -0.032568 0.073333 0.098146 -0.053556 -0.026823 -0.016333 0.043726 0.075756 -0.020008 0.099992 -0.000248 -0.068846 0.081979
 0.021270 -0.073640 0.060719 0.072275 -0.079025 -0.047079 -0.045004 -0.097005 -0.035553 0.074999 0.000824 -0.039532 -0.040954 0.067331 -0.029390 -0.001860 -0.032231 -0.013438 -0.023731 -0.031416 0.022231 -0.026021 -0.084611 0.036258 -0.083145 -0.054085 0.098617 -0.035377 -0.092847 -0.014311 0.050643 -0.002253
 0.030818 -0.006492 -0.074693 -0.056999 0.097327 -0.007061 0.036656 0.085306 -0.049276 0.058380 0.092500 0.071367 -0.072329 -0.067190 -0.081077 -0.081141 0.001650 0.099132 -0.092240 -0.029556 -0.048655 0.086844 -0.055918 0.008160 -0.011705 0.014004 0.050039 0.064203 0.096584 0.025343 0.043709 -0.065424
 -0.091761 -0.083736 -0.017583 -0.015416 0.012496 0.061832 -0.093099 0.081743 0.082193 -0.000139 0.097183 -0.068894 0.063324 -0.078977 0.062705 0.074935 -0.096740 -0.097942 0.043640 0.003553 -0.036501 -0.054327 -0.078947 -0.094157 0.069170 0.042525 -0.004888 -0.032730 0.015593 -0.025000 0.011029 0.071204
 0.033152 0.020631 -0.039873 -0.063839 0.044759 -0.046067 0.094063 0.055440 -0.070118 0.031719 0.077145 0.085881 -0.055653 -0.038362 0.004080 -0.088058 0.079526 0.094914 -0.096611 -0.056160 -0.090175 -0.066601 0.024312 -0.029903 0.072856 -0.036055 -0.094733 -0.092497 -0.045088 -0.096893 -0.020943 0.057825
 0.019696 0.038830 -0.093066 0.061568 0.037033 0.000179 -0.012531 -0.092850 0.065451 -0.089523 0.020110 0.054450 0.015087 0.020142 0.088404 0.022071 0.096827 0.092254 0.022006 -0.075444 0.083658 -0.075572 -0.029716 0.029544 0.052790 0.004935 -0.048611 0.004038 -0.045000 0.037737 0.016579 -0.068995
 -0.049616 0.067787 -0.066702 -0.030775 0.096701 -0.072526 0.049008 0.087676 -0.093819 -0.014133 0.098450 -0.024146 -0.059158 0.048996 -0.027408 -0.002174 0.083112 -0.011579 0.070915 0.082084 0.069801 0.024046 -0.022242 -0.081123 0.066646 -0.071042 -0.028325 0.069945 -0.022645 0.086695 0.024818 0.052227
 0.069504 0.015271 -0.065050 -0.055760 -0.002811 0.057135 0.057356 -0.009286 -0.066384 0.003413 0.053453 0.084776 0.027801 -0.005863 0.081504 0.078170 -0.073191 -0.041886 -0.013182 0.056441 -0.069742 -0.011265 0.066443 0.001359 0.010343 -0.085619 -0.002031 0.026547 -0.056129 -0.021904 0.058845 -0.026098
 -0.071973 -0.089924 -0.083655 -0.082498 -0.079518 -0.051889 -0.013120 0.092861 -0.083950 0.026729 -0.059089 0.043692 0.012358 -0.051155 0.040923 -0.064253 0.016096 -0.001722 0.047705 0.080315 0.060950 -0.027878 0.006844 -0.068973 -0.027013 -0.008088 -0.067959 -0.014259 -0.021950 0.082186 0.076493 0.062371
 -0.078573 -0.062202 0.052312 0.026089 0.095236 -0.099757 -0.058189 -0.035667 -0.018661 0.019775 0.064523 -0.024928 0.051532 -0.094433 -0.025711 -0.022883 0.054187 -0.072724 -0.075479 0.007757 -0.042506 -0.018486 0.027933 0.016707 0.023701 -0.075000 0.097234 -0.021051 0.011914 -0.075027 -0.039763 0.031125
 0.084241 0.067182 0.081691 0.076212 0.003367 -0.029046 -0.001909 0.015444 0.080936 0.040377 -0.079463 -0.068125 0.031434 -0.008542 -0.094933 0.073507 -0.018760 -0.058631 0.085910 0.074423 -0.096161 0.023075 -0.057763 0.001950 -0.006043 0.071437 0.085062 -0.073380 -0.087995 0.025241 -0.076017 0.010070
 0.026947 -0.006455 -0.005989 0.047132 -0.062159 -0.064043 0.038041 -0.072684 -0.086151 0.068292 0.025013 0.000017 -0.082751 -0.096586 -0.029322 0.084598 -0.033251 0.032844 -0.075540 -0.015432 -0.085404 -0.089055 -0.042370 -0.092054 -0.027852 0.059687 0.063399 0.067016 0.073925 0.009794 -0.089105 -0.047630
 -0.037908 -0.041392 0.045075 -0.067604 -0.008612 0.074948 0.090413 0.008255 0.034701 0.019453 0.028004 -0.079594 0.069540 -0.075116 0.078089 -0.068216 0.077679 -0.092354 -0.098531 -0.006437 0.065040 -0.009844 -0.022162 -0.002809 -0.046021 0.006297 -0.014554 -0.006940 -0.000732 -0.066615 0.029272 0.053944
 0.089612 -0.008004 -0.015245 -0.082421 -0.074088 -0.085283 0.027441 0.012636 -0.012347 -0.032519 0.080961 -0.033535 -0.005400 0.018829 0.024744 0.047841 -0.040990 -0.056289 -0.006924 0.040494 -0.019628 -0.086269 0.041707 0.066915 -0.079969 0.061673 0.026814 -0.004845 0.002646 -0.094764 0.046062 -0.040323
 0.003824 0.070269 0.088599 -0.095641 0.049631 0.090131 0.000304 -0.055108 0.055663 0.002503 0.045735 0.024577 0.050371 0.099218 0.031375 -0.089558 -0.036708 0.051118 -0.071032 0.064786 0.009200 0.009008 -0.034308 -0.000573 -0.015453 0.098749 -0.033683 0.081686 0.058463 -0.069438 0.038246 0.063530
 0.017038 0.094914 -0.012462 0.099494 0.034546 0.034866 -0.005387 0.061751 -0.005605 -0.000031 -0.012321 0.078608 0.035279 -0.039257 -0.098630 -0.035918 0.026542 -0.062740 -0.052561 0.093379 0.039693 0.024155 -0.071704 0.098301 0.052079 -0.098532 0.023823 -0.071937 -0.091957 0.029957 0.046603 0.012379
 0.068505 -0.013612 -0.042723 0.032724 -0.050458 0.073197 -0.057006 0.000657 0.057942 -0.081394 -0.096371 -0.055128 0.095529 0.044989 -0.062605 -0.075572 -0.000470 0.063083 0.066150 -0.048788 -0.046853 -0.061474 0.009913 0.066455 0.078961 -0.095146 0.015774 0.049262 0.090449 0.099525 -0.061431 0.035164
 0.090670 -0.099210 -0.007578 -0.041427 -0.047015 0.002393 0.098188 0.060753 -0.092730 -0.091809 -0.016092 0.018786 0.028325 -0.006711 -0.004929 -0.093146 0.092814 0.070631 0.056320 -0.025616 -0.073616 -0.069997 -0.096008 0.074008 -0.084574 -0.057923 -0.062647 -0.033180 0.020381 0.011205 0.034539 -0.062853
 0.036149 0.073248 -0.043550 -0.043681 0.052334 -0.042899 -0.068045 0.025345 -0.043025 -0.034371 -0.049711 -0.057035 0.030028 0.026190 -0.053633 0.081493 -0.088872 -0.098275 0.039350 0.084128 0.044910 -0.039933 -0.038458 -0.044445 0.099392 -0.042928 0.020301 0.063781 -0.095650 -0.001083 0.059601 0.050728
 -0.007839 0.040943 -0.014790 -0.067665 0.054289 -0.013222 0.085967 0.068693 0.024406 0.001078 -0.067575 -0.060394 -0.074257 0.017460 0.034482 -0.077641 0.049692 0.008531 0.045928 -0.087885 -0.037018 0.000536 0.095069 0.009420 -0.069602 -0.001459 0.081083 -0.061953 -0.035912 -0.046702 -0.075335 0.003024
 0.026777 0.067578 0.017864 -0.094962 -0.007993 0.086236 0.034553 -0.084516 -0.033215 0.006229 -0.017989 0.094217 0.051166 -0.093965 -0.083061 -0.079575 0.072223 -0.064505 0.085957 -0.029194 -0.048086 -0.048423 0.048009 0.019413 0.028473 -0.085884 0.088892 -0.094921 0.060329 0.070737 -0.066534 -0.059143
 0.023294 -0.040949 -0.088430 0.035553 -0.065870 0.042546 0.098447 0.039776 0.092432 -0.034253 0.001137 -0.051295 0.019917 0.008766 0.025183 0.007033 0.008944 0.014090 -0.067001 -0.094617 -0.031953 0.029703 -0.070485 0.062155 0.018402 -0.099601 -0.031524 0.050732 -0.041325 -0.015816 -0.040227 0.056298
 -0.062337 0.047604 0.019984 -0.038524 0.021544 0.073988 0.004303 -0.077912 -0.089317 -0.054572 -0.047004 -0.046146 -0.064306 0.028753 -0.002449 -0.046605 -0.031461 0.060149 0.045067 0.069493 -0.033339 0.007838 -0.093197 -0.065509 0.069279 0.073460 -0.076703 -0.053759 -0.033161 -0.036878 0.082082 0.059745
 0.090491 0.096792 -0.021299 -0.010595 0.037207 0.080045 0.077875 -0.019927 0.012821 0.092962 -0.067063 0.071903 0.010671 -0.085111 0.038328 -0.071055 -0.047477 0.069695 0.039713 0.087108 0.035078 -0.039083 0.078403 -0.085982 -0.060090 0.099213 0.067285 -0.094632 0.070069 -0.070004 -0.039405 0.033414
 -0.024021 0.044711 -0.045398 0.007412 0.097395 0.063842 -0.069739 -0.026652 0.038113 -0.046278 -0.048996 -0.085398 -0.058254 -0.013016 0.003402 0.011986 -0.046594 0.092734 -0.054846 0.010973 0.005438 -0.073335 -0.039278 0.016125 -0.028763 -0.086589 0.034279 -0.019443 0.019263 0.008114 -0.015261 0.020628
 -0.046543 -0.039058 -0.028356 -0.008734 -0.051146 -0.076163 0.061336 0.091961 0.039183 0.040056 0.067416 -0.024951 -0.075230 -0.049709 -0.074851 0.040761 -0.075533 -0.023726 0.079775 0.008776 0.043508 -0.047848 0.015099 0.070129 0.006566 -0.078134 0.095227 0.092637 0.070334 0.068396 -0.033065 0.056033
 -0.075737 0.019231 -0.076827 0.072802 -0.055973 0.051429 0.022386 -0.087533 -0.054816 0.066592 -0.016366 -0.034273 0.006130 -0.002594 0.082822 -0.041833 -0.015190 -0.087552 0.035629 0.046821 -0.024043 -0.090284 -0.047276 -0.075547 -0.005871 0.068513 0.096512 0.024293 -0.009600 0.025674 0.055055 -0.096871
 -0.042923 0.071011 0.095715 -0.029061 0.048543 -0.051952 -0.063316 -0.054342 -0.032701 -0.056588 0.099458 -0.009834 0.023547 0.073144 -0.082024 -0.053052 -0.035134 0.051128 -0.074011 0.072821 0.051316 0.089760 0.069786 -0.015303 -0.076737 -0.046486 -0.062764 -0.032092 -0.049994 -0.023734 -0.050502 0.052364
 0.048211 -0.087255 -0.022500 0.045565 0.040437 0.047764 0.037483 0.081104 0.095057 -0.061151 0.053525 0.028423 0.092439 -0.047850 -0.036053 -0.011688 0.083087 -0.093804 -0.089958 0.004566 0.037045 -0.057760 0.055202 0.081109 -0.089383 -0.010996 -0.022756 -0.093428 0.072968 0.008261 -0.011524 0.089670
 -0.099099 0.006047 -0.093593 0.007482 0.044599 0.020788 0.060800 -0.063046 -0.085968 0.056752 -0.031323 -0.049469 -0.050054 0.024159 -0.038111 0.039520 -0.098591 0.062184 0.054548 -0.060244 -0.003015 -0.011193 -0.026326 -0.044977 -0.006263 0.019446 0.022557 -0.089378 0.066985 0.085405 -0.034828 -0.063140
 0.069771 0.082986 0.056451 -0.025874 -0.009329 0.027582 -0.016031 0.096582 -0.065648 0.088138 -0.022193 -0.085055 0.046007 0.007344 -0.003096 -0.053069 -0.049673 0.039329 0.097704 -0.034353 0.028657 -0.082521 -0.060239 -0.026506 -0.059308 -0.006324 -0.091722 0.077558 -0.069521 -0.003765 -0.076495 0.032327
 -0.068624 -0.082869 0.018985 0.017286 -0.058840 -0.070813 0.084246 0.026400 0.077489 0.066027 0.073717 -0.019790 -0.007524 -0.094947 0.011092 0.053797 0.048985 0.027107 -0.026593 0.048177 -0.067211 -0.024369 -0.082336 0.057486 -0.007801 -0.035030 0.029005 0.061686 -0.080483 -0.050489 -0.030843 -0.049893
 -0.006245 0.097337 0.036095 -0.008297 -0.098676 0.062934 0.013804 0.048708 -0.073802 0.091560 0.088088 0.036595 0.010155 -0.036293 -0.025201 -0.023374 0.004907 -0.057688 -0.035945 0.020075 -0.026303 -0.045418 0.041428 0.085767 -0.010203 0.034264 0.038376 -0.046465 0.014694 -0.054714 0.060469 0.044357
 0.075723 0.047356 -0.031592 0.070562 -0.011426 0.052042 -0.065769 -0.026896 0.016956 0.034093 0.006084 -0.065311 -0.088362 0.031735 0.027874 -0.087543 0.030790 0.028674 -0.011592 -0.025776 0.015140 0.023121 0.016823 0.092850 0.095839 0.039373 0.090816 -0.055152 0.021969 0.095055 0.041663 -0.075844
 0.059243 -0.026752 0.062142 -0.045862 0.061418 -0.024434 -0.051229 -0.020232 0.049602 -0.019451 0.032297 0.049305 -0.097116 0.019190 0.036203 0.050740 0.009085 -0.092699 0.038811 0.057282 0.093046 -0.024419 0.042226 -0.034874 0.091897 0.019007 -0.047457 -0.000207 0.031192 -0.074053 -0.082554 0.032982
 0.030319 0.067217 -0.082356 0.063974 0.050433 -0.082268 0.096922 0.030435 0.099662 -0.028904 -0.072653 0.046735 -0.061378 0.001472 0.044630 -0.084520 -0.070296 0.078629 -0.005549 -0.069244 -0.009462 0.059566 0.095352 0.095101 -0.057175 0.068934 -0.000801 0.023060 0.020156 -0.024811 0.053832 -0.092805
 0.092634 0.044697 -0.058422 0.056000 0.093728 0.066447 0.038797 0.008876 0.042498 0.023298 0.063765 0.071132 0.098722 0.099475 0.020018 -0.048831 -0.008599 0.024807 -0.089337 0.000012 0.094094 0.006662 0.054549 0.038350 0.092934 -0.046499 -0.080102 0.060472 0.001856 0.077658 0.096096 0.066876
 -0.043785 0.054414 0.053153 0.006446 0.011699 0.067578 0.091473 -0.001719 -0.081175 -0.005381 -0.027643 -0.088286 0.098782 -0.039459 -0.022619 -0.024002 -0.008925 -0.098338 0.012207 -0.001392 -0.022133 0.051720 -0.013976 0.026497 -0.079723 -0.056434 -0.052993 -0.026594 0.064768 0.046798 0.083246 -0.017652
 -0.036745 -0.066717 0.036757 0.051178 -0.002188 0.077770 0.062737 0.044472 0.050164 0.060493 0.030724 -0.037196 -0.038050 0.071620 -0.062876 0.054955 -0.091605 -0.014328 -0.044646 -0.047552 -0.026540 0.003529 -0.070978 0.079304 -0.001164 0.024829 0.034096 0.028420 0.089959 0.052330 0.063384 -0.073445
 0.064708 0.023371 -0.065898 0.067197 -0.052501 0.064350 -0.091490 0.036419 0.044615 -0.084054 0.065704 0.039063 0.042759 -0.009851 0.039395 -0.004142 -0.099139 0.006803 0.054938 -0.066587 -0.033076 -0.013578 -0.048871 -0.040792 -0.093461 -0.013445 -0.087349 0.061445 -0.035720 -0.077752 -0.031561 0.099390
 0.025179 -0.060410 0.094660 -0.048739 0.064574 0.005808 -0.075891 0.073523 -0.002720 -0.086041 0.088387 0.024906 -0.073663 0.011564 -0.033226 0.007603 -0.087376 0.020149 -0.046416 0.083738 0.047399 -0.001786 -0.044649 0.046183 0.039911 0.007034 -0.073971 -0.017266 -0.028046 0.012160 -0.090529 -0.037117
 0.089215 -0.047864 -0.044491 -0.073366 -0.080762 0.057362 -0.033471 -0.076419 -0.044304 0.038309 0.027503 -0.032744 -0.008349 0.095291 -0.045638 -0.070071 0.048855 -0.028878 -0.008991 0.035780 0.009494 -0.071832 0.063106 0.034042 -0.029490 0.019078 -0.020363 0.080797 0.054220 0.004756 -0.029531 -0.037169
 -0.031394 0.014006 0.047696 0.020236 -0.075700 -0.033590 0.066847 -0.055575 -0.086356 -0.010073 0.031563 -0.018555 -0.090746 -0.018382 -0.054845 0.051828 -0.035292 -0.091691 0.080443 0.019938 -0.073764 0.078636 -0.069952 0.072636 -0.063614 0.077561 0.002211 -0.046460 -0.071734 0.019597 -0.041857 -0.097730
 0.084019 0.008838 -0.039949 -0.032857 -0.019386 -0.049219 -0.022183 0.029985 0.092746 0.039943 0.098916 -0.073840 0.077515 0.015839 0.032150 0.058263 0.044948 -0.001796 -0.007008 0.029354 0.030839 -0.044528 0.062367 0.029894 -0.098898 0.077950 -0.088905 -0.052013 0.035759 0.021087 -0.010164 0.037173
 0.037935 -0.088121 -0.056229 0.023286 -0.097013 0.017939 0.070758 0.091386 0.038491 -0.047874 -0.055555 -0.021427 0.097527 0.098173 0.049905 0.068682 0.013747 0.039475 -0.054829 0.020311 0.051109 -0.045865 -0.097265 0.072192 -0.004666 0.016402 -0.079232 -0.070900 0.099715 0.031263 0.002091 -0.096670
 -0.076688 -0.015168 -0.088711 0.006875 -0.035709 0.094855 0.075328 -0.041710 0.042067 0.070709 0.032695 -0.010368 0.099734 0.023587 -0.046752 -0.053953 0.087077 -0.083639 0.019396 -0.097133 -0.057813 0.037562 -0.008702 0.047250 0.020702 -0.019385 0.017651 0.092149 0.095183 -0.099867 0.046448 -0.027774
 0.084979 0.082100 0.042039 0.012422 0.008281 0.049867 -0.003210 -0.002258 0.013635 -0.013078 0.066890 0.071185 -0.009098 0.038981 -0.008285 0.090319 0.083434 -0.007543 0.087641 0.066401 0.032287 -0.030748 -0.044758 -0.096032 -0.005371 0.080765 -0.036167 0.084925 0.003797 0.054768 0.068155 0.063126
 0.034707 -0.016544 0.038467 -0.046493 0.000901 0.014030 -0.039875 0.081141 -0.049041 0.063905 -0.043265 0.033198 -0.021359 0.025655 0.004367 0.025964 -0.084693 0.014005 -0.002885 0.067086 0.064527 0.033070 -0.052681 -0.033442 0.070073 0.027214 -0.097293 -0.053532 0.041281 -0.049257 0.048575 -0.034809
 -0.034655 0.020303 -0.074193 -0.077692 0.097302 0.029990 0.091339 -0.049903 -0.090526 -0.005580 0.057674 0.043694 -0.092169 0.080124 -0.087295 -0.002654 0.002104 -0.084630 0.019207 0.025631 0.073307 -0.063872 0.052396 -0.061265 0.063466 -0.072240 0.027724 -0.037745 0.055802 -0.035837 -0.043561 -0.020843
 -0.010606 -0.045970 -0.023693 0.075055 -0.094155 -0.085783 -0.030168 -0.095013 0.028429 0.057033 -0.011096 -0.013558 -0.066093 -0.016860 -0.059527 -0.062132 -0.083652 -0.058973 0.010343 0.014902 0.005801 -0.050453 0.049780 -0.058962 -0.095981 -0.025623 -0.003078 -0.015541 0.036321 -0.066188 0.011076 -0.054484
 0.018784 -0.007133 0.052875 -0.055775 0.051370 -0.054231 0.019363 0.009961 -0.039663 -0.077419 -0.032369 0.026129 0.099209 -0.046822 -0.063043 -0.045717 -0.046713 0.008639 0.042921 0.094972 0.003293 -0.047062 0.020621 0.099446 -0.094997 -0.063203 0.059759 -0.025592 -0.038614 -0.091559 -0.099040 0.016723
 -0.094654 0.026836 -0.042971 0.086940 -0.088510 0.023698 -0.086313 -0.044178 -0.064378 -0.043527 -0.069355 0.089132 0.057171 -0.036513 0.012369 -0.038478 0.028792 -0.070636 -0.072670 0.081880 -0.017671 -0.045061 -0.073070 -0.021026 0.093118 -0.072286 -0.060568 0.034038 -0.038566 0.089346 -0.032632 0.028781
 -0.066651 0.072750 0.017855 -0.015077 -0.081043 -0.038444 -0.005474 0.086851 -0.033191 0.054127 0.030228 0.067629 0.028221 0.061143 -0.056463 0.028078 0.013102 -0.057329 0.020995 0.085714 0.077534 -0.092149 -0.013050 -0.080597 -0.015185 0.072766 -0.048940 0.005303 0.025202 -0.055456 0.040842 -0.090412
 -0.069869 -0.098494 0.053349 -0.039935 -0.008702 0.098400 -0.054300 -0.054380 0.076935 -0.007564 -0.046981 0.024229 -0.051502 -0.001576 -0.060741 0.020345 0.079001 0.030127 -0.053080 -0.005645 -0.015857 0.017981 -0.028257 0.052329 -0.042819 -0.068162 -0.099315 -0.036997 -0.023743 -0.084653 -0.083409 0.039204
 0.040833 -0.099887 -0.093033 0.031204 0.011558 -0.064297 0.040745 -0.036108 -0.067143 -0.092854 -0.051285 0.009245 -0.090712 0.068866 0.060236 -0.062075 -0.019309 -0.008008 -0.039992 0.084400 -0.033371 0.070221 -0.081233 0.010816 -0.085381 0.062412 0.072455 0.077511 0.017527 0.091697 0.073106 -0.086065
 -0.001566 -0.065173 0.078147 0.091499 -0.077603 -0.021640 -0.002174 0.049684 -0.057660 -0.032445 0.045171 0.078280 -0.073989 -0.065734 0.007063 0.033554 -0.006883 0.077152 -0.021248 -0.068018 -0.026202 0.089210 0.072193 -0.023226 -0.037746 -0.098198 -0.082556 -0.042385 0.035899 0.088755 -0.063052 0.039697
 -0.083988 0.009149 0.025902 -0.059534 -0.034775 -0.066972 0.046191 0.081828 0.013314 -0.024480 0.039632 0.037729 0.008248 0.011192 0.054868 0.014733 0.038689 0.065476 0.021283 -0.041693 -0.047320 -0.015870 0.099782 -0.022570 0.067590 0.051319 -0.090929 -0.044789 -0.007431 -0.043655 0.007303 -0.004332
 -0.085526 0.015674 0.074026 0.007362 0.030389 0.033006 -0.064243 -0.077138 0.018370 -0.054741 -0.067137 0.038986 -0.009020 -0.058474 -0.090602 -0.048710 -0.039345 -0.056881 0.075882 0.068298 -0.010013 -0.037216 0.072375 -0.060346 -0.029650 -0.083888 -0.035748 0.055071 0.052621 0.086810 0.011061 -0.059911
 -0.052638 0.001272 0.025554 0.027301 -0.063652 0.010189 -0.035484 0.076769 -0.030988 0.081621 0.056454 -0.069608 -0.033141 -0.013731 -0.047477 0.059749 0.070269 -0.011809 -0.089568 0.009186 0.080625 0.083965 0.091729 -0.004878 0.099122 0.005047 -0.036575 0.061402 0.059984 0.034461 0.092078 0.016428
 -0.046049 0.015745 -0.057347 -0.035163 -0.047256 -0.057663 -0.016425 -0.037606 0.054120 0.084664 0.096860 -0.070857 -0.085058 0.065322 0.026594 0.056706 -0.057449 -0.065518 -0.087055 0.070979 -0.065459 -0.065047 -0.003486 0.017259 0.077402 -0.016559 0.071748 -0.067157 -0.041062 -0.018764 0.056757 -0.001645
 -0.035219 -0.017091 0.059926 -0.011887 -0.087169 0.035151 -0.054063 0.045515 -0.063135 0.004880 -0.011759 0.054656 0.059525 -0.037204 0.099330 -0.084975 -0.007103 0.012589 0.047124 0.036709 0.071052 0.078066 0.052506 -0.007830 -0.028646 -0.025080 -0.055476 -0.005986 -0.066228 -0.051174 -0.039152 0.080780
 -0.096194 0.000653 -0.078813 -0.051886 0.093073 0.065999 0.030344 -0.049996 0.012408 0.048080 0.038642 0.074685 0.054586 0.076405 0.009178 -0.058865 0.093806 0.082910 0.055234 0.070877 0.025553 -0.086027 0.076166 0.051203 0.041743 0.026589 0.051790 0.081711 0.022883 0.046926 -0.023708 -0.097877
 -0.023617 -0.003792 -0.043262 0.034621 -0.024945 0.065449 0.075009 -0.033631 -0.085797 -0.026762 -0.050978 0.062348 0.064587 -0.041472 0.032746 -0.020550 0.014184 0.004568 -0.056814 -0.024178 -0.098046 -0.008980 0.042161 -0.043179 0.038047 0.094362 0.025886 0.010002 -0.050009 0.084596 0.056278 -0.089336
 0.041358 0.039524 0.088789 -0.012401 -0.009161 -0.079943 0.097414 -0.082928 0.012085 0.019109 -0.065182 0.094915 0.048208 -0.029831 0.004198 0.046665 0.092952 0.067542 -0.060626 0.054045 0.015645 0.068573 -0.050584 0.022458 0.093783 -0.013108 0.072278 0.026602 -0.067055 -0.032978 0.016190 0.025738
 -0.059176 0.003795 0.095560 0.098202 0.084944 -0.043446 0.013297 -0.057765 0.011207 0.007988 0.039171 0.074071 0.055704 0.002463 0.082250 0.003306 0.075305 -0.008921 0.021342 -0.042084 -0.086941 -0.077015 0.080487 0.042248 -0.069648 -0.023431 0.087524 0.024591 -0.066369 -0.011908 0.036246 -0.039515
 -0.023689 0.055958 0.014542 0.069187 -0.054992 0.049022 0.034938 0.024071 0.077059 0.041121 0.024335 -0.067463 -0.067638 0.059984 -0.073126 0.069252 -0.049156 0.014589 0.097945 0.047649 0.061675 0.017975 0.009591 -0.031146 0.013182 -0.054490 -0.018648 -0.034510 0.091318 -0.026478 -0.048175 0.047319
 -0.071074 -0.043685 0.073113 -0.094159 -0.090245 -0.045243 -0.055981 0.069903 -0.030124 -0.001528 -0.031621 0.093206 0.017169 -0.016450 0.084450 0.054508 -0.060081 -0.091993 -0.064588 -0.030930 -0.079599 -0.038696 -0.056940 0.056604 0.016873 0.013087 0.072457 0.045685 0.095582 0.046492 -0.088760 -0.018640
 -0.005788 0.022834 -0.012051 -0.095898 -0.074407 0.089667 0.007952 -0.093198 0.021744 -0.085180 0.083015 -0.062589 0.089578 -0.061762 0.083562 -0.062023 -0.092521 -0.086228 -0.063897 0.080444 0.051128 0.017664 0.079471 -0.037885 0.099739 0.014104 -0.070711 0.067139 0.030086 0.037042 -0.087658 0.096588
 -0.092979 -0.082126 0.018756 -0.002296 -0.028497 -0.011105 0.028131 0.014245 0.045955 0.083650 0.035906 0.034172 0.025551 -0.053740 0.045153 0.050046 0.015027 0.073898 -0.016443 -0.080792 -0.075317 -0.010336 -0.084652 -0.041482 -0.080631 -0.021703 -0.077694 0.037921 0.093051 -0.089753 -0.034391 -0.007352
 -0.095396 -0.009619 0.095743 -0.096664 0.039351 -0.064541 -0.055670 -0.005777 0.006113 0.082842 0.013504 0.093892 -0.053091 -0.055021 0.021156 0.099952 0.031244 -0.037365 0.031337 0.043811 -0.040413 -0.012940 -0.064101 0.051558 -0.008824 0.000854 -0.045990 -0.018513 -0.077554 0.028191 -0.063134 0.028825
 -0.051095 -0.088707 -0.099142 -0.041898 -0.008115 -0.002008 -0.078693 0.087569 0.076412 0.067825 -0.068336 0.058807 0.034119 0.052784 0.023621 0.078492 0.092224 -0.018509 -0.012607 0.028335 -0.043522 -0.086515 -0.061024 -0.029890 -0.014240 0.082593 0.006320 -0.081441 -0.026297 0.070882 0.035085 -0.062748
 0.012773 -0.050586 -0.043449 -0.057093 0.092480 0.067995 -0.074959 -0.056424 0.036887 -0.075856 0.093148 -0.096420 -0.082741 0.017452 -0.098021 0.075842 -0.008743 0.065150 0.054580 0.013474 -0.082223 0.094057 -0.088231 0.035855 0.083902 -0.064074 0.050217 -0.028682 0.007243 -0.015287 -0.022466 0.087132
 -0.075475 -0.007702 0.056569 0.070410 -0.051560 0.014214 0.022121 -0.060455 0.075948 0.034141 0.008628 0.035369 -0.063640 0.089598 -0.083420 -0.070782 -0.065059 0.064241 -0.089898 0.087915 -0.071948 0.056738 -0.067678 0.004599 -0.054379 -0.088048 -0.007325 -0.010967 0.052404 0.039150 -0.050385 -0.054412
 0.017285 0.083766 0.071010 -0.070163 -0.008648 0.071737 -0.038920 -0.065252 -0.027850 0.081008 0.066863 0.013209 0.019708 0.021790 -0.079108 0.035901 -0.077602 0.045754 -0.081632 0.031527 0.072341 -0.098890 -0.007961 0.083060 -0.090805 0.004729 -0.057769 0.002750 -0.059589 -0.086663 0.047011 -0.038850
 -0.022362 -0.063472 0.019125 -0.092624 -0.066410 0.073189 -0.082170 -0.020579 -0.036626 0.017929 -0.054888 -0.080460 0.039148 0.014870 0.076066 -0.041599 -0.040947 0.050733 0.070193 0.053410 0.088082 -0.016083 -0.028966 -0.044671 0.067340 -0.061142 0.086281 0.091176 -0.091328 -0.009122 -0.056993 -0.025760
 0.056010 -0.005835 -0.013061 -0.035962 0.079630 0.027825 0.037246 -0.001745 -0.043168 -0.098937 -0.076226 0.041511 -0.065613 -0.046306 -0.062028 0.026333 0.032516 0.020276 0.099057 -0.028126 -0.027854 0.037207 -0.029930 0.092196 -0.084296 -0.050754 0.055378 0.009003 0.045125 -0.072264 -0.023338 -0.071503
 0.037646 -0.012825 0.081441 0.099224 0.041088 0.019675 0.004902 0.077903 0.086474 0.010715 0.024240 -0.043724 0.055904 0.018411 0.078986 0.046065 -0.083997 -0.079160 0.043509 -0.024260 0.089162 -0.010776 -0.030070 -0.090387 -0.069714 -0.061760 0.077782 -0.082965 -0.005279 -0.090173 0.048633 0.014748
 0.004930 0.003059 -0.014135 -0.080635 0.076320 -0.043500 0.038584 -0.043246 0.070193 0.065742 0.014290 0.066316 0.022690 0.095345 -0.038287 0.096458 0.064674 0.079639 0.046278 0.098680 -0.097117 0.037527 -0.054165 0.032145 -0.021056 -0.016766 0.086061 0.047499 0.002705 -0.029524 0.064933 -0.077784
 0.067387 0.087481 -0.038303 0.040450 0.044310 -0.009265 -0.062252 -0.096007 0.001081 -0.081748 -0.060354 0.035428 0.019133 0.083924 -0.055916 0.044651 0.013339 -0.032541 -0.058039 0.080410 -0.056697 -0.060098 -0.018330 0.052523 -0.099238 0.078626 0.046895 -0.010908 -0.073786 0.089482 0.061174 -0.031365
 0.044395 0.086226 0.077199 0.038247 -0.067802 -0.004193 -0.091219 0.004943 0.062559 0.095183 0.036526 -0.089112 -0.078276 -0.026281 -0.062919 0.084353 0.058707 -0.087455 -0.084336 -0.082462 -0.094489 -0.043260 -0.037094 -0.009452 0.075938 -0.056158 -0.027001 0.073735 -0.087338 -0.035339 -0.063943 0.010832
 -0.054636 -0.059833 0.079923 -0.061290 -0.043014 -0.088807 -0.051573 -0.000139 -0.028433 0.007728 0.017615 -0.082129 0.035809 -0.021510 -0.059548 0.042750 0.031177 0.000998 0.073555 -0.013303 0.083381 -0.072110 -0.027243 0.066790 -0.019452 -0.044372 -0.090844 0.020258 -0.066947 0.093510 -0.007572 -0.016156
 0.060983 -0.096481 0.030152 -0.041459 -0.058917 -0.063015 0.034691 0.092086 0.006689 0.018951 0.094120 0.038078 0.007851 -0.005288 0.066734 0.083564 0.049874 0.037768 0.089687 0.084184 -0.079341 0.094966 0.067760 -0.053763 0.041822 0.069715 0.048394 -0.016205 -0.059877 0.009263 0.049465 0.078537
 -0.007541 -0.043443 -0.077842 0.092120 0.043412 0.018847 -0.059656 -0.049053 0.004680 0.031285 -0.013406 0.060964 0.043096 0.022694 0.045992 -0.029257 0.098124 0.038666 -0.081521 0.076549 -0.088713 0.011345 -0.059924 0.093204 -0.033318 -0.074040 -0.030619 0.048310 0.057654 -0.057101 -0.040701 0.005468
 -0.072553 0.064647 0.037806 -0.018726 0.086578 0.065206 0.029976 0.067072 -0.031168 0.079392 -0.009074 -0.077111 0.038334 0.003622 0.084674 0.017604 0.060861 -0.041084 0.091539 0.015020 -0.088705 0.085257 -0.031138 -0.000753 0.033256 -0.014226 -0.092010 -0.029382 -0.019177 -0.084786 -0.025870 0.000364
 -0.047041 -0.032754 -0.032719 0.076790 -0.011610 -0.011383 0.066253 -0.099156 -0.012056 -0.083365 0.078225 0.014318 -0.008057 0.004671 -0.051557 0.099422 -0.061611 -0.060736 0.026309 -0.056413 0.030575 -0.014531 -0.024038 -0.048851 0.094131 -0.055210 -0.088387 0.005818 -0.000140 0.008080 -0.018309 -0.045457
 0.032252 -0.012444 0.053292 -0.056351 -0.026802 -0.026627 -0.047908 -0.092264 0.037060 -0.077983 -0.015083 -0.012504 -0.087806 -0.074262 -0.036775 0.064092 -0.050711 -0.039541 0.077075 -0.028294 -0.060101 -0.038528 0.033047 -0.068281 -0.003186 -0.065248 -0.095917 -0.076532 -0.085604 -0.085752 -0.011130 0.069842
 0.063413 0.026513 0.062733 0.001128 0.046194 -0.053463 0.010408 0.022505 -0.044018 0.090976 0.094774 0.022451 0.065017 -0.035772 -0.089418 -0.061458 -0.087775 -0.073423 -0.021192 -0.019458 -0.081806 -0.011581 -0.054724 0.074784 0.031493 -0.031294 0.055545 -0.072712 0.058117 0.092464 -0.058329 -0.026823
 0.008464 -0.083556 0.018938 -0.053234 0.068696 0.051642 0.030008 0.088504 0.095885 -0.044830 0.030840 -0.052855 -0.089865 -0.090891 0.001072 0.048571 0.000014 0.081968 -0.038118 0.092441 -0.013489 -0.069874 -0.080058 0.082331 -0.056230 0.068795 0.094817 -0.075577 0.014767 0.037686 -0.004248 -0.088613
 0.034966 -0.086450 0.013427 -0.096427 0.025071 0.013351 -0.063304 -0.053414 0.084356 0.086211 0.029746 0.065956 0.049057 0.068021 -0.095068 -0.044112 -0.007828 0.065451 -0.065713 0.024858 -0.011466 0.066874 0.093205 0.079498 0.060288 -0.090163 0.052922 -0.045790 0.097910 0.085730 0.024571 0.073586
 -0.053123 -0.079029 -0.007877 -0.036495 -0.050193 0.033981 -0.075249 0.055103 -0.001667 0.002851 -0.079250 0.060175 0.053185 0.077699 -0.040421 -0.070738 -0.069938 -0.080730 0.019015 -0.040950 0.082142 0.063630 -0.096337 -0.036695 0.075428 -0.091127 -0.056428 0.082888 -0.058689 0.072207 -0.040820 0.045343
 -0.002468 0.087625 -0.095500 0.010548 0.087739 0.045561 -0.065738 -0.063753 -0.019439 0.065818 -0.075107 -0.076491 -0.063614 0.084450 0.099249 0.024372 -0.070804 -0.042723 -0.021931 0.001325 -0.032980 0.002867 0.047641 -0.092865 -0.094755 -0.036674 -0.066868 0.051361 0.046907 0.091684 -0.003003 0.015370
 0.038374 0.008039 -0.083296 -0.028791 -0.031332 -0.037569 -0.017977 0.024686 -0.089038 -0.024156 -0.030204 -0.095765 -0.028909 -0.093168 0.068000 -0.059696 0.047384 0.044479 -0.030468 0.094555 0.049500 -0.066817 -0.061963 -0.071861 -0.089627 0.004493 0.016371 -0.086405 -0.075878 -0.018966 0.016579 -0.030166
 0.027279 0.081723 -0.014144 -0.091024 -0.057754 0.008817 -0.024142 -0.094080 -0.040102 0.082666 0.076692 -0.092034 -0.069061 0.052245 -0.040613 -0.091895 0.020226 0.028943 -0.047663 -0.082748 -0.078513 -0.097888 -0.012010 -0.044249 0.079139 -0.067925 -0.060929 -0.074807 0.080996 -0.045756 -0.071006 0.067604
 0.061946 0.029084 0.072162 0.047185 0.076400 -0.097872 -0.098473 0.021402 0.048535 0.075167 -0.070672 0.091018 0.011567 -0.092217 0.036321 -0.075445 0.056875 0.056538 0.061727 -0.026597 0.032275 0.010820 -0.028356 0.050923 -0.006250 0.056096 0.072613 -0.063821 0.053040 -0.052022 -0.029724 -0.003259
 -0.008895 0.043298 0.056976 -0.045712 -0.073817 0.085019 0.031449 0.034913 -0.049240 -0.022266 -0.002643 -0.090250 0.039275 0.023076 0.047362 0.043077 0.068234 0.022201 -0.072523 0.008053 -0.081547 -0.024881 0.010773 0.046080 0.049429 0.056370 -0.056211 0.068839 -0.027123 -0.094110 -0.072755 -0.021097
 0.068390 0.099640 -0.053249 0.022542 0.050948 0.036207 -0.026871 0.056790 0.030459 0.034875 0.066059 -0.064923 -0.095191 -0.074454 -0.029417 0.037891 -0.033148 -0.030390 0.005866 -0.019537 0.092001 -0.094687 0.050225 -0.066624 -0.022910 0.067084 -0.065264 0.076927 0.086987 0.029005 -0.007561 0.053747
 0.040610 0.002608 -0.009236 0.030720 0.043429 -0.026272 -0.035252 0.022534 0.017706 0.031567 0.068461 0.026685 0.047126 0.062456 0.033758 0.049453 0.020921 0.059823 0.042608 -0.023041 0.067152 -0.072735 0.086844 -0.087378 -0.014216 -0.058964 -0.043507 -0.054287 0.051338 0.016879 -0.079153 0.032152
 0.098506 0.010486 0.000327 -0.047379 0.071100 -0.031707 0.008968 -0.030951 0.075993 -0.036342 -0.060612 -0.009742 -0.026856 0.061263 0.028246 -0.056328 -0.028968 0.067688 0.025472 -0.038862 0.000609 -0.094011 0.030703 0.019523 -0.023605 0.047847 -0.054475 0.065615 0.024112 -0.048092 -0.043174 -0.074975
 -0.082800 0.042083 0.035040 -0.097517 -0.082406 -0.031148 0.075816 -0.002442 0.030017 0.034780 0.077368 0.099044 0.065168 0.019211 -0.052480 -0.095491 0.099149 -0.073439 -0.063728 -0.009961 0.014104 -0.090478 -0.029240 -0.045011 0.017597 -0.088236 -0.058225 0.013805 0.060213 0.059276 0.040943 -0.020634
 0.067551 -0.026466 0.022219 0.020067 -0.058676 0.085175 -0.094958 -0.089214 0.013811 -0.047908 -0.067399 0.034912 -0.003433 -0.085333 0.043304 0.088445 0.029445 -0.014782 -0.079160 0.078427 -0.049080 -0.054486 -0.029063 -0.061565 -0.069113 0.084953 -0.049280 -0.072073 -0.090786 -0.074511 -0.031700 -0.060978
 0.064854 0.079182 -0.053951 -0.055179 0.044392 -0.001190 -0.046258 0.082008 -0.019305 -0.032472 -0.089805 -0.051622 0.078183 0.063421 -0.094035 -0.086764 -0.054631 -0.010288 -0.036193 -0.063948 -0.026451 -0.042924 -0.041366 0.002077 0.002999 -0.083969 -0.081090 -0.064165 0.034885 0.059063 0.005161 0.024501
 -0.057393 -0.042092 0.028720 -0.035305 -0.051079 -0.078003 0.012990 0.085316 0.013360 0.006151 0.044871 -0.044645 -0.045512 0.008381 -0.041053 -0.055729 -0.021034 -0.052406 -0.033276 0.026546 -0.040220 0.037775 0.049672 0.073740 -0.096184 -0.058231 -0.023300 0.095870 -0.090758 -0.079231 0.093291 -0.091369
 -0.024565 0.053156 0.037062 -0.061672 -0.036914 0.009193 -0.052936 0.022472 0.078735 0.091891 0.035747 0.090938 0.047547 0.093876 0.083136 -0.041345 0.089860 0.070427 -0.049813 0.055976 0.063696 -0.055426 -0.055534 -0.002028 0.014058 -0.088430 0.063608 0.057307 -0.008266 0.005200 0.005871 0.049132
 -0.025967 -0.089458 -0.047218 -0.089274 0.003727 -0.011194 -0.044946 -0.005728 -0.061543 0.043615 0.098795 0.033522 -0.022686 -0.058615 -0.008699 0.059046 -0.004474 -0.059532 -0.003399 -0.059953 -0.082306 -0.080574 -0.038916 -0.050675 0.096781 -0.040578 -0.047200 0.046727 -0.009685 0.022374 0.011620 0.026571
 -0.068423 -0.095539 0.077296 0.099066 0.046521 -0.039915 0.052076 0.065479 0.030033 -0.073078 0.081560 -0.037398 0.053924 0.070358 -0.098266 -0.069512 -0.035229 -0.017892 0.032949 0.018358 -0.098276 0.046306 0.001442 0.028782 -0.041406 -0.083918 -0.028483 -0.064213 -0.045263 0.055903 -0.035583 0.049413
 -0.089146 0.083912 0.007633 0.073489 -0.057479 -0.095052 -0.007913 -0.059688 0.085220 -0.094097 0.060876 0.005386 0.007958 -0.041350 -0.097817 -0.057837 0.047864 -0.034893 0.001798 -0.070195 -0.038917 0.023327 -0.072825 -0.017347 -0.018391 0.063514 0.006228 0.099121 -0.047714 0.001721 -0.020151 0.098071
 -0.038049 -0.022575 -0.017086 -0.042401 -0.062257 0.082133 -0.075844 -0.066734 0.081313 -0.071750 -0.077939 -0.043455 -0.066448 -0.050856 0.009250 -0.004836 0.092598 -0.008977 0.056270 0.001402 -0.075950 0.079060 0.077918 -0.022090 0.052229 -0.013895 0.089404 0.013927 -0.018541 -0.056389 0.092147 0.041022
 -0.086825 0.021008 0.077902 0.084799 -0.076516 -0.043630 0.027396 -0.061662 -0.074607 -0.081024 -0.034798 0.072301 0.048986 0.011710 -0.041919 0.055787 -0.088820 0.040340 0.008039 -0.011442 0.031025 0.094918 0.044765 -0.049100 -0.022770 0.077421 0.061974 -0.050329 0.031943 -0.095016 0.084493 0.048378
 -0.037367 0.038665 0.049768 0.052603 -0.090930 -0.081915 -0.078861 0.020001 0.068156 -0.010844 0.003157 0.020670 -0.096645 -0.028785 0.054175 0.010981 -0.091891 0.024484 -0.009240 0.029225 -0.023493 0.032797 -0.069453 -0.062627 0.014935 -0.077145 -0.027284 0.051260 -0.020123 0.056058 0.040448 0.048848
 0.048986 0.040751 0.059896 -0.031950 0.044778 -0.003602 -0.025125 -0.074672 0.003979 0.011177 0.071446 -0.058117 -0.053990 -0.076101 -0.012810 0.037214 -0.055227 0.017120 -0.095384 -0.066333 -0.099831 -0.025292 0.022882 -0.044013 -0.075025 -0.056493 -0.052495 0.068355 0.035035 -0.033391 -0.040608 -0.076026
 0.049087 -0.051289 -0.074771 0.092695 0.046800 -0.006279 0.071271 -0.066622 0.028301 0.086187 -0.058758 -0.026147 0.023675 0.076314 0.014627 0.067436 0.031943 0.079632 0.037902 -0.042897 0.028613 0.054082 0.017467 -0.011185 0.086928 0.084068 0.036273 0.046663 0.062270 -0.040036 0.065904 0.018465
 0.073250 0.043329 0.070408 -0.010741 0.071964 0.033811 0.029767 -0.064509 -0.054407 -0.029403 0.027713 0.010939 0.018578 0.021367 0.016130 0.095012 0.056450 -0.015492 -0.094178 0.065708 0.036700 0.046306 -0.098868 -0.096238 0.088755 -0.024290 0.025599 0.077213 0.053164 -0.004245 -0.067698 0.044834
 0.014749 0.037965 0.097772 0.003070 -0.028325 -0.038866 -0.074030 0.081944 0.085794 0.073016 0.087314 -0.078874 0.027842 0.064186 -0.050669 -0.042454 -0.032576 0.001293 0.027632 0.086310 -0.028546 -0.002049 0.052396 0.010957 0.006445 -0.022309 0.001138 0.031170 0.087507 -0.005413 -0.048854 0.074408
 -0.016352 0.021459 -0.078633 0.011606 0.070304 0.094010 -0.034266 0.091323 0.008474 0.006245 0.005053 0.046869 -0.069585 0.026039 -0.035683 0.093574 0.018398 -0.071521 -0.074717 0.087837 0.040084 0.071448 -0.068171 -0.096221 -0.022711 -0.075187 -0.029624 -0.086998 -0.077088 0.027120 0.076746 -0.024858
 0.030505 0.083582 -0.037902 -0.073972 -0.057155 0.075622 -0.094229 -0.010682 0.034886 -0.040400 -0.012781 0.082425 0.068815 -0.077386 0.073213 -0.052637 -0.045791 -0.038617 0.082489 0.011866 0.035250 0.031051 -0.001829 0.076713 0.079394 0.006873 0.035106 -0.051155 0.022562 0.065965 0.021473 -0.088547
 -0.048339 -0.022741 0.099236 -0.090418 0.032559 -0.061380 0.059421 -0.057807 -0.018492 0.000489 -0.009267 -0.044501 0.022881 0.089324 -0.095679 -0.028286 0.013824 -0.062312 0.021819 0.077079 0.007620 -0.068176 0.018169 -0.072682 0.005800 0.031072 0.074720 -0.060162 0.097793 0.019009 0.003541 -0.099626
 -0.079606 -0.053399 -0.088855 -0.064968 -0.050985 -0.050139 -0.079979 0.084083 0.067253 -0.033473 0.065310 0.071299 0.041674 0.017457 0.065115 -0.058060 -0.078839 -0.062999 -0.067356 -0.099326 -0.044757 -0.016955 -0.025308 -0.001325 0.099266 0.064583 -0.095020 0.044472 -0.022133 -0.052569 0.014159 0.015902
 0.029957 0.085074 -0.052363 -0.042741 -0.073920 0.048447 0.020487 -0.048505 0.017560 -0.051513 -0.092033 0.020635 -0.027238 -0.073697 0.045602 -0.041985 -0.045659 -0.087000 0.021665 -0.058193 0.031255 0.024049 0.004054 -0.003575 0.044330 -0.063190 0.087944 -0.074031 -0.026348 0.041961 0.041022 -0.031849
 -0.053647 0.009618 -0.046985 -0.096522 0.077552 -0.075349 0.002669 0.058496 -0.050970 0.068400 0.015665 -0.018318 -0.069991 -0.006763 -0.025156 -0.039697 0.089374 -0.082965 -0.098317 0.018540 0.005304 0.089657 -0.058065 -0.094294 -0.048063 -0.011806 -0.048480 -0.063028 -0.015613 -0.016925 0.008888 -0.035287
 0.098918 -0.083096 -0.009048 0.061847 -0.028879 -0.047544 -0.025555 0.058254 0.000857 -0.051541 0.092802 -0.002089 0.042381 -0.076451 0.037876 -0.063399 -0.034096 0.023523 -0.098983 0.075123 0.039814 -0.001304 0.066313 0.056806 0.000182 -0.061390 0.097111 0.044105 -0.010281 0.059304 0.051596 -0.046852
 0.050970 -0.007731 0.068267 -0.044287 0.016974 0.090122 -0.016675 0.056541 0.002770 0.063513 -0.031800 -0.011894 0.042235 0.074259 -0.078520 -0.050599 0.096956 -0.013080 0.054868 -0.057330 0.085958 -0.053588 0.010575 0.005661 -0.058284 -0.092825 0.038798 0.049018 -0.066819 0.038541 -0.052249 -0.009267
 -0.080939 0.011790 -0.088016 0.029813 0.063020 0.097388 -0.084706 0.054642 -0.084062 0.038615 0.044479 -0.014384 0.034658 -0.066020 0.082307 -0.089317 0.087212 -0.020791 0.099570 0.088061 0.030931 0.079328 -0.042261 0.007055 0.081525 0.082135 0.008190 0.028452 0.085152 -0.096965 0.015475 -0.013845
 -0.090448 0.040733 -0.063254 -0.082337 0.015044 -0.032666 0.068954 0.051306 0.046688 -0.029190 -0.058561 0.003701 -0.076709 -0.020462 0.049521 -0.072776 -0.076162 0.040467 -0.056027 -0.096630 0.064253 0.035433 -0.040327 -0.069317 -0.052019 -0.073000 -0.024940 -0.097006 0.076367 0.043921 0.045828 -0.091696
 -0.057552 0.001983 -0.034407 0.097110 0.072404 -0.080463 0.041353 0.061757 0.097206 -0.071735 -0.053452 -0.045564 0.031311 -0.037120 -0.007331 0.043649 -0.013451 -0.082414 -0.046046 -0.097043 -0.085851 0.034596 -0.007574 0.079910 -0.012923 -0.016616 -0.071237 0.055708 0.067415 0.001874 -0.095698 0.047273
 0.004320 -0.052960 -0.054370 -0.098061 0.007177 0.000943 -0.071128 -0.006935 -0.009085 0.067028 0.028633 -0.031729 -0.088862 -0.084541 0.042730 -0.075602 -0.093342 -0.057733 -0.024319 0.059360 -0.022035 0.015134 0.081364 0.089237 -0.046275 0.020135 0.038266 -0.041552 0.004410 -0.017511 0.039147 -0.057861
 -0.078454 -0.062303 -0.022100 -0.020822 -0.033443 0.038965 -0.069679 0.034600 -0.007940 0.030320 0.075354 0.054473 0.056967 0.006308 -0.001975 -0.087268 -0.073433 0.038441 -0.044794 0.050301 0.038602 0.090453 -0.042961 0.048422 -0.055193 0.004480 -0.057040 -0.000258 0.010877 -0.051045 -0.089361 0.093440
 -0.015563 0.029260 -0.041231 0.040243 -0.080682 0.069516 -0.090336 -0.030023 0.007157 -0.063147 -0.090406 -0.015117 0.029227 -0.000525 -0.014934 -0.011510 -0.092021 -0.085062 -0.025944 0.000334 0.022107 -0.010799 -0.074914 0.062306 -0.057228 -0.075896 0.099732 -0.005043 0.064563 0.078779 0.085141 0.028558
 -0.087510 0.007145 0.038716 -0.078169 -0.083789 -0.017468 0.024674 0.069600 0.033626 0.022379 0.082900 -0.080519 0.032464 -0.097605 0.030199 -0.002340 -0.055979 0.086745 -0.064411 -0.046633 0.035118 -0.051810 -0.036892 -0.093464 -0.086267 0.052006 -0.086291 -0.017995 -0.026769 -0.068454 0.037976 0.065102
 -0.040520 0.031489 -0.007177 0.076906 -0.015310 0.015018 0.001387 0.026881 0.004970 -0.029574 0.035925 0.019508 0.083116 -0.023253 -0.027159 -0.068522 0.045942 -0.054591 -0.098041 0.036161 -0.059860 0.034262 0.009625 -0.097867 0.000776 0.084201 0.036751 0.025285 0.068765 0.088522 -0.073619 -0.095805
 -0.013069 -0.062647 0.090595 0.084369 -0.097211 -0.057514 -0.057877 0.033607 -0.098701 0.064904 -0.088044 -0.035940 -0.082325 0.020756 -0.052720 -0.047414 0.000949 -0.071936 -0.065108 0.071318 0.046182 0.046593 0.002521 0.004147 0.018348 -0.060391 -0.064270 0.081759 -0.063059 0.045493 -0.045443 0.004648
 -0.066615 -0.039837 -0.099005 0.042480 0.029452 -0.064219 -0.094862 -0.097478 0.031492 -0.003980 -0.021097 0.056324 0.088443 0.095037 0.023026 0.045356 0.027466 0.017069 0.031153 -0.086278 -0.021932 0.050115 -0.031859 0.023342 -0.089718 -0.050785 -0.098013 -0.056682 0.070205 0.017495 -0.010698 -0.021883
 0.059654 0.042237 0.017427 0.055319 -0.076682 0.056530 0.097709 -0.004002 -0.045300 -0.078278 0.056891 -0.000251 -0.044847 -0.044010 -0.038704 0.022475 -0.033939 0.063367 -0.092905 -0.005255 -0.040100 -0.022552 0.003744 0.036893 -0.047128 -0.047287 -0.047509 -0.058433 0.051319 0.058109 -0.019018 0.014911
 0.083251 -0.089001 -0.003770 0.073545 -0.022093 -0.038398 0.010885 0.039876 0.005955 -0.092839 0.084520 -0.057680 -0.046210 -0.073743 -0.027377 0.095277 -0.069109 -0.098596 0.044089 -0.072946 0.033453 0.014187 -0.005786 -0.094608 0.000040 0.096441 -0.089963 0.082122 -0.034985 0.012758 -0.024736 -0.028356
 -0.092617 0.054607 -0.044004 -0.085523 0.068825 -0.013446 0.059791 0.060572 -0.065103 -0.028366 0.070532 -0.049583 -0.064744 0.095398 -0.056583 0.026417 -0.099444 -0.023641 0.045167 -0.033643 0.029533 0.023225 0.076700 -0.060480 -0.073134 0.000849 0.072154 0.016182 -0.072454 -0.066793 0.089290 -0.046149
 0.014739 -0.025517 0.006755 0.085837 0.031741 -0.071905 0.004766 -0.082937 0.060234 -0.094609 0.085957 0.099695 0.089524 0.080668 0.031678 -0.087872 -0.026875 0.099219 0.089529 -0.031472 -0.097260 0.032506 0.004285 -0.019624 0.017370 -0.081391 0.049959 0.072822 -0.003198 0.075108 0.002219 0.024186
 0.011107 0.017263 -0.061037 -0.056767 -0.094497 -0.013368 -0.077295 -0.021317 -0.085046 0.046217 0.023901 -0.057141 -0.061416 -0.087056 -0.002027 0.063323 -0.080378 0.037610 -0.061671 -0.039933 -0.039703 0.063579 0.073360 -0.016513 -0.077968 -0.010045 0.083683 -0.038118 0.093114 -0.021928 0.090643 -0.065774
 0.071650 -0.001666 -0.011539 -0.082146 0.007880 -0.063660 -0.013537 0.059595 -0.046336 -0.061134 -0.032220 0.046481 0.064951 -0.055388 0.003289 0.005190 0.019020 -0.003437 -0.026263 -0.055126 -0.028544 -0.017241 0.011323 -0.057993 -0.021158 0.093681 -0.071180 0.074175 0.011018 0.022161 0.037774 -0.091666
 -0.056782 -0.096753 0.042295 0.008658 0.070353 0.097502 -0.068743 0.000269 0.076104 -0.054408 -0.054173 -0.009692 -0.074773 0.055598 0.049988 0.080934 -0.008872 -0.091527 0.006199 -0.027925 -0.036823 0.097484 0.069302 -0.017569 -0.062959 -0.034434 0.045520 0.008906 0.005887 -0.043480 0.046772 -0.023442
 -0.072269 -0.021892 0.070460 -0.010751 0.003772 0.028689 -0.059584 -0.030819 -0.009609 -0.027519 -0.058574 0.014128 0.043341 -0.065098 -0.053343 -0.016938 0.036463 -0.006455 -0.043297 -0.080668 -0.092036 -0.006965 -0.094885 -0.096904 0.000755 0.064555 0.098172 -0.039621 0.047369 -0.079182 0.082307 0.044500
 -0.047218 -0.043847 0.083353 0.065233 -0.086540 0.099870 -0.027137 0.064296 -0.009456 -0.098410 0.075206 -0.021182 0.079828 -0.055965 0.092980 0.009948 -0.044540 0.042225 0.048283 0.020018 0.024945 -0.064375 0.013900 -0.069462 -0.017162 -0.029670 -0.002811 -0.022872 -0.017125 -0.052820 0.078599 0.045760
 0.098596 -0.062835 0.086063 0.074731 0.059309 -0.077593 -0.077102 -0.041381 0.011956 -0.021482 0.047900 -0.099391 -0.096019 -0.002106 0.007220 0.033877 0.042002 -0.017848 0.071021 0.075241 0.041308 0.089683 0.030419 -0.000291 0.051369 -0.030908 0.003819 0.070468 0.074949 0.010877 0.070101 0.001941
 -0.033525 -0.021097 0.012771 0.060244 -0.000467 -0.083071 0.011704 -0.036248 0.057501 -0.084936 -0.067105 0.069317 0.088754 0.056886 -0.055086 -0.092757 0.021825 -0.050723 -0.088274 0.035474 0.009692 0.066640 0.051211 -0.086329 -0.006729 0.062652 -0.004206 -0.025206 -0.036822 0.042814 -0.071181 -0.093695
 0.089734 -0.058641 0.036065 -0.065507 -0.053871 -0.045543 0.034348 -0.072553 0.099054 -0.046271 0.009929 0.002401 -0.066895 -0.004367 0.005717 -0.088611 -0.065555 0.033433 -0.016855 -0.036473 -0.001936 0.066894 -0.041446 -0.001896 0.008023 -0.035926 -0.021249 0.047377 -0.054872 0.017307 0.062822 0.030428
 -0.081582 0.038791 0.006421 0.027353 -0.059155 0.086198 0.028753 -0.065547 -0.076869 0.046878 -0.004787 0.036468 0.032997 0.027585 0.084355 -0.065942 0.047903 0.015193 0.022877 0.041285 0.037238 0.057694 0.023917 -0.002563 0.019789 0.043638 0.088067 -0.054035 -0.002764 -0.009096 0.065387 -0.022484
 -0.059725 -0.033780 0.012025 0.011671 -0.002426 -0.037578 0.079309 0.013303 -0.076221 -0.068807 0.031578 0.010290 0.075737 -0.039615 -0.000992 0.007542 -0.067276 -0.025695 0.044062 0.045986 -0.055874 0.029579 0.095458 0.091573 0.011186 0.021542 -0.052680 -0.036568 -0.090049 0.064604 0.048769 0.081935
 0.091924 -0.003053 0.065842 0.069142 0.078383 -0.096007 0.031427 -0.018493 0.074009 -0.047093 0.074282 0.046194 0.044242 -0.041972 -0.029862 -0.093281 0.099798 -0.063168 0.079577 0.056362 -0.016098 -0.073239 -0.025536 0.052176 0.051509 -0.055585 -0.098660 0.068594 -0.057761 0.029175 -0.028545 0.018090
 0.062187 -0.062374 -0.034227 -0.005040 0.009110 0.040695 0.007363 0.083099 0.001561 -0.082214 0.086326 0.079054 0.001243 -0.000543 0.029399 0.077786 0.065090 -0.087558 0.061977 -0.092726 -0.070665 -0.052561 0.006261 0.028634 0.091882 0.015179 0.023439 -0.072329 0.087043 -0.075285 -0.090800 0.016505
 -0.042431 -0.061062 0.040151 0.096572 -0.097540 -0.089023 -0.006882 -0.022524 0.036039 0.091830 0.050974 -0.094551 0.086934 0.048767 -0.015986 -0.005831 0.099627 -0.012736 0.038030 0.032279 0.092771 0.001663 0.078470 0.088774 0.071140 -0.074060 0.093013 0.091978 -0.009034 -0.054836 -0.060788 0.081800
 -0.018891 -0.010089 -0.035845 0.002849 0.045141 0.033903 0.057158 0.065762 0.073173 0.032587 0.059506 0.000199 -0.026479 0.088754 -0.019454 0.037750 0.086852 0.022247 0.016945 -0.066477 -0.078334 -0.009597 -0.007964 0.097968 -0.063990 0.079031 0.074274 0.057483 -0.041183 0.056987 0.019307 0.091746
 0.048362 0.048867 -0.060447 -0.089076 0.088211 0.062912 0.062700 0.096006 -0.001663 0.037104 0.018774 -0.055370 0.009524 0.015674 0.048724 0.067065 0.051224 0.094093 -0.013248 -0.081257 -0.099957 0.036625 -0.033811 0.034496 -0.087377 -0.086751 0.074967 0.083483 0.046649 -0.002347 0.086096 -0.047121
 -0.059490 0.018408 -0.061375 0.010042 0.002558 0.029570 0.089166 0.004829 0.036656 0.051384 -0.060701 -0.084251 0.091525 0.043809 0.048788 0.029246 -0.072418 0.082245 0.075651 0.002136 0.042355 0.023917 0.004798 0.053378 0.004928 -0.098239 0.063090 -0.068219 0.075141 -0.062185 0.046560 -0.098124
 -0.014287 -0.012518 0.026227 -0.075309 0.076737 0.053662 -0.013160 0.079171 0.049771 -0.057194 0.069475 -0.067858 0.055201 0.043018 -0.016147 -0.034343 0.094718 0.088877 -0.040040 -0.078692 -0.028128 -0.080614 -0.093131 -0.084410 -0.003652 -0.044192 -0.045695 -0.025446 -0.049561 -0.025093 -0.025240 -0.090454
 0.074798 -0.079918 -0.074630 0.055187 -0.059613 0.051303 0.037381 0.098090 -0.027624 -0.030831 -0.098371 0.097974 0.090996 -0.025195 0.030286 0.082067 -0.049490 0.099132 -0.000350 -0.025516 -0.067468 0.015935 0.062841 0.017640 -0.060540 0.053240 0.025533 0.048431 -0.089626 -0.040390 0.071268 0.037284
 -0.074301 -0.063828 -0.058350 -0.065472 0.078766 0.072257 0.097245 -0.012778 0.075850 -0.074430 0.091949 0.059129 -0.056669 -0.081883 -0.013974 -0.014485 0.070564 0.090320 0.087601 -0.078322 0.073912 0.009598 0.076184 -0.051298 -0.076770 0.041722 -0.028088 0.004262 -0.011351 -0.054172 0.097168 -0.021579
 0.087023 -0.058086 -0.065750 0.063731 0.015208 -0.021259 -0.073781 0.084533 -0.054462 0.048216 -0.078615 0.064583 -0.092679 -0.075832 -0.033622 -0.083047 -0.031079 -0.042393 -0.091409 0.083634 -0.079983 -0.001549 -0.047376 0.006198 -0.084513 -0.000950 0.088317 0.030688 0.003292 0.046855 0.095422 0.004262
 0.056892 0.018337 -0.011009 -0.035257 -0.007258 -0.050466 0.039537 -0.003064 -0.095745 0.015554 -0.049209 -0.099800 0.040784 -0.065012 0.000475 0.056525 -0.023669 0.050959 -0.095555 -0.014980 0.016733 0.094121 0.087661 -0.077009 0.080505 -0.048537 0.047421 0.086160 -0.096655 0.067601 0.052157 0.044530
 -0.080067 0.082743 0.052068 -0.095592 -0.053957 0.008906 -0.063067 -0.031955 0.007776 -0.095953 0.053449 -0.077054 -0.061482 -0.078442 -0.098609 -0.047696 0.024255 -0.000644 -0.047593 -0.057545 0.014554 0.068025 0.020654 -0.091513 0.013857 -0.074326 -0.043097 -0.020397 0.026727 -0.009585 -0.008734 -0.024076
 0.040657 -0.077482 -0.088040 0.007602 -0.075843 -0.000638 -0.028767 -0.070601 0.063844 -0.085650 -0.098507 0.078443 -0.038181 0.071636 0.026286 0.082296 -0.061611 -0.022328 -0.079957 0.008820 0.058418 -0.068066 0.002353 0.071005 0.038721 0.046146 -0.019910 0.015511 -0.020374 0.006240 0.028045 0.083217
 0.065413 -0.049923 0.053598 0.058827 -0.004553 -0.087792 0.019815 0.075373 0.096334 -0.058360 -0.011850 -0.020630 -0.034444 -0.086287 -0.001424 0.038915 -0.009805 -0.063130 -0.083607 0.059371 -0.027058 0.040950 -0.004557 0.085899 -0.015421 0.084283 0.090488 0.005709 0.076336 -0.019196 -0.051070 0.048300
 -0.077803 0.091693 0.026319 -0.086998 0.044722 0.093160 0.043634 0.099872 0.031367 0.028145 -0.097196 0.048739 0.053898 0.067388 0.025970 0.054006 0.003342 0.023906 0.099159 -0.002383 0.075867 -0.074935 -0.082685 -0.099764 0.058307 0.086735 0.020643 -0.053368 -0.059295 -0.085967 -0.067470 0.011341
 0.090947 0.085234 0.013425 0.000960 0.008267 0.033255 0.028114 0.058224 0.026423 0.067945 0.058902 0.099452 -0.034938 0.098389 0.026799 0.092967 0.075116 0.099456 0.003662 -0.086458 -0.006108 -0.006123 -0.012471 0.040406 0.014287 0.017164 0.025693 0.004569 0.051769 -0.026232 0.022311 0.076892
 0.084575 0.013342 0.065166 0.036967 -0.091715 -0.054978 -0.093497 0.090961 -0.071683 -0.037277 0.002347 0.017076 -0.057239 0.075628 -0.008443 0.041530 0.012223 0.088863 0.056145 0.079374 0.063720 0.068445 -0.099511 0.072496 0.007721 -0.020991 0.053696 0.001220 -0.080039 0.061394 -0.062784 -0.067813
 -0.067324 -0.013130 0.055778 0.007508 -0.068203 -0.007650 -0.084538 0.041371 0.046922 0.054836 0.019561 -0.045230 0.099267 0.058272 -0.091102 -0.020702 0.035021 0.087832 -0.040496 -0.044063 0.017233 0.006289 0.001207 0.046061 -0.068083 0.076260 -0.067558 0.068283 -0.001229 0.025264 -0.031444 0.023056
 -0.010476 -0.050946 -0.033308 -0.039894 -0.014481 -0.058473 0.016388 -0.031315 0.044049 -0.084388 -0.054975 0.005490 -0.040554 0.027241 0.068236 -0.094451 -0.051465 0.077142 0.064142 -0.011764 -0.010880 -0.012343 0.032525 0.021896 -0.036275 0.095104 0.063043 -0.000228 0.021758 0.044457 -0.002406 -0.054399
 0.094377 0.041163 0.034694 0.058666 0.000977 0.021649 0.010898 -0.079063 -0.047453 0.048723 -0.066365 -0.007302 0.086896 0.053466 0.003899 -0.017201 -0.060017 0.099348 0.066595 -0.033405 -0.041149 0.004645 -0.035812 -0.089498 -0.098450 -0.029457 -0.044990 0.002686 -0.060127 0.017847 0.095804 0.063617
 0.046677 -0.048671 -0.084402 -0.029211 0.056078 0.095818 -0.092312 0.076626 0.013226 0.014324 0.086429 -0.021648 0.037716 0.001567 0.079703 0.008571 -0.095157 -0.054654 -0.014044 -0.089263 -0.072618 0.085238 -0.062901 -0.094267 0.075524 0.055451 0.026449 -0.038674 0.010013 -0.067828 0.095696 -0.099694
 -0.085659 -0.006230 0.089122 -0.043451 0.074007 -0.037111 0.026132 0.051202 0.020041 0.094971 0.035346 -0.042512 0.059585 -0.001765 0.059451 -0.019262 -0.000134 0.068686 -0.024220 0.074627 -0.032523 -0.005270 -0.068067 -0.065461 -0.095944 -0.074013 0.033252 -0.016343 -0.097828 -0.010407 0.045775 -0.044453
 0.056118 0.096155 0.057896 -0.096932 -0.043522 0.066430 -0.059461 -0.026646 -0.060785 0.048792 0.025376 0.002399 0.023498 -0.064831 0.061418 -0.050107 -0.085530 0.062449 -0.076254 0.044845 -0.094315 -0.093188 -0.016800 0.009339 -0.083525 0.085918 0.056078 -0.054641 -0.021133 0.010011 -0.083246 0.011827
 -0.008610 -0.097864 0.089505 0.044018 -0.001562 -0.000935 -0.001538 0.020287 0.063180 0.088646 0.069002 -0.090092 0.093760 0.072889 -0.061415 -0.023308 0.058036 0.014936 -0.096044 -0.014435 -0.077321 -0.059989 0.025917 -0.086428 0.002496 -0.023475 -0.043790 -0.068949 0.068813 0.016112 -0.071185 0.075331
 0.062563 0.066047 -0.033323 0.052588 -0.080809 -0.093077 -0.073333 -0.074322 0.054533 0.015780 0.084860 0.001740 0.090304 0.074275 0.029553 -0.090141 -0.029851 -0.085970 0.018870 0.089671 -0.089296 0.082034 0.086807 -0.023797 -0.053162 -0.023667 -0.015644 0.058978 0.060170 -0.004839 0.027942 -0.005212
 0.019312 -0.098963 -0.007713 0.015458 0.047655 0.041985 -0.020726 -0.009885 0.092041 -0.019703 -0.068963 -0.070013 0.074031 0.098544 0.048629 0.081008 -0.034116 0.096184 0.012837 0.018064 -0.059880 -0.060070 -0.039076 0.037014 -0.038571 0.092869 0.004423 -0.076240 -0.023690 0.075169 -0.006556 0.019385
 0.054101 0.007325 -0.018603 -0.020314 -0.078247 -0.065168 0.024709 0.082384 0.002433 -0.045860 0.042668 0.030123 0.000384 -0.080485 -0.075506 -0.085733 0.054637 -0.086405 -0.027295 0.048488 -0.059790 -0.021361 -0.072417 0.078665 0.035490 -0.000754 -0.046249 -0.014856 -0.097401 0.091222 -0.035646 0.045924
 -0.023296 -0.052949 0.089626 0.029696 0.033948 0.030570 0.017315 -0.068154 -0.084492 0.072585 -0.094181 -0.017315 0.044822 0.087322 -0.093150 -0.058275 0.073757 -0.052846 0.087246 0.051198 -0.011578 -0.063053 0.080846 -0.051280 0.074178 0.091645 -0.042263 0.055541 0.037265 -0.029432 -0.080636 -0.037466
 -0.002104 -0.001840 -0.029272 -0.046094 -0.099604 -0.029192 0.082881 0.064811 -0.056239 0.034591 -0.085599 0.029240 -0.072483 -0.024113 0.090616 -0.086455 0.082480 -0.092471 -0.082120 -0.073747 0.025576 0.081694 0.091980 0.044332 0.058436 0.006869 -0.069166 -0.053784 0.045517 -0.043240 0.007993 0.075566
 -0.036403 0.033519 0.062135 -0.004274 0.069763 -0.019721 0.025424 0.009132 -0.031360 0.042321 0.072306 0.018618 -0.068332 0.007383 -0.034810 -0.008602 -0.084527 0.089243 0.079525 -0.057472 0.028102 -0.037493 0.018263 0.023078 -0.008450 0.030759 -0.091856 0.075596 -0.015434 0.055245 -0.046038 -0.098012
 -0.098110 0.023924 0.069123 0.094843 0.065860 -0.003440 -0.068824 0.053241 0.042468 0.014352 -0.001254 -0.017605 0.026509 0.057535 -0.035517 0.081025 0.036983 0.073227 0.076561 0.064517 0.098611 0.042972 0.054163 -0.059516 0.064868 0.079652 -0.004387 0.048096 0.097549 0.053444 0.012233 -0.074549
 0.006281 0.025399 0.020933 0.032525 0.083741 -0.041777 -0.091454 -0.032053 -0.078393 -0.061529 0.014970 0.056366 -0.027708 -0.045524 -0.077625 0.022113 -0.085049 0.038235 -0.072022 0.093159 -0.050448 -0.027274 -0.071765 -0.046465 -0.028091 -0.057342 -0.009640 -0.064737 -0.035192 -0.072185 0.037759 0.077119
 -0.046536 -0.063206 -0.061607 -0.066622 0.003031 0.029969 0.014762 -0.028803 0.084134 -0.097539 0.099257 -0.092176 -0.032417 -0.059004 -0.069939 0.079382 0.072077 -0.091769 -0.071231 -0.056375 -0.022959 -0.070581 -0.091870 -0.086935 -0.098829 -0.038450 -0.066017 0.067711 0.054254 -0.041439 0.028573 0.015850
 -0.061580 -0.075091 0.006888 0.003386 -0.064357 -0.051495 0.038022 0.044032 -0.078151 0.030805 0.035880 0.030451 -0.016985 -0.065020 0.021461 -0.045935 -0.001050 -0.043849 -0.030630 -0.081294 0.050516 0.032468 0.013439 0.035788 -0.010356 -0.006907 -0.060907 0.087786 -0.054060 -0.023447 -0.091586 0.038429
 -0.081242 0.013707 0.040768 0.010468 -0.085659 0.000794 -0.087061 0.007034 0.039799 0.001482 -0.012901 -0.039396 -0.007673 -0.094317 0.000390 0.046006 -0.072124 0.020634 -0.036291 -0.011256 -0.048994 0.084854 0.066967 -0.059954 -0.061746 0.066399 -0.064373 -0.056831 0.098654 -0.029103 0.074037 -0.015433
 -0.056275 0.095902 -0.056428 -0.069484 -0.018630 -0.037131 0.041083 0.068224 -0.096770 0.056931 -0.028632 0.021702 0.083858 -0.079235 -0.063974 -0.000096 0.083956 0.009057 -0.010423 0.087032 -0.099219 0.099344 -0.097434 -0.091379 -0.059472 -0.096297 0.045990 0.036713 -0.033789 -0.022543 -0.070127 -0.054852
 -0.018815 0.001740 0.098044 0.088445 0.049021 0.026029 0.033568 0.036734 -0.007871 0.093405 -0.013955 -0.016786 -0.061205 -0.089963 0.026463 0.037892 0.084062 0.079185 0.047071 0.027734 0.006935 0.036076 0.023851 -0.064471 -0.024575 0.036724 -0.064780 -0.085260 0.005923 0.021996 -0.046381 0.067686
 -0.091366 0.073731 -0.009390 0.025369 0.057644 0.048374 0.026411 0.047687 0.028464 0.002258 -0.067901 -0.024211 0.037944 0.056080 -0.004610 -0.070251 0.050106 0.074146 0.034836 -0.058839 -0.059456 0.080503 -0.038218 -0.011762 -0.036820 0.062298 0.094689 -0.024993 -0.032188 0.098747 0.041954 0.069994
 0.099605 0.074164 -0.090456 -0.027481 -0.081369 -0.043218 0.052783 0.065759 -0.027208 -0.012956 -0.038203 -0.018039 0.001825 -0.082647 0.075093 -0.079082 -0.067195 0.086100 0.046855 0.077100 0.084874 -0.017517 -0.072431 -0.097438 -0.077491 -0.049892 -0.067637 -0.077085 -0.035801 0.037849 -0.068455 -0.016385
 -0.082712 0.075045 -0.023639 -0.080208 -0.010007 -0.033623 0.008171 0.059083 -0.025042 0.004097 -0.032978 0.048115 -0.045154 -0.052558 0.057345 -0.000985 0.040832 -0.050161 0.089348 0.074124 -0.083157 -0.067053 -0.000246 0.085877 -0.081913 0.070188 0.094279 -0.005659 0.050955 -0.004425 -0.003760 0.087703
 0.007787 0.039157 -0.059360 -0.028907 0.055035 -0.011421 0.031767 -0.096427 0.031750 -0.073678 -0.008048 -0.043007 -0.030124 -0.085059 -0.013081 -0.081664 -0.013871 0.079203 -0.029482 -0.080249 0.064882 -0.019953 0.091674 0.051029 -0.079539 0.077871 0.081836 0.068119 -0.065249 0.023408 0.040137 -0.020779
 0.045962 -0.069982 0.002777 -0.099066 0.038916 0.001757 -0.097723 0.003381 0.070924 0.099874 0.086728 -0.052571 -0.061460 0.003111 0.098787 -0.079565 0.005228 -0.002082 -0.069478 -0.069879 0.025582 0.085850 -0.005719 0.056682 -0.021702 -0.029550 0.011958 0.022674 -0.027969 0.005753 0.006318 -0.001558
 0.013564 0.098929 -0.070490 -0.093450 0.004786 -0.066456 0.086001 -0.047819 0.014939 0.059289 -0.073241 0.027973 0.069695 -0.009642 -0.038189 0.050742 0.037021 -0.061356 -0.065076 -0.019845 0.089103 -0.017737 0.011772 -0.008475 0.009666 -0.042482 -0.042782 0.010569 -0.049551 -0.009857 0.076128 0.018241
 0.003434 -0.067351 -0.016582 0.070405 0.013495 0.093591 -0.060235 -0.021883 -0.079610 -0.094595 -0.098870 -0.046105 0.062290 0.056383 0.057704 0.057536 -0.013812 0.036848 -0.060432 0.071366 0.047878 0.004139 -0.067616 0.029802 -0.065943 -0.042724 0.011561 0.079132 0.092336 0.087299 -0.068524 0.040318
 0.049619 -0.060181 0.092137 -0.031542 -0.054248 -0.023163 -0.087464 -0.085598 0.064649 0.083201 0.070557 0.012515 0.093101 0.072810 0.070041 0.037982 -0.071777 0.088289 -0.009154 -0.039021 -0.094656 0.074491 -0.046697 0.047520 -0.068278 -0.030585 -0.095631 0.033917 0.049162 0.042654 -0.027564 -0.001562
 0.025765 0.018698 -0.079690 -0.056407 0.047821 0.028093 0.009630 -0.099444 0.076912 -0.033910 -0.088903 -0.091004 -0.016117 0.051908 -0.082674 -0.021635 -0.008193 -0.049026 0.066222 -0.038933 0.022077 0.054895 -0.068421 -0.040378 -0.007384 -0.069926 0.080661 0.050712 -0.078014 -0.008489 -0.045936 0.084469
 0.044582 0.002360 -0.031523 0.049015 0.055806 0.049226 0.023720 0.066379 -0.065989 0.091206 -0.012596 -0.006349 0.062978 0.007210 -0.056927 0.080554 0.084754 0.020151 -0.075337 -0.062020 -0.054478 0.046871 -0.066981 -0.090843 0.049356 0.086447 0.019707 -0.017427 -0.002898 0.080694 0.045287 0.025777
 0.030634 0.029008 -0.088751 -0.058864 -0.002547 -0.053761 0.006582 -0.076501 -0.052540 0.084288 -0.097995 0.087288 0.039636 -0.077267 0.070088 -0.059823 -0.005024 -0.040299 -0.037998 -0.029085 0.094865 0.099427 -0.093278 0.039649 -0.097234 0.027217 0.070197 -0.048963 -0.020542 -0.044279 0.083413 0.090450
 -0.012434 -0.083673 -0.090586 0.041904 -0.060486 0.013681 0.093385 0.027062 -0.033081 -0.071054 -0.011935 0.096848 0.078470 0.068760 0.062239 -0.023962 -0.053764 0.066568 0.016245 0.075736 0.013416 0.046281 -0.040165 -0.045183 -0.011413 -0.028700 -0.090273 -0.016346 -0.014515 0.014855 -0.075351 0.044903
 0.028744 0.002628 -0.009005 -0.013376 0.046364 0.077891 0.092111 -0.031041 -0.043844 0.098734 0.046772 -0.098451 0.056495 -0.071893 -0.004788 -0.093897 -0.013443 -0.047614 -0.017985 -0.085965 0.009367 -0.030336 0.027162 0.068516 0.024159 -0.031447 -0.040061 0.089556 -0.003202 0.022954 0.093435 0.084856
 0.055820 -0.082731 0.060559 -0.066388 0.067193 -0.059778 -0.012438 -0.073496 0.027759 0.062470 0.023044 -0.061959 -0.062462 -0.092722 0.076986 0.019153 0.045774 0.085410 0.094606 -0.085008 0.078323 0.022392 0.027394 -0.070992 0.058412 -0.092172 -0.049891 0.048685 -0.062296 -0.044959 0.098748 0.063326
 -0.029367 0.010562 0.056880 -0.003231 0.088221 0.030171 0.033702 -0.096096 -0.023284 0.022281 0.019089 0.085775 0.077570 -0.065896 0.054727 0.047783 0.061510 -0.033943 0.049019 -0.004743 0.015125 0.047286 -0.043099 0.055737 0.082452 -0.018834 0.015116 -0.007216 -0.041857 -0.066413 -0.084289 -0.008091
 -0.005156 0.068986 -0.087032 -0.071271 0.013859 0.050445 0.066504 0.000703 -0.016961 -0.049476 0.072778 -0.082085 0.045157 -0.076972 -0.094030 0.062828 -0.049842 -0.026028 -0.088396 -0.094211 0.025823 0.065403 -0.018303 -0.055292 0.082980 0.040155 0.042866 0.015173 -0.069044 0.072073 -0.050655 0.048564
 0.007679 -0.001928 -0.045694 -0.032946 0.004834 0.005334 0.038308 -0.048193 0.067124 -0.018316 -0.064347 -0.085031 0.023372 -0.097354 -0.083217 -0.012064 -0.019413 0.096320 -0.074769 0.007645 0.024740 0.075524 -0.027852 0.015000 0.039489 -0.042925 0.049925 -0.041346 0.040677 -0.007922 -0.059556 -0.013088
 0.025955 -0.025645 -0.018894 0.097431 0.001350 0.048313 -0.044144 0.083379 -0.055901 0.091767 0.038756 0.058489 0.032990 0.081838 -0.029219 -0.074270 0.038851 -0.076312 -0.012142 -0.080512 -0.079759 -0.022387 0.081649 0.062110 -0.057671 0.027929 -0.045426 0.096210 0.003906 0.018191 -0.048465 0.068893
 0.066318 0.093091 0.046211 -0.054841 0.073751 -0.060002 -0.016291 -0.088392 0.013296 -0.042375 0.064564 0.057651 -0.043273 0.017386 0.025139 -0.020343 0.054359 -0.013787 -0.062173 0.019973 -0.071989 -0.024771 -0.047176 0.059484 -0.002457 0.000353 -0.097394 0.075654 0.009126 -0.064045 -0.007614 0.012073
 0.060781 0.078417 0.001228 -0.066766 -0.073213 0.055184 0.028116 -0.035116 -0.026042 0.062604 0.038114 0.009270 0.030487 0.076298 -0.086425 -0.050073 -0.077908 -0.037102 -0.008196 -0.058339 -0.068323 0.059463 0.094681 -0.052211 0.076074 0.087384 0.013240 -0.072258 0.051197 -0.024307 -0.091307 -0.063587
 0.054202 -0.008994 -0.025018 -0.005029 0.023542 0.061460 -0.093553 -0.033055 0.064685 0.087171 -0.083248 -0.064128 -0.008200 0.059053 0.046276 -0.092819 0.000601 0.032514 -0.052154 -0.002409 -0.035520 0.092630 0.086479 -0.038768 -0.073605 0.099591 -0.003168 -0.074249 0.004153 -0.003531 0.001678 -0.008139
 0.042114 -0.013934 -0.012142 0.099843 0.093051 0.034345 -0.080329 -0.022789 -0.045694 -0.097191 -0.041513 0.021297 -0.016495 0.038482 0.066254 -0.023900 -0.066791 -0.014661 0.011744 -0.060505 0.040597 -0.004595 0.052072 -0.001225 -0.093520 0.039484 -0.062856 0.063586 -0.040256 -0.037413 0.008369 -0.043986
 -0.079563 0.082347 -0.048821 -0.062945 -0.001346 -0.057507 0.018311 -0.060635 0.007275 0.075525 0.014101 0.049150 -0.066626 0.013776 -0.001784 0.009094 0.001004 0.027877 -0.003455 0.056668 -0.015200 0.026360 0.036619 -0.095329 -0.057385 0.079509 -0.046108 -0.000591 -0.017334 -0.093884 -0.016249 0.061856
 -0.085624 -0.058864 0.095040 0.056898 0.056033 -0.093480 0.093855 0.044621 -0.030446 0.023902 0.045034 0.010144 -0.044613 0.027829 -0.065049 0.066126 -0.079334 -0.077731 -0.036464 -0.034976 0.002292 0.031822 -0.034481 0.072162 0.090052 0.018791 -0.071066 0.050299 0.085297 0.062653 -0.080263 -0.090625
 0.094637 0.024583 0.033700 -0.034168 0.065614 -0.050407 -0.084170 0.063052 0.082457 0.099343 -0.008164 0.097125 -0.018490 0.031426 -0.062296 0.047074 -0.007990 0.001837 -0.096698 0.057630 0.059311 -0.081655 0.077770 0.004745 -0.081783 -0.075079 0.039704 0.055975 0.017925 -0.086008 0.034621 -0.064542
 0.096058 0.007021 0.072627 0.043225 0.006517 -0.052355 -0.029720 -0.071633 0.067181 -0.092329 -0.015944 0.066896 -0.048450 0.099940 0.096210 -0.091905 -0.052284 0.092921 0.098411 -0.098400 -0.025615 0.091497 -0.076647 0.029257 -0.043399 -0.082447 -0.014216 -0.052933 -0.061405 0.072492 -0.084627 0.012288
 0.000374 -0.050238 0.025921 -0.064023 0.005538 0.025067 -0.050558 -0.009005 0.001393 0.055248 -0.014072 0.042182 0.016452 0.048720 0.011426 -0.074807 0.035612 0.034751 -0.037512 -0.030786 -0.024274 0.045506 -0.062732 -0.042267 -0.002891 0.089687 0.090416 0.048308 -0.030917 0.031151 -0.078108 0.052434
 -0.086906 0.088621 -0.051550 0.038059 -0.056606 0.005603 -0.066205 -0.070631 0.084189 0.016825 -0.032048 -0.059887 0.022521 0.053783 0.064012 0.024262 -0.088726 0.066052 -0.093845 0.016115 0.050977 -0.095234 0.035184 -0.082827 -0.098600 0.018921 -0.001355 -0.070187 0.007293 0.073236 -0.035537 0.054064
 0.057288 0.042144 -0.077552 0.073423 -0.030490 0.043897 -0.001713 -0.053166 0.060688 -0.048052 0.013734 -0.086318 0.047508 0.085629 -0.047378 0.017224 0.055353 -0.025181 -0.047155 0.075349 0.096554 0.041002 0.081031 0.023969 -0.023302 -0.050055 0.029975 -0.050157 -0.068820 0.015838 -0.052807 0.070690
 0.005750 0.066840 0.080836 -0.071765 0.090305 0.055720 0.078311 -0.037417 0.029427 -0.098787 0.022899 -0.051663 0.052869 0.077543 -0.073222 -0.020136 0.026731 -0.068420 0.097526 0.034918 0.072546 -0.081975 0.095479 -0.070396 0.044736 -0.092949 0.052418 0.020607 0.018937 0.002733 -0.087129 -0.057530
 -0.083378 0.076260 0.081801 0.025085 0.050766 -0.038515 0.035081 0.087055 -0.089529 0.066193 0.074573 0.040696 -0.023051 0.002597 0.095786 -0.030685 -0.077640 0.025164 0.096020 -0.014983 0.092669 0.092799 0.074892 0.047808 -0.061053 0.014589 0.026782 -0.043831 -0.007536 0.024736 0.063789 0.044299
 -0.010001 -0.077754 -0.025249 0.075250 0.095437 -0.028311 -0.066339 -0.070631 -0.026030 -0.020545 0.082622 0.019482 0.070736 -0.042666 0.016171 0.016408 -0.058117 -0.064393 0.051549 -0.025263 -0.058864 -0.076136 0.037038 -0.041439 0.024369 0.012565 0.029951 0.035173 -0.099684 0.099831 0.054339 -0.080286
 0.090046 0.076677 -0.053655 -0.083407 -0.025981 0.020327 -0.054008 0.059111 -0.014104 -0.029896 0.052801 -0.022706 0.077884 0.039173 -0.034591 -0.009059 0.006005 0.092606 -0.077952 0.081694 0.080897 0.037176 0.069949 0.030131 -0.012223 0.076721 0.081836 -0.067510 -0.015271 -0.075331 0.019083 -0.027414
 -0.091973 -0.032581 0.090667 0.025817 -0.046881 0.073356 -0.052540 0.016675 -0.022102 -0.044954 -0.012009 -0.041939 -0.091224 0.046657 0.031590 0.042774 0.068353 -0.022881 0.087977 -0.026268 -0.024760 0.006338 -0.070941 -0.077147 0.097101 0.009814 -0.083817 0.004782 -0.067324 -0.000924 -0.010523 -0.035215
 -0.003816 -0.047495 -0.036422 -0.068369 0.084975 0.089273 0.048197 0.041857 -0.021064 -0.066214 0.064613 0.003055 -0.055775 -0.075631 0.073513 0.098529 0.014670 -0.004470 -0.043336 -0.070852 -0.032377 0.020816 0.072236 -0.093129 0.033490 0.096785 0.008330 0.043312 0.018112 0.081437 0.057763 0.014772
 -0.069588 -0.038833 -0.070214 -0.020928 0.085319 0.021248 -0.076259 0.059054 0.005171 -0.067135 -0.033216 0.037493 0.076974 0.097062 -0.013642 -0.072236 -0.056167 -0.036818 -0.028548 0.004471 -0.067321 0.003194 0.068038 -0.070329 0.088462 0.029936 0.010523 -0.029706 -0.003050 0.081433 -0.030923 0.000183
 -0.003049 0.027626 -0.096799 -0.068113 0.028319 -0.024749 0.080783 -0.002680 -0.083384 -0.096548 -0.016121 0.062566 0.016167 0.054208 -0.020980 -0.063333 0.077181 0.092121 -0.045783 0.056317 0.052997 0.005881 0.085642 0.056082 0.079673 0.036413 0.089628 0.090022 0.000551 0.021433 0.059115 0.038354
 -0.058280 -0.096013 -0.076985 -0.082084 0.096613 -0.067244 0.082934 0.008670 -0.026565 0.092648 -0.035962 0.062393 -0.006123 0.096556 0.006189 0.095127 0.090544 0.093912 -0.045622 -0.061425 -0.041499 0.094208 0.037579 0.081059 -0.022685 0.021295 -0.036243 0.000417 -0.055468 -0.054482 -0.064438 -0.004296
 -0.098179 0.059198 -0.050976 0.039618 0.064204 -0.066314 -0.004445 -0.029324 0.066849 -0.034257 -0.029962 -0.055473 0.054455 0.030628 0.003588 0.072962 0.045078 -0.052314 -0.075539 0.054115 0.050683 -0.030752 0.040416 -0.080483 0.066873 -0.053009 0.038033 -0.025899 -0.024689 0.001476 -0.015768 -0.014586
 0.052342 0.065459 0.092859 0.085764 0.079982 0.066432 0.081037 -0.071105 -0.021226 0.028338 -0.062546 0.072745 -0.067243 0.049135 -0.091730 0.059589 0.018161 -0.034134 -0.012849 -0.073249 -0.095049 0.061659 -0.038540 -0.090739 0.077166 -0.026973 -0.048973 -0.013733 0.012704 -0.082218 0.000048 0.010047
 -0.070083 0.069161 -0.027655 0.018213 0.049829 0.096168 0.047133 -0.063100 -0.066107 0.096379 0.032614 -0.037169 -0.020518 0.039393 -0.017274 -0.005315 -0.067638 0.065977 0.059610 0.033521 -0.020408 0.082505 0.073848 -0.054291 -0.072346 -0.064787 -0.080172 -0.024188 -0.022099 0.025613 0.076266 0.020591
 -0.052192 0.065937 0.048290 0.046628 0.094752 -0.025754 -0.091478 0.009722 -0.077786 -0.006637 -0.095446 -0.061373 0.064181 -0.071444 -0.010474 0.075927 -0.089585 0.092202 0.062126 -0.045079 0.049609 0.029031 -0.026879 0.001608 -0.075093 0.051221 -0.079898 -0.030429 -0.033882 0.057182 0.066538 -0.054393
 0.025986 -0.057549 -0.021069 -0.055468 0.090626 0.027914 0.099670 -0.018819 -0.013747 -0.033209 0.031018 -0.094102 0.067070 -0.021929 0.024622 -0.034429 -0.030090 -0.017209 -0.016555 -0.002453 0.031898 -0.072043 0.054512 -0.097291 0.071023 -0.077379 0.029641 0.089436 0.038580 0.098112 -0.043449 0.030124
 0.027650 -0.017774 -0.041675 -0.013596 0.091881 0.028762 -0.008685 0.053987 -0.077397 -0.032944 -0.012682 0.029877 -0.060187 -0.052124 0.027743 -0.042195 0.029818 -0.085574 0.083063 -0.052946 -0.040663 -0.043591 0.090903 0.073926 -0.079512 -0.007196 -0.096736 -0.099959 0.055503 0.076764 0.050735 -0.030074
 -0.053005 -0.012955 -0.036896 0.034502 -0.074236 -0.007950 0.091878 -0.047202 0.008236 -0.014991 0.062163 0.042043 -0.083545 -0.094454 0.092295 0.025019 0.081081 0.046616 -0.096740 0.013046 -0.081838 -0.060921 -0.007716 0.050096 0.084219 0.081614 -0.080984 -0.031452 -0.013976 0.068722 0.091381 0.077755
 -0.072194 0.087170 -0.009577 -0.035083 0.000083 0.065014 0.043924 0.081105 0.009788 -0.073514 0.038271 0.083681 0.019988 0.077495 0.019442 0.010487 0.048693 -0.058529 0.087062 -0.005469 0.076021 0.060463 -0.068780 0.043621 0.085478 0.081208 0.098126 -0.023881 0.082394 0.006852 0.045313 0.092663
 0.058519 0.042026 -0.083353 0.022200 -0.095968 -0.059834 0.072424 0.085037 0.085461 0.035611 -0.091405 0.010619 -0.078545 -0.028129 0.043910 -0.090967 -0.072377 -0.019842 -0.062892 0.020778 -0.006520 -0.097564 -0.023954 -0.067428 -0.066768 0.018504 -0.023422 0.007087 -0.052601 -0.059535 0.084858 -0.066959
 -0.053923 0.068654 0.013721 -0.029908 0.097776 -0.076133 -0.092403 -0.032168 0.088930 0.036834 0.052651 -0.064171 -0.080875 -0.052590 0.010171 0.099284 0.062417 -0.046629 -0.055912 -0.062829 -0.043741 0.090501 -0.078378 0.017155 0.006902 -0.008609 0.075824 -0.046000 -0.018537 -0.003536 -0.084526 -0.080387
 -0.097311 -0.059578 0.016001 0.078222 0.087902 0.067137 -0.086040 0.050730 -0.004734 -0.018339 -0.020921 0.012101 -0.017093 0.032195 -0.097525 0.086036 0.023379 -0.096926 0.098813 -0.035313 0.031236 -0.036521 -0.068934 0.061607 0.029545 -0.005358 -0.046233 -0.041952 -0.041237 0.019325 0.096408 -0.073252
 -0.018671 0.076821 -0.079758 0.036180 0.041086 -0.091576 0.088426 -0.096920 0.038493 0.078714 -0.082110 -0.033323 -0.064400 0.003855 -0.033321 -0.001099 0.085926 0.061822 -0.045720 -0.079197 -0.035334 0.093841 0.057783 -0.040455 0.087148 0.054759 -0.004159 0.012368 0.087387 -0.070469 0.053843 0.005160
 0.021693 0.023923 -0.041528 -0.036917 0.045065 -0.001420 0.001725 0.097746 0.014506 -0.081837 0.006181 0.036655 -0.045767 0.027301 0.044995 0.064006 0.040367 0.069070 0.049460 0.040487 0.099806 -0.083300 0.084473 -0.001594 -0.024136 -0.075066 0.052897 -0.093259 -0.079605 -0.013704 -0.042885 0.084533
 0.058422 -0.099740 0.039794 -0.081077 -0.011139 0.078179 -0.063546 -0.082242 0.029197 0.089776 -0.061681 0.040632 -0.011943 0.013297 0.071742 -0.042531 -0.042451 0.023890 -0.074133 -0.018731 0.026817 0.016826 -0.086863 -0.062456 -0.043423 -0.076836 0.061857 -0.033491 -0.046309 -0.063760 -0.021203 0.086753
 0.029117 -0.080973 -0.096699 0.098260 0.010124 -0.022459 0.084310 0.071937 -0.083912 -0.062932 -0.018972 0.053651 0.006736 0.044625 0.008491 0.001410 0.040212 -0.091210 0.020684 0.015418 -0.000330 -0.024565 -0.039443 0.033023 0.063597 -0.026909 -0.082270 -0.033300 -0.073876 -0.026443 0.040240 -0.099131
 -0.017057 0.055978 0.023790 -0.081393 -0.086001 0.071216 0.002749 0.083261 0.067630 -0.021235 -0.096878 -0.033502 -0.067034 0.061875 0.096080 -0.055348 0.035895 0.075193 -0.024858 -0.073219 0.055559 -0.079536 0.028412 -0.095432 -0.034212 0.054634 0.051220 0.027671 -0.003202 0.087038 -0.019207 0.081974
 0.027013 -0.077512 0.033104 0.069908 0.079633 0.080008 0.029414 -0.048131 0.076592 0.051365 0.051620 0.059572 -0.048059 -0.024929 0.030158 0.042045 0.033769 -0.001259 -0.033635 -0.001703 0.016411 0.071750 0.089918 -0.078477 -0.074816 -0.010333 0.059276 0.080584 -0.014015 0.002405 -0.011943 -0.053241
 -0.028564 0.001043 0.099955 0.092434 -0.002729 -0.051509 0.034760 -0.095594 0.052598 -0.051975 -0.067665 0.061959 0.069872 -0.050565 -0.043055 -0.091459 0.001699 0.028408 -0.050168 -0.051646 -0.005175 0.066741 -0.043604 -0.049550 -0.080391 0.019317 0.011316 -0.021089 0.072988 -0.048345 -0.024891 0.095074
 0.064808 -0.070727 0.039038 0.081675 0.001337 -0.062685 0.081779 -0.025089 -0.028802 -0.042269 -0.052793 0.094660 0.038582 -0.005418 -0.030898 0.070956 0.061109 -0.020868 0.014797 -0.026516 0.031289 0.080273 0.044242 -0.055463 -0.086174 0.099342 0.087378 -0.074133 -0.007622 -0.087032 0.013870 0.070438
 -0.002059 0.084126 0.085886 -0.002012 -0.035389 -0.013986 0.007767 -0.011619 -0.036084 -0.098638 0.078736 -0.084241 0.004004 -0.063965 -0.082568 0.081840 0.060580 -0.070680 0.077550 -0.047187 -0.008578 0.047903 0.096070 -0.032689 -0.078491 0.045682 -0.025735 -0.039896 0.058454 0.077521 0.063386 -0.004465
 -0.063458 0.009867 0.048544 0.008304 0.057434 0.038394 0.078014 -0.042193 0.085368 -0.000872 0.066387 -0.000276 -0.089056 0.095924 -0.026365 -0.079909 -0.074671 0.027348 0.094193 0.020742 -0.029900 0.055171 -0.078194 0.046526 -0.099407 -0.008640 0.071303 -0.064275 -0.062138 -0.085534 0.020547 -0.069963
 0.036396 0.049947 -0.027442 -0.055481 -0.029748 -0.003667 -0.087505 -0.056962 0.045970 0.095973 -0.040216 0.056809 -0.041357 -0.028844 0.009789 0.078332 -0.051767 0.089071 0.081467 0.099287 0.020149 0.032741 -0.084916 0.032242 -0.095064 -0.059394 -0.091228 0.065354 0.080867 -0.009201 0.003445 0.015896
 0.082686 -0.090249 -0.011777 -0.032647 0.001950 0.027970 -0.011255 0.013495 -0.000356 -0.091011 0.064819 0.098715 0.040514 0.015876 0.055091 0.085414 -0.050683 0.090346 0.042915 -0.024522 -0.025221 -0.085475 -0.014214 -0.009042 -0.007614 0.028851 0.059618 0.000806 0.090424 0.024801 -0.071615 -0.011081
 0.045055 0.031453 0.078457 0.016411 -0.062479 -0.093841 -0.019264 0.095289 -0.046288 -0.002592 0.089775 0.063461 -0.043193 -0.036119 -0.089569 0.081627 0.000491 0.059530 -0.091788 0.044183 -0.090396 -0.074070 0.001854 -0.096218 0.050450 -0.098297 0.011232 -0.075546 -0.012476 -0.060812 0.089294 0.083517
 0.095901 -0.050062 0.046981 0.034418 -0.003060 0.098033 -0.050781 0.005898 -0.082544 -0.069683 0.092036 0.044348 -0.034513 0.071180 0.030499 0.030886 -0.022516 0.041897 -0.017194 0.072060 -0.050870 -0.029123 -0.034408 -0.003274 0.020829 -0.084067 -0.043266 -0.050955 -0.025620 -0.034158 -0.031328 -0.086382
 0.031006 0.055040 0.065090 -0.018956 -0.085495 0.013946 0.092959 -0.058347 0.079131 -0.012658 -0.045136 0.035023 -0.094738 -0.087240 -0.009370 -0.056183 0.039904 0.058789 0.032464 0.022746 0.046944 -0.063280 -0.080594 -0.019887 0.043295 0.090718 0.064540 -0.004811 -0.081944 0.021690 -0.023051 0.078643
 -0.029711 -0.023673 0.049290 -0.088833 0.001805 -0.015359 0.071275 0.036166 -0.001596 0.095685 0.011500 -0.003974 0.093540 0.002602 -0.004787 -0.004348 0.043743 -0.059463 0.012715 -0.032156 0.022712 0.073428 0.005729 -0.047167 -0.016635 0.034986 0.059771 -0.035561 -0.020230 -0.078315 -0.051726 0.095987
 -0.044864 -0.036198 -0.067039 0.047291 0.039835 -0.012768 0.091054 -0.050642 -0.031660 0.072510 0.009908 0.046279 0.073483 -0.052910 0.093291 -0.081029 0.076774 -0.077934 0.023717 0.056169 0.006429 -0.001591 -0.092512 -0.016048 0.019732 -0.054636 -0.084482 -0.064093 0.010679 -0.024580 -0.037070 -0.082708
 -0.082007 -0.040273 0.071882 0.022543 0.009513 -0.049878 -0.072105 0.010096 0.095034 0.078138 -0.054283 -0.031023 0.068015 0.096158 -0.087257 0.049090 -0.044773 0.031050 -0.001299 0.095605 -0.026961 0.083899 0.090551 0.066219 -0.052418 0.035139 -0.017748 0.000891 0.037803 0.072795 0.022962 -0.072806
 -0.069871 0.071216 0.095329 0.021468 -0.000770 0.035582 0.065332 -0.004299 -0.087789 -0.075019 -0.067888 0.064075 -0.065260 -0.007232 0.074923 0.035945 -0.047352 0.092251 0.015405 0.008528 0.058199 0.001428 0.088669 0.015389 0.047809 -0.093287 0.053962 0.029055 0.000532 0.070968 -0.035200 0.007179
 -0.073688 0.068309 -0.049927 0.073779 -0.016028 -0.019854 0.038129 0.025478 -0.067475 0.041995 0.053012 0.083169 -0.005038 -0.003109 -0.038580 -0.048710 0.031809 0.052757 0.021791 -0.007234 0.085920 0.040761 -0.077725 -0.002815 -0.069081 0.052384 0.091653 0.049512 -0.087420 0.040536 -0.016927 0.064192
 0.011114 0.016120 -0.049081 -0.068104 -0.027268 0.035215 0.004101 -0.021337 0.072728 0.086484 0.082614 0.044544 -0.062671 0.088337 -0.027203 -0.063922 -0.034240 0.011253 0.090248 0.083785 -0.062199 -0.032308 -0.078070 -0.035161 -0.019165 0.065137 0.078382 0.029697 -0.053465 0.054340 0.033995 0.038037
 0.028764 -0.040090 0.006498 0.006684 0.060290 0.093932 0.049144 0.037379 -0.086496 -0.055252 -0.084752 -0.074172 0.061454 0.060771 0.069511 0.071168 -0.040539 0.071616 0.013359 -0.003309 -0.005781 0.031696 -0.022972 0.061762 -0.094688 -0.049014 0.087116 0.075297 -0.081772 0.056397 -0.049903 0.064217
 -0.076864 -0.034311 0.081774 -0.026446 -0.072649 -0.098392 0.097425 0.013407 0.053364 -0.036387 -0.026889 -0.069605 0.015682 0.014124 -0.010437 0.004581 0.085265 -0.035280 0.054671 0.081656 0.007821 -0.096332 -0.028011 -0.076751 -0.036794 -0.000377 -0.010930 -0.090366 0.079662 -0.027536 0.075113 0.061659
 -0.072413 0.061324 -0.021741 -0.035011 0.021204 -0.044812 0.083559 0.055879 0.026406 -0.005930 -0.067592 0.018431 -0.075485 0.033821 0.001440 0.032074 0.064398 0.068138 -0.091419 0.010084 -0.034013 0.050586 0.069980 0.062471 0.038770 0.082905 -0.008795 -0.006745 -0.055974 -0.066007 -0.088114 0.010112
 -0.062350 -0.062710 -0.021939 0.049868 -0.080600 0.038988 0.077384 -0.041631 0.004282 0.066240 0.023218 -0.057902 -0.044379 -0.064471 -0.075763 -0.087209 0.012215 0.091757 -0.010042 -0.095482 0.008568 0.010938 0.068049 0.059854 -0.005173 0.068071 -0.088778 -0.069629 -0.044381 0.051167 -0.066002 0.044701
 0.099212 -0.029814 -0.003911 0.073253 0.021814 -0.054292 -0.052750 0.032659 0.082158 -0.012084 -0.019013 -0.020662 -0.087011 -0.080012 0.090951 -0.071344 -0.009664 0.033390 0.085064 0.094289 0.026038 -0.091497 -0.001183 0.054082 0.044646 -0.008826 -0.037267 -0.045886 -0.048794 0.016215 0.005688 -0.021383
 0.091937 -0.038186 -0.096960 0.051336 0.078314 0.029485 0.077355 -0.086016 0.081429 -0.003670 -0.088166 -0.050320 0.089754 0.028928 0.009092 -0.054441 0.061195 0.024048 0.089811 -0.044557 -0.008671 0.037842 -0.026025 -0.050971 -0.013471 0.046623 0.037131 -0.073540 -0.085623 -0.092039 -0.096923 -0.078936
 0.087143 0.005895 -0.065370 -0.064781 0.079394 0.027352 0.003891 0.042210 0.001956 0.085676 0.079303 -0.088600 -0.081775 -0.007256 -0.082875 -0.030995 0.059063 0.032155 0.044359 -0.093728 0.098717 -0.059255 -0.094762 0.019971 0.098732 -0.002748 -0.030019 -0.044311 -0.016770 0.016163 -0.086907 -0.042863
 -0.005017 0.028956 -0.021088 0.069630 -0.094419 -0.082296 0.026743 -0.072436 -0.054051 -0.060904 0.069627 -0.080398 0.034531 -0.054254 -0.050020 0.069896 0.043339 -0.004397 0.044194 0.055361 0.079339 -0.014059 -0.013320 -0.052132 -0.098223 -0.075277 0.013448 -0.020084 -0.022586 -0.004053 0.036218 0.079137
 0.078338 0.011618 -0.023991 0.059014 -0.099245 -0.003355 0.069303 0.091807 -0.059184 -0.023380 -0.022797 -0.081708 -0.008587 -0.074455 -0.077089 -0.043186 0.008439 -0.027641 -0.005224 -0.041244 -0.023647 0.048777 -0.094837 0.010805 0.026042 -0.098335 -0.020606 0.006254 -0.020490 0.061745 0.066991 0.028226
 0.017333 -0.039229 0.083272 -0.088103 -0.099025 0.084593 -0.027232 0.046185 -0.009469 -0.084478 -0.087704 0.051630 -0.018488 -0.048985 0.025749 0.012971 -0.045578 0.059628 -0.088320 -0.006127 -0.060420 0.072722 -0.038904 -0.020138 0.046277 -0.082873 -0.014544 0.090415 0.040941 0.058522 -0.028355 0.067080
 -0.091885 0.083363 0.077701 0.021121 -0.020891 -0.053394 -0.067307 -0.008973 0.055604 0.027334 0.097052 -0.041174 -0.042717 0.067602 0.013254 0.092607 0.004074 0.067548 0.079912 -0.035191 0.013062 0.010603 -0.048155 -0.027815 -0.062824 -0.095006 0.036762 0.037435 0.072893 -0.087687 -0.073615 -0.012982
 0.062194 0.059675 -0.086761 0.093854 0.019923 -0.014796 0.023145 -0.049203 0.061120 0.088544 0.081519 -0.030030 -0.084098 -0.080254 0.067482 0.075471 -0.071690 0.006718 -0.089251 0.061442 0.087704 0.048821 0.012494 0.081192 -0.014240 -0.097395 0.001033 0.034076 0.001011 0.081311 0.065264 0.067195
 -0.092997 0.018965 0.099782 -0.042358 0.005385 0.060686 0.061281 -0.063380 -0.017993 0.045402 0.040963 0.052390 -0.030103 0.019822 0.013525 0.042175 0.065618 0.015854 -0.044816 0.066678 0.083096 0.027364 0.069932 0.043416 -0.071961 -0.037433 -0.084813 0.036150 -0.077367 0.031649 -0.086061 0.044250
 0.059092 0.090188 0.097815 -0.039681 -0.002750 0.042703 -0.027119 0.014783 0.046162 -0.083616 -0.090600 -0.047680 0.079615 0.047467 0.093581 -0.061652 -0.099194 0.083095 -0.040193 -0.084364 0.057319 0.077226 -0.027835 -0.084207 0.081385 -0.073577 -0.067389 -0.074972 -0.079104 -0.047950 0.070689 0.018309
 0.093879 0.051216 0.044770 -0.049198 0.067086 -0.058394 0.075492 -0.002945 -0.094918 -0.087169 0.024778 0.001986 0.068245 0.026444 0.075198 0.018144 0.021777 0.037475 -0.012384 -0.071520 -0.090576 -0.011550 -0.089075 0.014481 -0.061309 0.032642 -0.076072 0.004312 0.014015 -0.063561 -0.015315 -0.016413
 -0.053875 -0.052132 -0.050594 0.029244 -0.000218 0.069807 0.030389 0.006945 0.096285 0.074504 0.059703 0.043972 -0.053370 0.058088 0.065872 0.041690 -0.068417 0.019683 -0.056216 -0.092320 -0.004129 -0.064297 0.011063 0.064224 0.094605 -0.056328 0.043622 0.026871 -0.082998 -0.015254 -0.033494 0.055519
 -0.033002 0.005444 -0.048075 0.024607 -0.009549 0.066948 0.013196 0.056663 -0.063707 -0.028494 -0.070123 0.031955 0.093334 0.026525 0.041685 -0.069763 -0.025664 0.046617 -0.049668 0.096878 0.032752 -0.085970 0.018066 0.018895 0.088714 -0.097607 -0.094552 0.054648 -0.050237 -0.057660 -0.062372 -0.011144
 -0.078114 -0.074829 0.058152 -0.023190 -0.075743 -0.008995 -0.070111 0.070717 -0.023540 0.016860 0.094694 0.056702 0.020014 0.067658 0.048402 0.000241 -0.004173 -0.009223 0.068282 0.073574 -0.067080 0.090348 0.084603 0.044954 0.058078 -0.030852 0.035217 0.074785 -0.012593 0.065623 0.044348 0.008518
 -0.016009 -0.030431 -0.099893 0.012610 0.095177 0.096964 0.046891 -0.080162 -0.024093 -0.000253 0.089320 0.044603 0.062394 0.015485 0.051776 -0.063345 -0.015427 0.088710 -0.064929 0.066740 -0.029647 0.096886 0.007661 -0.017793 0.063525 -0.048292 -0.069536 0.022018 -0.083200 0.094636 0.038739 -0.074796
 -0.049196 0.080373 -0.004121 0.038460 -0.092163 -0.013485 -0.050783 -0.041093 -0.074940 -0.043243 -0.025713 0.071522 0.001950 -0.042187 0.012401 -0.042924 -0.018237 -0.090546 0.014196 -0.051545 -0.027117 -0.046152 0.024643 0.016701 -0.083741 0.012635 0.074798 -0.041723 0.060069 0.014358 0.097815 -0.096568
 0.042959 0.031994 0.097571 0.066099 0.029571 -0.067419 -0.017441 0.089497 -0.040939 -0.086708 0.011646 -0.034430 -0.000012 -0.032047 -0.036605 -0.032138 0.044405 -0.077228 0.071023 -0.040687 0.026293 -0.007978 -0.061795 -0.053327 -0.035536 -0.087080 0.024329 0.074690 -0.000318 0.049769 -0.075888 -0.031588
 -0.080527 0.096113 0.024365 0.061325 -0.075533 -0.088694 -0.012133 0.002125 -0.045163 0.074910 -0.000277 0.013370 -0.091510 0.030587 0.010733 0.051940 -0.013549 -0.081313 0.029027 -0.094084 -0.074968 -0.085597 -0.095392 -0.044459 -0.022858 -0.076232 -0.059036 -0.014234 0.095002 -0.054155 -0.078935 0.094211
 0.071851 0.026241 0.088983 0.058065 0.054606 -0.090675 -0.083945 -0.042029 0.028528 -0.075897 0.007114 0.057071 0.047534 0.098744 0.044743 -0.083816 -0.057757 0.085720 -0.025035 0.037599 -0.076405 -0.074900 -0.090628 -0.083925 0.041325 0.044705 0.000032 -0.063435 0.005613 -0.020414 0.056256 0.079144
 -0.099469 -0.054453 -0.003632 -0.028333 0.058008 -0.092802 0.010192 0.076707 0.089742 0.028153 0.059551 0.016313 0.070407 -0.048711 0.022955 0.088147 -0.058653 0.002166 0.003910 0.023541 0.037304 0.016469 0.076991 0.096211 -0.058701 0.060451 -0.002805 0.048240 -0.052374 -0.046656 -0.020541 -0.097091
 -0.064422 -0.020088 -0.020804 0.081278 0.050548 0.004945 -0.012813 -0.017784 -0.000528 -0.013174 0.050509 0.059774 0.030357 -0.052614 -0.010830 0.087282 -0.043977 -0.057623 0.093040 -0.018643 0.073383 0.044855 0.040016 0.064480 0.059780 -0.023860 -0.044285 -0.083699 0.044080 -0.078385 -0.027201 -0.098650
 -0.055112 -0.078999 0.072826 0.044267 -0.057328 0.076067 0.091330 -0.057793 0.021071 0.066267 0.088107 0.048008 -0.056367 0.013999 -0.046792 -0.073029 -0.036643 0.081236 -0.067246 -0.083139 -0.076321 0.061959 0.085853 -0.091531 0.091775 0.043666 -0.007052 0.091927 -0.010672 -0.063052 0.019876 0.094518
 0.046739 -0.000535 -0.019101 -0.059772 0.091996 0.087169 0.035232 0.084980 0.053154 0.046059 0.052499 -0.015869 -0.021935 0.019070 -0.045599 -0.071942 -0.010645 0.000155 0.017388 0.068642 -0.014015 -0.067192 -0.051075 -0.045652 -0.040660 0.001421 -0.081885 -0.076329 0.050372 0.002643 -0.008593 -0.090069
 0.092635 0.090104 0.066706 -0.022286 0.030155 -0.058761 0.047414 -0.050603 -0.073100 -0.035906 0.080640 0.051892 0.031274 -0.049535 0.094499 -0.055249 0.032524 0.046543 0.076911 0.015634 -0.015289 -0.096774 0.043277 -0.042031 -0.026209 -0.066038 -0.035688 -0.070610 0.082799 0.060076 0.036550 0.078280
 -0.093034 -0.075878 0.001668 0.004370 -0.032398 -0.016995 -0.088568 -0.010308 -0.082325 0.090540 0.053194 0.031023 -0.005642 0.028260 -0.021188 0.072901 -0.025309 0.026669 0.019060 -0.008331 -0.063128 0.051499 -0.047190 -0.033886 -0.028720 -0.039368 -0.090679 0.085627 0.045944 0.052465 0.046006 0.007931
 -0.065482 0.035897 -0.078739 -0.037004 -0.049132 -0.076222 0.018322 0.002541 -0.076136 -0.030468 -0.025538 0.055468 -0.098488 -0.071588 -0.094103 -0.032184 0.067557 -0.075119 -0.061458 -0.033213 -0.070306 -0.010676 0.064407 0.076239 -0.058083 0.051856 0.012535 -0.048481 0.051212 -0.088729 0.061105 -0.003039
 0.034147 -0.068752 -0.072905 -0.043288 -0.015539 0.031528 0.077091 0.075911 0.041938 0.056757 -0.036525 0.044756 0.085024 0.042600 0.024022 -0.075221 -0.062876 -0.030000 0.024550 0.041762 0.082205 0.044312 -0.017805 0.089962 0.047248 -0.025267 -0.070839 0.030344 0.016125 -0.051632 0.088801 0.021431
 -0.026834 0.014313 -0.071053 -0.075669 0.073758 0.026231 0.016466 0.014272 0.078805 0.052787 0.056600 -0.097919 0.068819 0.069913 -0.088722 -0.064216 0.084832 0.078970 0.017584 0.050183 -0.034269 -0.057143 -0.089066 0.061928 0.030445 -0.007080 0.055056 0.087230 0.020445 0.088330 -0.061067 -0.035104
 -0.086696 0.027717 -0.043173 0.078333 -0.044469 -0.038937 0.020750 -0.088309 0.002697 0.000788 0.001329 -0.036476 -0.007035 -0.099703 -0.026541 0.047789 -0.076512 0.009288 0.077573 -0.032356 -0.047913 0.081827 0.005657 0.062987 0.033599 0.073653 0.017418 0.075193 0.035515 -0.032004 -0.072234 -0.095577
 -0.016483 -0.068023 -0.068227 0.073047 0.026794 0.092807 0.096809 0.067508 -0.027300 -0.088666 0.068246 -0.083834 -0.062090 -0.090168 -0.002256 -0.085571 0.057973 -0.029821 -0.085746 0.057415 0.036618 -0.032677 0.066082 -0.081987 -0.019817 0.070903 -0.004146 -0.012039 0.044258 0.082934 -0.072114 0.078923
 0.074130 0.080691 0.005204 -0.054605 -0.056224 -0.056753 -0.025890 -0.072003 -0.010243 -0.003985 -0.058043 -0.028043 -0.057488 -0.010255 -0.095787 -0.054694 0.090389 -0.086420 -0.099457 -0.055232 0.058244 -0.086152 0.025341 0.057435 0.092141 0.029981 -0.073070 0.050260 -0.075264 0.076535 -0.085366 -0.013782
 0.055246 0.008781 0.056202 0.032607 0.093037 -0.036842 -0.069086 -0.074830 -0.095154 0.061351 -0.042038 -0.063390 -0.035315 -0.048628 0.018403 -0.026300 -0.043903 -0.076165 0.020049 -0.059090 0.095303 0.045310 0.011664 0.055397 -0.078911 0.066366 -0.084970 -0.045179 -0.061976 -0.032029 0.087044 -0.068820
 -0.069997 -0.031176 -0.082978 0.054354 0.099968 0.048051 -0.039497 0.090634 0.072969 0.068254 -0.072508 0.070405 -0.047386 0.097991 -0.003438 -0.046842 0.038652 -0.079915 0.056015 -0.039730 -0.010493 0.021230 -0.082520 0.085998 0.096434 -0.069989 0.023714 -0.092410 -0.055308 0.069637 0.098081 -0.006613
 -0.053592 -0.024607 0.091448 0.088327 -0.006575 -0.011006 -0.098163 -0.015637 -0.053398 0.002730 -0.047301 -0.075943 0.013814 0.087066 -0.011882 -0.064821 0.014604 0.023025 0.026436 -0.012554 0.015946 -0.010968 -0.077327 0.003874 0.017451 -0.068122 -0.022894 0.085675 -0.067485 0.091363 -0.090155 0.002758
 -0.055111 -0.009234 -0.015380 -0.097569 -0.033563 -0.038347 0.062039 0.076490 -0.018650 -0.073037 0.040475 -0.053149 -0.051139 -0.051906 0.098536 -0.078956 -0.088838 -0.039008 0.060578 -0.058413 -0.006480 0.059730 -0.053149 0.081210 -0.000717 0.045110 0.081921 -0.009163 -0.010091 0.031077 -0.002409 0.042475
 -0.040802 0.043222 0.005902 0.037683 0.025194 -0.037964 0.021973 -0.075985 0.072678 0.067452 0.006925 0.027851 -0.009745 0.051772 -0.047284 0.070475 -0.068399 -0.080532 -0.034404 0.070479 -0.057566 0.082116 -0.094374 0.011515 0.045053 0.040588 0.011904 0.031607 -0.078047 0.053955 0.033921 0.035502
 0.057250 -0.027366 -0.060047 -0.026527 -0.014684 -0.040185 0.046353 0.088092 -0.026006 0.072723 0.052361 -0.073620 0.000646 0.087458 -0.030921 -0.009094 -0.032022 -0.025387 -0.073128 0.019507 -0.041494 -0.085496 -0.050614 0.083278 -0.060720 -0.047031 -0.038898 0.071862 0.073729 0.072210 0.041022 -0.028184
 -0.026402 0.026761 -0.065367 -0.079726 0.018184 0.048832 0.057920 -0.023157 0.038280 -0.011070 -0.061341 0.013858 0.063232 -0.026035 0.045870 -0.020695 0.099081 0.072625 0.023382 -0.049556 -0.007223 -0.017737 0.051048 0.091262 0.016355 0.011240 -0.021207 -0.078075 0.015402 -0.083001 0.016545 0.055684
 -0.020075 -0.080449 -0.052508 0.037758 -0.053803 -0.079445 -0.030060 0.027495 -0.072250 0.067017 -0.077205 0.025436 0.097038 -0.029646 0.043705 0.069130 0.011026 0.009976 0.014363 0.016889 -0.092814 -0.008186 -0.049342 -0.044323 -0.070724 -0.049980 0.002855 0.050002 0.056350 0.024757 -0.082584 -0.087305
 -0.004079 -0.047326 0.011297 0.043033 0.001184 -0.072973 0.013810 0.063115 0.041912 -0.021675 0.087231 -0.015367 0.094777 -0.048052 -0.085264 -0.091434 -0.013047 0.034617 0.003176 0.072275 0.052841 0.027988 0.021783 0.084736 -0.046530 0.038623 -0.040154 0.007930 0.005751 -0.040785 -0.034524 -0.000697
 -0.017415 -0.048870 0.026501 0.023735 0.068090 0.076932 -0.077652 0.054448 0.007383 0.093865 -0.068950 -0.040225 -0.047944 -0.064745 -0.012790 -0.080234 0.064253 -0.005889 -0.042367 0.012067 -0.049540 -0.097274 0.037222 -0.090304 0.053850 0.044223 0.071497 0.057207 -0.005999 -0.096846 -0.057822 0.066560
 0.049929 0.016224 0.067325 -0.045039 0.026562 0.033709 -0.007511 -0.082577 -0.049001 0.053695 -0.084634 -0.002000 0.056237 0.092596 0.092089 0.081180 -0.024418 0.048423 0.019200 0.013026 0.096056 0.059449 0.033814 0.075408 -0.091673 0.024134 -0.070613 -0.037729 -0.080189 0.095271 0.038859 -0.093131
 -0.082654 0.022467 -0.081686 0.021940 0.046654 0.042538 -0.080635 0.041753 0.047206 0.095902 0.039507 0.006826 0.089344 -0.039385 0.099082 -0.068880 -0.059434 0.016643 0.072471 -0.015295 -0.019962 0.055786 0.091407 -0.069686 0.039725 0.019048 0.013186 0.001624 -0.093450 0.023381 0.071856 0.039625
 0.081332 -0.033146 0.095875 -0.074813 -0.075069 0.093032 -0.071344 0.096965 0.070535 0.050970 0.023945 0.091511 0.037240 0.003501 0.071264 0.003357 -0.066424 0.085152 -0.038184 -0.054308 -0.082247 -0.049184 0.002534 -0.004258 0.013457 0.045140 -0.050154 0.062837 0.094431 -0.030443 -0.025241 -0.081419
 0.040006 -0.025030 0.080101 -0.074507 0.035467 0.085313 -0.077535 0.017053 -0.054740 0.038526 -0.062915 0.054103 0.092246 0.037736 0.039213 -0.077507 -0.043153 -0.085845 -0.018828 0.025461 0.003432 0.044782 0.033090 -0.056981 0.075196 0.077782 0.070921 0.000356 -0.082787 0.027482 -0.022827 0.094168
 0.034993 -0.008942 -0.095157 -0.073667 -0.025692 -0.020848 -0.094814 0.064757 -0.073888 -0.094632 0.002286 0.069428 -0.042706 -0.038252 -0.043630 -0.045698 -0.033643 -0.059884 0.073781 -0.099848 -0.040177 -0.040929 -0.051044 -0.046097 -0.093125 -0.078209 -0.056810 -0.026269 -0.081672 0.057552 0.088075 0.076185
 0.001641 0.077624 -0.091359 0.008298 0.024603 0.067496 0.024032 0.083480 0.029934 0.078448 -0.073094 0.082559 0.037429 -0.006363 0.014892 -0.013628 -0.091659 0.074460 0.043270 0.060176 -0.001321 -0.065935 0.018452 -0.001560 -0.035938 0.059930 -0.079854 -0.071318 -0.084943 -0.063919 -0.045423 -0.046684
 0.031248 -0.085957 -0.059278 0.038386 -0.020497 -0.056888 0.070204 0.018546 0.027670 -0.076979 -0.048229 -0.093739 -0.054450 -0.038230 -0.073806 -0.016855 -0.038859 -0.093267 -0.021122 -0.045476 0.002474 0.012047 0.029695 0.004709 0.031118 0.051462 -0.002998 0.029910 -0.043204 0.036155 -0.098172 0.066217
 -0.027694 0.097412 0.042915 0.018214 -0.026728 -0.040440 -0.076242 -0.023767 -0.017586 0.096215 -0.035920 -0.092624 -0.037734 -0.030295 0.040475 -0.025298 -0.030191 0.052685 -0.031029 -0.014000 0.073173 -0.090363 0.046836 0.022460 0.052611 -0.065162 -0.090651 0.065643 -0.088363 0.032690 0.051240 0.089146
 0.022799 0.048560 0.003444 -0.060511 -0.082705 -0.040584 0.082976 -0.046594 0.064254 -0.054815 0.051796 0.071138 -0.052760 0.045729 -0.076106 -0.008452 -0.007656 0.086411 -0.019374 -0.097876 -0.038833 -0.085408 -0.041865 0.098515 0.059009 -0.005486 -0.021920 0.048356 0.096219 -0.014250 -0.010771 -0.038160
 0.097516 -0.034407 -0.060957 0.051842 -0.080334 -0.081267 -0.074144 -0.065432 0.065448 -0.048192 -0.058299 0.050033 0.065115 0.090572 -0.093008 -0.068883 0.093445 0.069524 0.059576 0.063780 0.007680 -0.027523 0.058919 -0.046737 -0.043797 -0.088571 -0.068766 0.017790 -0.053491 -0.003981 -0.050449 -0.011749
 0.031240 -0.068411 0.079252 0.024294 -0.056874 0.018038 -0.013620 0.036791 0.072822 -0.081436 -0.033198 0.009781 -0.001719 0.099530 0.009282 0.088483 -0.077440 0.051476 -0.008244 0.020349 -0.062185 -0.021762 -0.076331 0.081056 -0.023533 0.054375 -0.012140 -0.097356 0.019917 0.023623 0.036613 -0.077980
 -0.085893 -0.020154 -0.098450 -0.009609 0.033966 -0.035393 0.096233 -0.007727 0.043770 -0.077525 0.068306 0.088966 -0.008047 -0.001311 -0.079572 0.011125 0.007888 -0.045938 0.092292 -0.029977 0.080405 0.067865 0.062347 -0.045315 0.077096 -0.033938 -0.064380 -0.080729 -0.056647 0.067740 -0.047464 -0.060559
 0.035323 -0.089271 0.005111 -0.031019 -0.059466 -0.076034 0.035280 -0.052612 -0.047154 0.029779 0.002976 -0.084094 0.045550 -0.036190 -0.015703 0.056679 0.005455 0.029166 -0.020344 -0.048662 0.065882 -0.094915 0.038265 -0.066600 0.037775 -0.008635 0.010632 -0.018841 -0.078863 -0.009096 0.009610 0.087293
 0.001914 -0.069758 0.018979 -0.054955 0.066586 -0.060142 0.014118 0.071686 -0.004968 -0.072446 0.025718 -0.087595 -0.061708 -0.095042 -0.078271 0.058188 0.069816 -0.093316 -0.050738 0.075267 -0.014100 -0.018446 -0.013299 -0.033030 -0.077509 -0.062702 0.041685 0.093796 -0.038077 -0.090453 0.048481 -0.051020
 0.031187 0.088143 -0.025151 -0.084254 0.072963 0.015724 -0.023730 0.048683 -0.006165 -0.043622 -0.027123 0.038616 0.079813 -0.089973 -0.038610 0.066504 -0.066616 -0.053094 0.072228 0.008701 -0.025373 0.024539 -0.045988 0.091250 0.081814 0.052459 0.008131 0.018074 -0.099950 -0.092897 0.057944 0.018977
 0.079082 0.036172 -0.031226 -0.002935 0.095310 -0.073732 -0.008401 -0.080648 -0.073602 -0.094236 0.091541 -0.006189 -0.028472 0.004526 -0.019256 0.033713 -0.099430 0.036696 0.089740 -0.079180 0.044502 -0.042879 0.075479 0.018713 -0.078333 0.077802 -0.055097 -0.024809 0.050896 0.031817 0.032153 -0.058819
 0.042059 -0.074593 -0.003539 0.014913 0.069592 -0.064437 -0.032366 0.002526 0.044775 -0.042644 -0.003100 -0.072672 0.080914 0.044774 -0.069755 -0.008701 0.019340 -0.091425 0.017030 -0.045374 0.022024 -0.024076 0.025041 0.065716 -0.097011 -0.097495 -0.099344 0.058753 -0.069261 0.031217 0.050000 0.008514
 -0.002048 0.011083 -0.023857 -0.050302 0.071127 0.027743 0.080891 0.085437 0.093796 -0.042401 -0.014462 -0.043810 0.073992 -0.051537 -0.047622 0.074682 0.037766 0.097342 -0.023022 -0.050278 0.009582 0.003959 0.048232 -0.047197 0.040199 -0.040873 0.045438 0.049613 -0.098467 0.010449 -0.052675 0.098627
 0.063327 -0.014009 -0.069208 -0.093417 0.071449 -0.063818 0.025473 0.095620 -0.087802 -0.056991 0.081446 -0.041009 -0.079082 0.053714 0.033250 -0.045227 0.039798 -0.057268 0.034979 -0.026692 0.026292 0.061773 -0.078245 0.070230 0.011912 -0.080385 0.026335 -0.052239 0.084937 0.095930 -0.037845 -0.080927
 -0.059831 0.027239 -0.046283 0.083959 -0.013188 -0.049438 0.016514 0.089316 -0.047760 -0.064579 0.099367 0.086842 -0.037519 -0.001716 0.056021 0.007127 0.014170 -0.072845 0.034287 -0.086351 -0.026383 0.090324 0.043450 0.099469 0.096351 -0.029290 -0.041016 -0.061516 0.043821 -0.052700 0.074163 -0.065534
 0.036272 0.098693 0.054115 0.041895 0.023340 -0.053699 0.013799 -0.002096 -0.063639 -0.032113 -0.057509 -0.074875 0.051864 0.077354 0.074761 0.056165 -0.003016 0.036587 -0.077540 -0.002266 0.097462 0.018722 0.032125 0.088066 0.049751 -0.032071 -0.056941 0.004570 0.078568 0.058812 0.061313 -0.079331
 -0.017356 0.089557 -0.097278 -0.049209 -0.093963 0.030716 -0.039793 0.016635 -0.093875 -0.037515 0.087995 -0.072024 -0.001112 -0.082483 0.016174 -0.081609 -0.099909 -0.082576 -0.003892 0.021587 -0.013042 -0.036533 -0.095878 0.071556 0.032286 -0.085438 0.086481 -0.030699 -0.078412 -0.084231 -0.053680 0.067399
 0.095042 0.070110 0.005503 -0.059736 0.055470 -0.050777 -0.033335 0.062810 -0.086863 0.039629 0.093286 -0.012034 0.005830 0.076136 -0.079412 -0.070194 -0.045191 -0.097892 -0.040307 0.008188 -0.058855 -0.092461 0.006117 0.021969 0.006700 -0.070390 -0.089936 0.083240 0.016054 -0.075529 -0.087708 0.027811
 0.057861 -0.065028 0.032493 0.092445 -0.068385 0.096282 0.046637 0.036525 -0.000719 -0.085251 -0.092604 0.097564 -0.036087 0.035324 0.084570 -0.033585 -0.082649 -0.084011 0.038776 0.039774 0.096038 0.075499 0.060652 0.095166 0.024397 -0.062295 0.073904 -0.081363 -0.061268 -0.028716 -0.073964 -0.008631
 -0.026057 0.034142 0.075113 0.040414 -0.096163 0.029219 -0.006934 -0.042411 -0.044083 -0.026755 -0.007099 0.046327 -0.066157 -0.001772 0.067908 -0.034507 0.054058 0.010258 0.056978 0.031434 -0.023745 0.067419 -0.046534 0.093573 -0.062836 -0.047156 -0.054026 0.095140 -0.084602 -0.039431 0.058512 0.066783
 -0.033722 0.075377 0.024751 -0.060326 -0.062337 -0.051067 -0.041158 0.007978 -0.026140 -0.036646 -0.010877 -0.029374 0.091971 0.055318 0.005354 -0.087147 0.024889 0.006105 0.090378 -0.041768 -0.011011 0.009255 0.002023 0.091126 0.039043 0.008797 0.025373 -0.016283 -0.029361 -0.073472 -0.017690 0.044330
 0.052436 -0.074162 -0.016316 0.043585 -0.096273 -0.053220 0.048364 -0.038706 0.052227 -0.086054 0.005036 0.065859 -0.038278 -0.039190 -0.079736 0.059041 -0.054041 -0.041959 0.001368 0.050020 0.049396 -0.033820 -0.012751 -0.054918 0.028191 -0.029342 -0.075431 -0.053910 -0.023504 0.082155 0.044962 0.049515
 0.098001 -0.028478 0.038325 -0.097794 -0.096999 -0.005964 0.063293 -0.052185 0.098189 0.046172 0.082958 -0.042915 0.012329 -0.046854 0.044421 -0.098177 -0.007104 0.053747 0.032539 -0.014490 0.088025 0.095329 -0.029839 0.088294 -0.087059 0.020640 -0.096644 -0.099821 -0.017791 0.065510 0.090506 -0.068862
 -0.049062 -0.037342 -0.055649 0.031091 0.043470 0.027714 0.043494 -0.016747 0.097306 -0.049623 -0.047635 -0.076043 -0.099224 -0.051266 -0.055345 0.076600 -0.069461 0.083787 0.007987 0.024863 0.066793 -0.022163 0.095841 -0.074659 0.099731 0.002021 -0.000716 0.074954 -0.027217 0.058841 0.066841 0.080741
 0.011956 0.086322 -0.061976 -0.010149 -0.023378 -0.093977 -0.006411 0.004616 0.068731 -0.005137 0.045746 -0.076623 0.011468 0.067166 0.092818 0.073864 -0.065585 0.076651 0.036096 -0.085727 -0.057587 0.079308 0.067119 0.035063 -0.084766 0.027426 -0.057487 0.081611 0.049412 -0.036443 0.027904 -0.007866
 -0.034549 -0.084235 -0.037610 -0.021268 -0.006964 0.031775 -0.013743 0.043129 0.079619 -0.087107 -0.013345 0.022314 -0.054320 0.062734 -0.014102 0.018152 -0.059502 0.080154 -0.069646 -0.029016 0.043252 -0.085389 0.069926 -0.017853 -0.044251 -0.095410 0.093236 -0.036786 -0.045160 -0.000333 0.006576 -0.058919
 0.011031 0.071732 -0.039554 -0.071443 0.045793 0.084170 -0.087196 -0.082118 0.061669 0.029427 0.024700 0.091045 -0.052678 -0.002128 -0.008750 0.069246 -0.097158 0.013797 0.002700 -0.006285 -0.074549 -0.026461 0.049311 0.046833 0.080876 0.024304 0.007922 -0.085667 0.034138 -0.075243 0.040774 0.060096
 0.015509 0.097997 0.049153 0.040585 0.073984 -0.073155 0.006890 0.086137 -0.074270 0.059917 -0.069758 0.042094 -0.043303 -0.059994 -0.011775 0.021572 0.096240 -0.030916 0.096901 -0.037617 -0.001223 0.029546 -0.034028 -0.086497 0.037730 -0.052600 -0.076065 -0.049028 -0.052870 -0.082522 0.067683 0.081749
 0.071624 -0.000958 -0.098360 -0.067794 -0.074489 -0.056527 0.090181 -0.084754 0.024258 0.037436 0.073886 -0.057446 0.048907 -0.053111 -0.025185 0.020705 -0.022072 -0.090838 0.065977 0.021587 -0.086746 0.095262 0.039793 -0.091559 -0.098704 -0.048914 0.015767 0.087683 0.066206 -0.099126 0.048666 0.096345
 -0.090839 0.004716 0.032502 0.042210 0.071416 0.096321 -0.054528 -0.093465 -0.058575 -0.088585 -0.052858 -0.032551 0.077649 0.095672 -0.093260 0.031161 -0.042425 -0.004296 0.040169 0.027361 -0.079125 0.021905 -0.043080 -0.097334 0.098875 -0.005662 -0.033393 -0.085914 0.026821 0.024835 -0.047153 -0.015708
 -0.026614 -0.060565 -0.061874 -0.057674 0.047845 -0.096875 0.038664 0.078126 0.003321 0.017021 -0.039569 -0.053699 0.046768 0.036249 0.007626 -0.095043 0.054384 -0.058448 -0.068838 -0.033299 0.075352 0.037770 -0.029437 0.091910 -0.005157 -0.077419 0.073466 0.095931 0.014711 -0.044865 -0.069511 0.047427
 0.072438 0.041619 -0.036345 0.033567 -0.036855 0.053559 -0.033807 0.099646 -0.092081 0.055319 0.068368 0.065899 -0.072550 -0.064089 0.055590 -0.060251 0.031891 -0.081633 -0.099679 0.002946 0.064760 -0.040213 0.071590 0.071348 0.034995 0.068487 -0.060188 -0.094761 0.057506 -0.046665 0.018916 0.051130
 -0.093856 0.013825 0.016607 -0.017550 0.013646 -0.053920 -0.092364 -0.081593 0.028632 0.073247 0.011181 -0.048466 0.056824 -0.015243 -0.068199 0.077142 -0.079869 0.004619 0.054545 -0.062703 0.050498 -0.000167 0.066262 -0.079977 -0.029305 -0.056443 0.035295 -0.008867 0.067346 -0.062241 -0.030769 0.053778
 0.093693 -0.086336 0.071342 -0.070039 0.070378 0.039367 -0.049086 0.033123 -0.033499 0.076846 0.039174 -0.087293 -0.043932 -0.024631 -0.001972 0.043522 -0.027051 -0.000915 -0.065760 0.008542 -0.067215 -0.002308 0.004137 -0.051987 -0.077358 0.027797 0.099956 0.036702 0.052510 0.062115 -0.020001 0.021221
 0.015986 -0.030627 -0.066800 -0.011711 0.099539 -0.033877 -0.024109 0.007551 0.091934 0.066307 0.015047 -0.041677 0.047721 0.035025 0.033513 0.085402 -0.015908 -0.063418 -0.094549 -0.040008 0.021191 0.064891 0.024218 -0.044604 0.005340 0.020016 0.017980 0.077460 -0.036566 -0.068958 -0.031696 -0.074703
 0.014781 -0.008098 -0.093064 0.026718 -0.018499 -0.089166 0.055190 0.022279 0.032070 0.092933 0.078195 0.083133 -0.016881 -0.024819 -0.084110 -0.003510 0.063628 0.076479 -0.056188 0.077907 -0.025697 -0.010099 -0.022259 0.009929 0.034017 -0.044370 -0.082080 -0.001775 -0.088425 0.071111 0.055006 0.088094
 -0.074705 0.097789 -0.007237 -0.093015 0.033896 0.080898 0.059124 -0.092985 -0.003811 0.087663 0.075482 0.064169 -0.052920 -0.024071 -0.009211 -0.068777 0.067524 -0.021328 -0.017876 -0.040271 0.075918 0.018025 0.043419 -0.042708 -0.000416 -0.076830 0.014740 0.062290 -0.022750 0.073826 0.003394 0.082554
 -0.018342 -0.095445 -0.097335 0.081258 -0.005424 0.090753 -0.010185 0.071638 -0.072892 -0.000067 0.067129 0.074899 0.069578 -0.043608 -0.099067 -0.025505 -0.061932 -0.097379 -0.056624 -0.089928 0.031026 0.012208 -0.055070 0.008988 -0.003875 -0.027496 -0.096044 0.030273 -0.081522 -0.077284 0.094430 0.000961
 0.059702 0.036149 0.091311 0.097009 -0.040033 -0.031802 -0.045871 0.057328 0.003695 0.028360 -0.093619 -0.016173 0.056161 -0.066501 -0.013022 -0.005263 0.076884 0.097123 0.005689 0.093974 0.056981 0.033313 0.002885 -0.065523 0.084794 0.008035 0.098846 0.083555 0.046958 -0.029631 0.074887 -0.067756
 -0.041555 0.064806 0.007805 -0.067169 0.066558 0.005215 0.025027 -0.074031 -0.038805 -0.003976 0.015319 -0.071066 -0.069299 -0.066403 0.002631 0.074310 -0.048754 0.070758 -0.085836 -0.035402 -0.012432 0.019144 0.013184 0.010627 0.035944 -0.096903 -0.058144 0.060364 0.063201 -0.025708 0.043878 -0.098718
 0.005925 -0.025227 0.095290 0.044856 0.037620 -0.054965 -0.037599 0.066655 -0.092689 -0.050513 0.048534 -0.067107 -0.058755 0.075312 -0.087527 0.028368 0.098071 -0.041476 0.042623 -0.066187 0.051002 -0.005781 0.051794 -0.081167 -0.072559 0.005329 -0.096771 0.008892 -0.030702 -0.085412 -0.055683 -0.033358
 0.038273 -0.006090 0.098914 0.093306 0.061369 0.078758 0.083196 0.088146 0.006576 0.009995 0.017961 -0.071044 -0.028012 -0.034903 -0.073851 -0.071087 -0.081366 0.098524 -0.064073 0.093010 -0.045694 0.054156 0.051001 0.067168 -0.060724 0.071681 0.007207 0.062659 -0.087811 -0.047043 0.045422 0.031904
 0.062649 0.009651 -0.079254 0.028597 0.046283 -0.086847 0.002342 0.022470 0.007333 -0.076485 -0.013385 -0.048460 -0.065892 0.093184 -0.004161 0.001781 0.018373 -0.077747 0.039829 0.023721 0.062184 0.092281 0.019185 0.021962 0.043132 -0.078820 0.092976 0.083106 0.066336 -0.033320 0.020136 0.047672
 0.067733 0.055699 -0.040152 0.004237 0.023721 -0.073590 -0.005440 -0.039102 0.045038 0.003215 -0.084446 0.054630 0.047269 -0.090432 0.029566 -0.066451 0.023224 -0.085866 0.015975 0.023177 -0.096251 -0.098807 -0.053417 0.044320 0.040193 -0.077361 -0.029053 0.082527 0.037990 -0.043206 0.075324 -0.047838
 -0.002415 0.062110 -0.073968 0.093227 0.061169 0.082926 0.098919 -0.025321 0.018395 0.056192 0.018262 -0.066053 0.015090 0.086699 -0.079528 0.039230 0.029583 0.032063 0.014355 0.012401 -0.095743 0.094005 -0.059900 0.036184 0.048452 -0.060605 0.095728 0.004024 0.023636 0.090784 0.009046 0.085385
 -0.033183 -0.045651 0.094177 -0.074952 0.033832 -0.089778 0.018261 0.085981 -0.052208 -0.088817 0.081577 0.049769 0.016927 -0.042480 -0.070386 0.027484 -0.074389 0.011870 0.086125 0.037467 -0.021649 -0.094724 -0.019274 0.030905 0.054556 -0.011117 0.099214 0.076791 0.084053 -0.044531 0.022969 0.000342
 0.023895 -0.086464 -0.001963 -0.011495 -0.014922 0.048177 -0.008936 0.054698 -0.075637 -0.047125 -0.036665 0.030757 0.086055 -0.066250 -0.030319 -0.023436 -0.041550 -0.096087 0.097845 -0.003989 0.074902 0.054662 0.052524 -0.088785 -0.044704 -0.060826 0.051398 -0.000575 -0.051228 0.089650 -0.066974 0.096894
 -0.083039 0.050119 0.069032 0.068325 -0.075018 -0.098413 -0.016097 -0.055964 0.017395 -0.019460 -0.088174 0.079533 -0.086793 -0.083685 0.033745 -0.074731 -0.093392 0.047602 -0.047174 0.090711 -0.039060 -0.064445 -0.079514 0.050185 -0.021886 0.010067 0.013929 0.056896 0.008994 -0.084792 -0.016391 0.018976
 -0.029514 -0.095091 0.047545 -0.071479 0.043457 0.012087 -0.020471 0.016648 0.048665 0.083216 0.014200 0.052874 0.049392 -0.040778 0.011425 -0.044843 -0.052027 -0.056770 -0.040950 0.002336 -0.000492 -0.092727 0.094793 -0.033184 -0.053920 0.042835 0.090885 0.021393 -0.049763 -0.011172 -0.031490 -0.016704
 -0.001495 0.086971 -0.042189 0.008149 0.037802 0.015817 -0.062433 -0.085178 -0.083494 0.055208 -0.065638 0.098531 -0.059592 -0.094750 0.085724 0.092281 -0.017675 0.067588 0.038619 -0.083729 -0.006740 -0.082805 -0.048808 -0.079853 -0.016860 -0.046956 -0.024819 0.049802 0.004391 0.023504 -0.084683 0.009852
 0.025982 0.006029 -0.000067 -0.000709 -0.078459 -0.059124 -0.079533 -0.001466 0.010107 -0.099386 -0.021652 0.016784 -0.065537 -0.090705 0.040517 0.033573 -0.012803 0.052187 -0.085084 -0.085148 -0.089786 0.016679 0.012191 -0.044515 -0.041712 -0.001912 0.054650 0.006521 0.038919 -0.060811 -0.016294 -0.061110
 -0.038060 -0.016869 0.002917 0.015231 0.047624 -0.036192 -0.037348 -0.069555 -0.049913 0.028781 0.017479 -0.023303 -0.031075 -0.049040 -0.061820 -0.070319 -0.060283 0.067960 0.070984 0.043965 -0.056820 -0.095793 -0.021922 0.001990 0.018423 0.069388 -0.050441 0.003869 -0.040713 -0.055687 -0.087879 0.055198
 -0.022732 0.070327 0.033070 -0.038118 -0.061094 -0.050374 -0.000844 -0.006344 0.037487 -0.063975 -0.099901 0.031682 0.005002 0.045733 -0.005609 0.028702 0.015475 -0.041682 -0.040626 -0.083655 0.094842 -0.081449 -0.086307 0.020993 -0.050201 -0.065556 -0.044283 0.010069 0.080611 0.062381 0.057055 -0.030736
 0.057518 0.056155 0.033121 0.017482 0.081760 -0.037837 -0.087495 -0.047477 -0.043957 0.043552 0.049379 -0.035984 -0.088832 -0.011693 0.081046 0.086046 0.015486 0.053775 0.056226 -0.089234 -0.036060 -0.015742 0.007169 0.067681 0.033376 -0.020279 -0.008860 -0.074563 -0.064347 -0.045177 0.040304 -0.074413
 0.082062 0.011899 -0.038575 0.051874 -0.086858 -0.009532 -0.062150 0.078658 -0.047821 -0.031085 0.038916 -0.073848 0.045273 0.071508 0.010970 -0.010165 -0.083122 0.030417 0.029305 0.010756 -0.006633 0.096290 -0.092944 -0.069450 -0.099509 0.007565 -0.064186 0.047721 -0.073596 -0.032946 0.094343 -0.023384
 0.093189 -0.018867 0.024540 0.068674 -0.001692 -0.042003 0.058989 -0.045205 -0.087862 0.077716 -0.067502 -0.073940 -0.071685 0.054888 -0.058249 -0.065999 0.070384 0.098913 -0.097390 0.058512 0.060201 0.021221 -0.080217 0.096075 0.029293 -0.008437 -0.042117 0.048490 -0.097034 0.023491 -0.030726 0.036317
 0.016489 -0.008980 -0.050844 0.033869 -0.003280 -0.047937 -0.040626 -0.012707 -0.009100 0.067321 -0.010683 0.063184 0.071778 0.025314 -0.005931 0.068636 0.072693 -0.022473 -0.015378 0.072160 0.080108 -0.045836 0.060192 0.010824 0.000774 -0.003389 -0.044910 -0.056056 -0.014055 -0.077273 0.071679 -0.093507
 0.013822 -0.058025 0.091563 0.073023 -0.045928 0.018900 -0.032151 0.003244 -0.004650 -0.076813 -0.060815 -0.088066 -0.038958 -0.064331 -0.046918 -0.053216 -0.044241 0.039785 0.040455 0.059784 -0.039473 0.023155 -0.043260 0.019675 0.081157 -0.047693 0.046787 -0.017775 0.095163 0.012443 -0.021585 -0.019209
 -0.083694 -0.096035 -0.033478 0.046579 -0.019089 -0.057176 0.066172 0.060566 0.076810 -0.047131 -0.020085 0.045516 -0.039694 0.075148 0.083462 -0.046284 -0.008652 0.060541 -0.007931 -0.038402 0.038862 0.067321 0.059802 0.077712 -0.050039 0.040418 0.061105 0.047144 -0.033699 -0.005074 0.012298 0.030294
 -0.081443 -0.020725 0.083921 0.085349 0.063727 0.026119 -0.022392 0.050318 0.041665 0.077244 0.068385 -0.032582 0.014885 0.099144 0.064936 -0.028061 -0.086815 0.014231 0.021339 -0.026678 0.058989 -0.072664 -0.060611 0.002620 0.093904 -0.068897 0.085525 0.056318 0.046664 -0.069846 0.023817 -0.005376
 0.067023 0.020199 0.066014 -0.076333 -0.097967 -0.075851 0.078017 -0.028409 -0.082831 -0.051210 -0.076081 0.094094 -0.093214 0.010676 -0.080542 -0.023499 -0.095126 -0.091389 -0.052558 0.090633 -0.031365 0.024647 0.094156 0.086005 0.039957 0.091157 -0.094607 0.049378 -0.001339 0.036038 0.070616 0.031405
 -0.007660 -0.092063 0.039657 0.020829 -0.055312 -0.032241 0.019038 -0.002523 -0.017818 -0.046072 -0.038474 -0.049106 -0.044583 0.040558 0.019529 -0.064259 -0.016815 0.093595 -0.053373 -0.018472 0.078655 -0.094627 0.033641 -0.035167 0.056839 0.023261 -0.094818 -0.055880 0.062478 -0.009309 0.063816 0.066559
 0.030166 -0.044591 0.081692 0.027654 -0.077811 0.031560 0.064275 -0.031348 0.062161 0.054142 0.044967 0.035897 0.017877 0.021701 -0.020433 -0.008605 0.026853 0.003723 -0.012412 -0.067709 -0.066536 -0.015985 -0.079408 0.078213 -0.006630 0.091627 0.040554 0.057222 -0.087615 -0.001164 0.085300 -0.025505
 0.055395 -0.006689 0.044835 -0.038193 0.005743 -0.066016 -0.025524 0.030912 0.048208 -0.029840 -0.047270 -0.001600 0.018650 -0.024230 -0.096500 -0.062902 -0.000967 -0.085694 -0.094667 -0.069760 0.036146 0.030679 0.014985 -0.026803 -0.004471 -0.038720 0.053496 -0.007349 -0.054174 -0.064478 0.036523 -0.064948
 -0.050290 -0.089628 0.010695 -0.088866 0.034775 0.008568 0.098346 -0.074625 0.045902 0.027589 0.005124 0.005941 -0.029026 -0.073510 0.034156 0.023306 -0.072117 -0.021875 -0.028589 -0.072037 0.040747 0.039920 0.087977 0.026399 -0.033611 0.085215 -0.090577 -0.055825 -0.068641 -0.070682 0.050273 -0.043896
 0.056564 -0.075028 -0.016150 0.051025 -0.068944 -0.040459 -0.001366 -0.019124 0.060046 -0.070816 0.087166 -0.083926 -0.053467 0.032060 0.082910 0.061267 -0.085018 -0.002035 -0.000292 -0.041692 0.022866 0.067843 -0.030665 0.023797 -0.017610 0.092776 0.024742 0.049298 0.074853 -0.080930 0.064760 -0.065594
 0.001143 -0.063507 0.089498 -0.083541 -0.003561 0.079705 -0.006734 0.032848 0.090440 -0.087859 -0.053275 -0.099755 0.080704 -0.034134 0.057939 -0.001895 0.030459 0.059315 -0.050061 -0.002097 0.000268 -0.091665 -0.033943 -0.095974 0.067477 -0.080730 -0.018683 -0.027640 0.085377 0.006404 -0.041618 -0.086111
 0.001611 0.017538 0.060191 -0.064825 0.066673 -0.074355 0.040532 -0.085914 -0.061492 0.025989 0.061986 0.036805 -0.022674 -0.001625 0.082392 -0.022214 -0.017025 0.044721 -0.042308 -0.041589 0.019169 0.012684 0.084641 0.077775 -0.086609 -0.030058 0.099066 -0.061373 -0.011420 0.008818 0.095015 -0.085920
 -0.092198 0.000114 -0.070286 0.091611 -0.071201 -0.092547 -0.083139 -0.062271 -0.025521 -0.078280 -0.086857 -0.031897 -0.093192 -0.096311 0.066902 0.021504 -0.047920 0.043488 0.090073 -0.003025 -0.054484 0.072526 0.044139 -0.073684 0.083474 -0.044021 0.098355 -0.029254 0.045867 -0.049870 0.021267 0.002306
 -0.048804 0.041428 -0.042073 -0.075128 -0.096128 0.044007 0.043955 0.087961 -0.048395 -0.056679 0.011494 0.038764 0.093560 0.083924 0.066045 0.067548 0.008922 0.082419 0.072462 0.062971 -0.089631 -0.005392 0.071716 0.064071 0.055648 0.010369 -0.006353 0.041590 -0.061575 -0.014836 0.017246 -0.054302
 -0.016871 -0.041916 -0.053143 0.065227 0.045863 -0.086501 -0.002413 -0.018488 -0.080317 -0.011020 -0.097332 -0.081327 -0.060411 0.012946 0.065759 -0.008333 0.027082 -0.044361 -0.046259 -0.000673 0.049350 0.080594 0.071932 0.009443 -0.062641 -0.026513 0.069928 -0.061608 0.018617 -0.027387 0.013582 -0.027081
 -0.067577 -0.093993 -0.053090 -0.098101 0.024058 0.065263 0.089499 -0.014253 0.052933 -0.097698 0.045105 -0.088519 -0.060134 -0.038325 -0.046555 -0.028821 -0.047939 -0.036965 0.001379 -0.077154 -0.042371 -0.087653 0.001819 0.017777 0.072377 0.049483 -0.001206 -0.026807 -0.075904 0.037872 -0.093398 -0.026243
 -0.032996 -0.078018 -0.085865 0.063078 0.064477 0.099496 -0.011634 -0.091928 -0.042882 0.008363 0.034051 -0.095096 -0.007948 -0.093365 0.021833 -0.059597 0.039209 -0.005986 0.090826 -0.015587 0.060498 -0.030207 -0.013573 0.048221 -0.046716 0.058892 0.064504 0.053105 0.003209 0.014510 -0.078509 0.043522
 0.099594 0.035905 0.022772 0.041538 -0.025779 -0.074929 -0.078177 0.021918 -0.014794 -0.006471 -0.060071 -0.058956 -0.046817 -0.060429 0.081415 0.034088 0.007771 -0.008256 0.097308 -0.037964 -0.033072 -0.060310 -0.019778 -0.082950 0.094620 0.010930 0.044830 0.014670 0.014244 -0.053416 -0.062312 -0.079552
 -0.022577 0.069845 -0.002943 0.068945 0.077912 0.092734 -0.038274 -0.092249 0.034451 -0.077230 -0.020695 0.023062 -0.059835 -0.049907 -0.089028 0.001349 -0.000337 -0.093045 0.050918 -0.060852 -0.071548 0.089627 -0.015692 0.006463 -0.039085 0.002915 -0.072470 -0.091274 0.036787 -0.047383 -0.059099 -0.032770
 0.096320 0.036462 0.037474 0.078317 -0.023253 0.061238 0.013256 0.087529 0.071899 -0.017357 0.010645 0.028429 -0.055031 0.015541 -0.043150 0.099093 -0.004627 -0.016879 -0.055077 0.035502 -0.046711 0.002370 -0.073460 0.050097 0.025892 -0.089760 0.082711 0.011029 0.062358 0.051250 0.006730 0.006568
 -0.073554 -0.006947 0.029660 0.051002 -0.016813 -0.082600 -0.041465 -0.021743 -0.078563 0.098942 0.087827 0.003317 0.087294 0.083441 -0.077885 -0.013397 0.025934 -0.083793 0.041040 -0.060592 0.072310 0.091547 -0.030250 -0.099720 0.004785 -0.021883 0.096993 -0.002119 0.029492 0.034391 0.077926 -0.033347
 -0.011042 -0.071355 -0.064790 -0.090234 -0.075890 0.019520 0.004928 -0.076773 -0.097613 -0.033395 -0.058497 -0.061591 -0.012430 0.004826 0.069470 -0.092505 -0.041754 0.033348 0.049637 0.014097 -0.078797 0.009902 0.022175 -0.099337 0.065732 0.026595 -0.015671 -0.085249 -0.088602 -0.088901 -0.001618 -0.073576
 0.099540 0.032126 -0.013388 -0.095533 0.080381 -0.063046 -0.050791 -0.059765 0.051648 -0.062914 0.039276 0.076180 0.005004 0.068312 0.075766 0.009929 0.040516 0.060191 -0.053886 -0.054443 0.076185 0.073849 0.012820 0.071883 0.054877 0.019994 0.082239 -0.077806 0.078008 0.081477 -0.085122 0.017062
]
Total memory size for keys: rot_key_cnt = 73, rot_key_size = 2296406552 bytes, total_key_size = 2345690160 bytes
Total memory size for weight plain: cnt = 82, size = 147330832 bytes
RTLib functions         	       Count	      Elapse
--------------------    	    --------	    --------
FINALIZE_CONTEXT        	           1	    0.004538 sec
PREPARE_CONTEXT         	           1	   10.144998 sec
ENCODE_ARRAY            	          83	    0.583114 sec
NTT                     	        3664	    4.333839 sec
INTT                    	         787	    0.992482 sec
MAIN_GRAPH              	           1	    4.650849 sec
 HW_ADD                  	        1036	    0.083333 sec
 HW_MUL                  	         554	    0.162031 sec
 HW_ROT                  	         568	    0.041875 sec
 COPY_POLY               	           1	    0.000142 sec
 PRECOMP                 	          82	    1.449481 sec
 MOD_DOWN                	         164	    1.827622 sec
 FAST_DOT_PROD           	         164	    0.414271 sec
 RESCALE_POLY            	          10	    0.057159 sec
 COPY_CIPH               	           6	    0.005804 sec
 INIT_CIPH_SM_SC         	         180	    0.011361 sec
 INIT_CIPH_UP_SC         	          81	    0.016638 sec
 INIT_CIPH_DN_SC         	           5	    0.000286 sec
 PT_ENCODE               	          82	    0.573667 sec
MAIN_GRAPH              	   sub total	    4.643670 sec
14.98s 2448080KB
Exit 0 - Check log: /app/ae_result/hpao/i16x32x32_ci16_co32_k1p0s2.lmr.log
LINK_EXEC RETV:0
LINK_EXEC CMD TIME:15.838892s
