FAST_DOT_PROD=1
/app/hpao_cmplr/bin/fhe_cmplr /app/model/i16x32x32_ci16_co16_k3p1s1.onnx -o /app/ae_tmp/i16x32x32_ci16_co16_k3p1s1.onnx.c -VEC:conv_fast -VEC:ms=32768 -CKKS:N=65536 -P2C:df=/app/ae_tmp/i16x32x32_ci16_co16_k3p1s1.onnx.weight -CKKS:sk_hw=192 -O2A:ts -FHE_SCHEME:ts -VEC:ts -SIHE:ts -FHE_SCHEME:ts -POLY:ts -P2C:ts -CKKS:ts:q0=60:sf=56 -POLY:ts -P2C:ts -P2C:fp -SIHE:relu_vr_def=10
[/app/hpao_cmplr/bin/fhe_cmplr][ONNX2AIR][--] : phase_time = 0.000185 / 0.000347(s)
[/app/hpao_cmplr/bin/fhe_cmplr][SCHEME_INFO_ANALYZE][--] : phase_time = 0.000014 / 0.000367(s)
[/app/hpao_cmplr/bin/fhe_cmplr][VECTOR][--] : phase_time = 0.021606 / 0.021977(s)
[/app/hpao_cmplr/bin/fhe_cmplr][SIHE][--] : phase_time = 0.000824 / 0.022814(s)
[/app/hpao_cmplr/bin/fhe_cmplr][CKKS][--] : phase_time = 0.003726 / 0.026547(s)
[/app/hpao_cmplr/bin/fhe_cmplr][POLY][--] : phase_time = 0.017670 / 0.044225(s)
[/app/hpao_cmplr/bin/fhe_cmplr][POLY2C][--] : phase_time = 0.005259 / 0.049493(s)
COMPILE RETV:0
COMPILE CMD TIME:0.058413s
/app/hpao_cmplr i16x32x32_ci16_co16_k3p1s1.onnx /app/test/i16x32x32_ci16_co16_k3p1s1.c i16x32x32_ci16_co16_k3p1s1.onnx.c
ckks_param: _provider = 0, _poly_degree = 65536, _sec_level = 0, mul_depth = 3, _first_mod_size = 60, _scaling_mod_size = 56, _num_q_parts = 2, _num_p = 2, _num_rot_idx = 25,_hamming_wieght = 192
input(tensor): [
 -0.086607 0.089435 0.080992 -0.018385 0.035506 -0.045402 -0.098149 -0.000950 0.032779 -0.031080 -0.006723 -0.026355 0.025012 -0.004485 0.012052 0.025833 -0.057039 -0.086809 -0.006739 -0.028447 -0.042038 -0.004453 -0.006025 -0.023016 -0.020163 -0.013857 0.064752 -0.093718 0.006603 0.037138 0.070704 -0.021584
 -0.001522 -0.068818 -0.096118 0.028251 -0.047013 0.050317 -0.055768 -0.063122 0.034123 0.031025 0.014449 -0.062879 0.059142 0.062894 0.001312 0.088239 -0.037262 -0.071056 0.059726 -0.006943 0.098370 0.091382 0.045626 0.004909 0.054795 -0.048178 0.099853 -0.068844 0.039695 0.049394 0.048469 -0.081018
 -0.027589 0.010910 -0.053706 0.092754 -0.014624 0.030918 0.014467 0.036370 0.059627 -0.098381 -0.087966 0.058000 0.071265 0.015741 0.029281 -0.074427 0.041141 -0.083770 -0.034244 0.034245 -0.004736 0.043368 -0.069343 -0.001797 -0.023723 0.079302 0.020813 -0.095015 0.005266 -0.066318 0.050154 -0.022093
 0.013626 0.014167 0.040213 -0.006883 -0.058747 -0.091745 -0.062424 -0.048188 -0.089072 0.041396 0.097149 -0.099289 0.027504 0.015233 0.007153 -0.055599 0.088843 0.035802 -0.049967 0.052473 -0.087499 0.079414 0.073165 0.061854 -0.005756 -0.039813 -0.071326 -0.077092 -0.022487 0.047148 -0.084612 0.061758
 -0.055862 -0.099582 -0.035882 -0.039867 -0.089380 -0.089547 -0.017691 -0.029178 0.083609 -0.085670 0.024226 0.063822 0.070398 -0.051261 0.096375 0.057380 -0.041419 -0.029197 0.066495 0.086115 0.017429 0.001319 -0.085796 -0.081283 0.080960 0.091194 -0.062050 0.048096 0.063711 -0.062745 0.016166 0.033903
 0.023155 0.090677 -0.082025 -0.076090 -0.052663 0.019056 0.008555 0.016533 -0.099922 0.091091 -0.073664 -0.083270 -0.019003 -0.052874 0.022945 0.006410 0.006221 -0.087254 -0.016896 0.007114 -0.065650 -0.085507 0.078814 0.031169 0.001768 0.061657 0.007001 0.006557 0.007107 0.086711 -0.010797 -0.020950
 -0.095818 -0.039702 -0.006099 -0.064157 0.080897 0.057436 0.040723 0.098038 -0.008025 0.020803 -0.094026 -0.091885 -0.082476 -0.000950 -0.013060 0.096689 -0.036143 -0.083892 0.084329 0.052695 -0.071348 -0.066438 -0.063962 0.013527 0.008393 -0.010482 -0.011334 0.050405 -0.089968 0.009875 0.027002 0.038463
 -0.054373 -0.025612 0.035986 -0.027281 -0.097147 -0.051615 -0.048256 -0.058178 0.070811 0.075188 -0.022333 -0.012214 -0.059110 0.082007 0.002941 -0.000928 0.026556 -0.077149 0.067682 -0.060837 0.086787 -0.000866 -0.086904 0.069617 -0.003312 -0.088877 0.056916 -0.002684 -0.038907 0.065436 0.027052 0.083462
 -0.011705 -0.008145 -0.002715 0.068450 0.096612 0.016716 0.010433 -0.036653 0.016527 0.048043 0.014539 -0.065040 -0.076597 -0.005395 -0.079814 -0.043857 0.058965 -0.048278 0.072462 -0.006633 -0.080336 0.070127 -0.060096 0.079871 -0.048573 -0.085551 -0.005554 0.011860 0.029709 0.097086 -0.047664 0.076514
 0.098816 0.007872 0.045256 0.078759 -0.035827 -0.001120 -0.002100 0.025945 0.080098 -0.091751 0.039978 0.000144 0.052694 -0.034668 0.061805 0.080564 0.033206 0.062603 0.083851 -0.077617 -0.085039 -0.042011 0.099403 0.040978 -0.041738 -0.067350 0.028219 -0.008790 0.099758 -0.070067 -0.020356 0.094278
 -0.003733 -0.086084 0.043264 0.081482 -0.035225 0.013616 0.045350 0.016702 -0.064636 0.025805 -0.053302 0.021354 0.051259 0.069808 0.026265 -0.050446 0.017392 -0.029807 0.047172 0.051829 -0.046845 -0.058390 -0.079451 0.056330 0.064467 -0.098560 -0.023232 -0.052628 0.001517 0.060705 -0.022512 0.030137
 0.026688 -0.029223 -0.043298 0.047287 0.047864 -0.086160 -0.035346 -0.035120 0.074835 -0.025252 0.043961 -0.018815 -0.029289 -0.009445 0.087204 -0.034994 0.073699 -0.005645 -0.029933 -0.024149 -0.050212 -0.051722 -0.035152 -0.065555 -0.051064 0.033366 0.016172 -0.089710 -0.076941 -0.081765 0.074580 0.090414
 0.065418 0.081422 0.053719 0.062488 -0.053230 0.006477 -0.098780 0.091627 0.090234 0.095255 -0.039219 -0.083148 0.036500 -0.088955 -0.004952 -0.083613 0.006281 -0.048207 -0.072075 0.001698 -0.099793 -0.083367 -0.024818 -0.087018 -0.058203 -0.082864 0.056438 -0.029830 0.084848 -0.003488 0.023150 0.067682
 0.083080 -0.009889 -0.056224 0.070118 0.022744 -0.055437 0.010262 -0.052147 -0.080262 0.097454 0.028863 0.059242 -0.009024 -0.008548 0.040218 0.055216 -0.001914 0.051575 -0.083735 0.063373 0.044687 0.064057 -0.014382 -0.071416 -0.098733 0.063054 0.059274 -0.038800 0.084427 0.010705 0.096398 0.083591
 0.070359 0.016078 0.054216 0.070909 -0.022549 -0.031324 0.046290 0.067650 -0.045126 0.047525 -0.068368 -0.042570 -0.094014 0.068189 0.084222 0.009302 -0.003358 -0.052798 -0.043238 -0.022829 0.089567 0.086319 0.026720 -0.079056 -0.033725 0.083188 0.091305 0.090134 -0.017379 -0.069171 0.070198 0.073091
 -0.031214 -0.093167 -0.017382 0.069754 0.051187 0.017153 -0.003761 0.078891 0.030451 -0.079711 0.045182 -0.049707 -0.066758 -0.019010 0.076738 0.015203 0.051706 0.040215 -0.031050 0.080343 -0.057488 -0.080968 0.023161 0.071420 -0.019564 -0.035336 -0.063416 -0.045542 -0.059764 -0.080405 -0.074946 -0.066714
 -0.002432 0.080961 -0.010769 0.003640 -0.036953 -0.075857 0.028010 0.019200 0.090709 -0.075480 0.058554 0.032176 0.061566 0.074593 0.084969 0.043964 0.087235 0.082042 -0.098446 0.035024 0.091487 -0.071072 0.020100 -0.002763 -0.008752 -0.077915 -0.053797 0.080449 0.082646 -0.015763 -0.083337 0.097698
 0.023934 0.057035 -0.001501 -0.036402 0.063767 0.032539 -0.078708 0.053067 0.094793 0.082338 0.042713 0.059430 0.094478 -0.095983 0.071915 -0.064593 0.048641 -0.034506 -0.010625 0.040041 -0.092499 -0.009532 0.044476 0.022131 0.090326 -0.012812 -0.015204 0.087787 -0.080665 -0.031859 -0.008656 0.091606
 -0.000652 0.039436 -0.037504 -0.098375 -0.020314 -0.028449 -0.045357 -0.004392 -0.061119 -0.020846 0.079668 0.083664 0.059590 -0.097707 0.077528 -0.063046 0.070912 0.037323 0.086652 -0.024804 -0.011278 -0.025868 0.011686 0.070435 0.066010 0.091224 0.091610 -0.069077 0.016414 -0.076825 -0.090809 0.085007
 -0.016620 0.070576 -0.049643 -0.030198 -0.043118 0.042727 0.075846 -0.069521 0.090557 0.030980 0.022744 0.064357 -0.056879 0.039298 0.044524 0.080822 -0.096066 -0.037525 0.097807 0.061519 0.054890 0.043418 0.064605 -0.031046 0.040199 0.079573 -0.078226 0.068341 -0.033569 0.027548 -0.072698 0.067170
 0.071362 0.029882 0.031947 0.092144 0.004862 0.063931 -0.091617 -0.038522 -0.042049 0.065178 -0.052189 -0.004445 -0.095654 -0.096580 0.044977 -0.081644 0.078570 0.041968 0.046157 0.069911 0.004923 -0.070653 -0.076936 0.033742 -0.081142 -0.033664 -0.029431 0.094734 0.061795 -0.044943 -0.087621 0.036445
 0.087993 0.060962 -0.086009 0.056778 0.043074 -0.021815 -0.003478 0.015485 -0.086635 -0.065065 0.018541 0.030851 -0.081283 -0.079369 0.073082 0.006313 -0.048775 0.021580 0.072756 0.034690 -0.042719 -0.080983 0.028007 0.098292 0.026670 -0.079769 0.038168 0.034063 -0.073850 0.026033 0.096570 -0.077881
 0.010076 -0.077604 -0.007320 0.000511 -0.016423 0.092216 -0.028462 -0.087889 0.078480 0.074285 -0.059170 0.022959 0.031467 0.047998 -0.044954 0.072654 -0.006667 0.007165 -0.043542 -0.037645 0.054134 -0.020861 0.043226 -0.066837 -0.042787 -0.008868 -0.023594 -0.036889 -0.030115 0.024879 -0.020514 0.025181
 -0.085486 -0.022488 0.095170 0.056588 -0.026185 0.004319 0.023637 -0.065289 0.055401 0.068344 0.079413 0.042304 -0.096204 0.046645 0.054341 -0.029414 0.091927 0.010427 -0.083808 0.059118 0.065940 -0.042443 -0.079340 -0.047220 0.007821 0.091216 0.089838 -0.066367 0.092191 -0.090965 -0.048113 -0.092468
 0.016616 -0.085783 0.089283 -0.025263 0.058841 0.098411 -0.062656 0.070231 0.044936 -0.089264 0.062096 0.029897 -0.079063 -0.035648 0.014789 0.005866 -0.091934 -0.000122 -0.050262 -0.065253 -0.079653 -0.076159 -0.035844 -0.029015 -0.096867 -0.008000 0.087998 -0.076136 -0.047301 -0.047725 0.085653 0.033165
 0.015980 -0.047384 0.064375 -0.004167 0.073232 0.048172 -0.077760 -0.069596 0.003285 -0.064653 0.001422 -0.003239 -0.032595 0.010698 -0.024530 0.032894 0.085140 0.090915 0.078813 0.061139 -0.049840 -0.033067 0.054535 -0.043540 -0.000028 -0.004820 0.054802 -0.050963 -0.010652 -0.068612 -0.015721 -0.045299
 0.014832 0.088759 0.059618 -0.077579 0.092335 -0.022869 -0.085376 -0.026967 -0.081436 -0.090523 0.070456 -0.095485 -0.036366 0.037902 0.098666 -0.025592 -0.084626 -0.080707 -0.009890 -0.085536 -0.013437 -0.072863 -0.041327 -0.013524 -0.051152 0.038399 0.090230 -0.070353 -0.095801 0.091419 -0.044632 -0.085920
 0.080667 0.068001 0.082881 0.099402 0.060960 -0.026532 0.022270 -0.067465 -0.088991 0.028262 -0.013158 0.060954 0.036135 -0.001635 0.089518 -0.099662 0.081257 0.083048 0.010734 -0.048955 -0.043281 0.096953 -0.019430 0.067739 0.001517 0.037357 0.025403 0.043027 -0.017387 -0.013469 0.090304 0.021134
 -0.096011 -0.017318 0.058243 -0.031478 0.064352 -0.096936 0.036575 0.094658 -0.060275 0.033403 -0.079151 0.028700 -0.057183 0.071926 0.032015 0.057664 0.096196 0.007433 0.035309 0.027041 -0.045899 -0.094682 -0.082669 -0.055343 -0.072618 -0.059921 0.063685 -0.072054 0.060309 0.066607 0.036641 0.075437
 -0.041260 -0.000161 0.009585 -0.047760 0.062082 0.060728 -0.067964 0.085972 0.043385 -0.077012 -0.024412 -0.055539 0.097897 0.071303 -0.046210 -0.079117 0.014726 -0.079231 0.064667 0.071389 0.067559 0.047814 0.075548 -0.037069 -0.096655 -0.069274 -0.056503 -0.075675 0.065624 0.038587 0.035368 -0.086392
 -0.057857 0.041227 0.024337 -0.054003 -0.075118 0.016702 0.040328 0.024004 -0.066824 0.018702 -0.039564 0.059552 -0.094469 0.093224 0.052310 0.034495 -0.004354 -0.065339 0.030949 0.097457 0.092882 -0.065567 0.005900 -0.079097 -0.001621 0.036689 -0.097411 0.006189 -0.047703 0.036961 -0.027122 -0.092080
 0.097765 0.065552 0.066812 0.095622 0.036330 -0.060579 0.022027 -0.061338 -0.006108 -0.079290 0.044204 -0.045852 -0.066733 -0.043175 0.038854 0.097700 0.097637 0.084551 -0.045921 -0.065268 -0.093594 0.055234 0.083769 0.028365 -0.011404 -0.074108 -0.006131 -0.085840 -0.006016 0.066693 0.014830 0.001823
 0.009529 0.033886 -0.017480 -0.090620 -0.021687 0.083207 -0.023132 -0.049705 0.030639 -0.051759 0.012018 0.051731 -0.050208 0.031963 0.004387 0.015909 0.078607 -0.076321 0.063729 0.076207 0.085058 -0.042125 -0.060178 -0.036093 -0.091816 0.073314 0.030483 0.093509 -0.070885 -0.090771 -0.056157 -0.093942
 0.004477 -0.092647 0.013607 0.065449 0.039615 0.048123 -0.046745 -0.061569 0.049178 0.058285 0.023313 0.023610 -0.027660 0.020492 0.004227 -0.035757 -0.089260 0.014356 -0.043731 0.024272 -0.054452 0.079878 0.014471 0.085345 0.030822 0.073915 -0.095923 -0.081421 -0.023132 0.035268 0.027733 -0.096096
 0.088846 0.035981 -0.045485 0.078885 0.016826 -0.012679 0.091511 -0.061788 0.049016 0.011645 0.047934 0.085614 -0.058861 -0.023895 -0.094041 -0.057821 0.082094 0.005502 0.084899 0.051959 0.028391 -0.061079 -0.026257 -0.061024 0.061846 -0.017951 -0.047590 -0.006852 -0.031693 -0.069337 0.034595 -0.013554
 0.040482 -0.033394 0.060262 0.076591 0.004016 -0.090278 0.050389 0.022331 0.053291 0.011914 -0.052434 0.051571 -0.095200 -0.004566 0.028018 -0.097565 -0.052306 -0.088799 -0.051458 0.076351 0.076444 0.048848 0.088200 -0.092203 0.062799 0.061345 0.094603 -0.074953 -0.015932 0.017137 0.089846 -0.068426
 0.074371 0.029278 0.075335 0.081953 0.089885 0.018386 -0.051888 -0.083544 -0.002801 -0.093876 0.084996 0.017872 -0.071345 0.077980 0.094938 -0.083093 -0.005500 -0.022976 -0.079650 0.053891 -0.094277 -0.050360 0.046813 0.054024 0.089832 -0.007351 -0.036157 -0.064339 0.065571 -0.095427 0.073249 0.021269
 -0.097962 -0.048762 0.028150 -0.013267 0.092537 -0.067849 -0.018256 0.066346 0.007506 0.005084 0.071224 -0.059260 0.068087 0.052756 -0.058281 -0.082300 0.091053 0.016942 -0.022127 -0.025190 0.041990 -0.068652 0.036218 0.035435 0.015473 -0.081010 0.091800 -0.017374 -0.095065 0.021347 -0.051358 -0.050696
 0.086147 -0.098719 -0.061772 0.044245 0.014087 -0.015614 -0.091916 0.047669 -0.019875 -0.065483 0.050028 -0.044528 0.051500 -0.069008 -0.062778 -0.076629 -0.070462 0.083374 -0.088406 -0.087869 0.047270 -0.014926 0.050680 -0.071675 -0.053363 -0.029257 0.085334 -0.055596 -0.012560 -0.061506 0.056782 0.060680
 -0.000295 -0.003210 -0.044345 0.055806 0.089398 0.014445 0.091023 0.009902 0.024615 -0.039138 0.039141 -0.096555 -0.008534 0.040714 0.003538 0.044401 0.026189 -0.028984 0.007288 -0.015798 0.007743 0.098335 -0.019936 -0.009847 -0.099038 -0.017749 -0.059484 0.094743 -0.091684 0.084887 0.075993 0.042963
 -0.095572 0.011815 0.057781 0.033666 0.030743 -0.016894 -0.064212 0.039798 -0.041402 0.088937 0.087887 0.077984 -0.050921 0.051284 -0.027356 -0.065536 0.005913 -0.066467 0.089550 -0.063409 0.046925 0.009955 -0.035864 -0.073228 0.040740 -0.025781 0.010252 0.036406 0.036662 -0.052024 -0.025070 -0.016893
 0.086129 0.017072 -0.097821 0.010942 0.082286 -0.032616 0.042305 -0.074500 0.034546 -0.038691 0.097577 -0.011313 0.066530 -0.012060 -0.080451 0.061353 -0.048715 0.079646 0.098572 -0.007135 0.030173 -0.014245 -0.010064 -0.087764 -0.080877 0.015479 0.017889 -0.089161 -0.086265 -0.047002 -0.054098 0.037766
 0.081168 0.016218 0.037498 0.012591 -0.054847 0.072647 0.057450 -0.090984 -0.021175 0.076051 0.051060 -0.075303 0.095662 0.074262 -0.089546 0.050598 0.059838 -0.096694 0.032746 -0.027465 -0.079159 -0.054551 -0.060009 -0.057483 0.070982 0.011615 -0.009384 0.027450 -0.004998 -0.012040 -0.055652 0.083341
 -0.091043 0.034823 -0.085984 0.060651 -0.015839 -0.089441 -0.039175 -0.055844 0.095835 -0.062943 -0.076957 -0.001760 -0.008220 -0.064275 -0.074722 0.098687 0.057378 0.047969 -0.079075 -0.078160 0.099908 -0.045827 -0.091651 -0.077981 -0.092306 -0.003168 0.088530 0.082278 -0.046189 -0.056307 0.012603 0.093144
 -0.024844 -0.088095 0.029329 0.041291 -0.085966 -0.002182 0.056720 -0.092530 -0.030088 0.040835 0.001267 -0.011921 0.070623 0.018092 -0.072303 -0.060664 0.005693 0.055706 0.017781 -0.070262 0.026527 -0.069896 -0.036156 -0.050254 0.072185 -0.097463 0.035172 0.046390 0.096583 0.031032 0.049344 0.015509
 0.093220 0.012110 -0.051001 0.034053 -0.034812 0.013021 0.000178 -0.033423 -0.035024 -0.061485 -0.002428 0.067807 -0.088718 0.029207 0.025483 -0.099678 0.092673 -0.089435 0.016479 -0.097152 -0.075557 0.016857 -0.054693 0.047814 -0.051651 -0.057542 -0.003402 -0.010895 0.037210 -0.018812 -0.072345 -0.019364
 0.093574 0.041484 0.075603 0.058626 -0.075677 0.002429 0.081290 0.024507 -0.035156 0.003951 0.099087 0.084372 0.083617 0.083977 -0.086078 -0.045997 -0.057741 -0.073396 -0.088401 0.060582 0.016786 -0.052206 0.026019 0.034678 -0.026841 -0.035195 0.089944 -0.056140 0.004392 -0.070641 -0.026280 -0.008105
 -0.062024 -0.004348 0.086425 -0.025464 0.038159 -0.075179 0.035069 -0.071159 -0.051989 -0.005542 -0.001207 -0.067638 0.059688 0.066244 0.037011 0.092749 0.008793 -0.083258 0.039500 -0.046640 -0.073899 0.003361 0.074998 0.032588 0.058936 -0.064478 -0.092489 0.091308 -0.022497 -0.079958 -0.075258 -0.076165
 -0.015732 0.055226 -0.057955 -0.035649 0.030381 0.049623 -0.081637 0.045584 0.060647 0.092149 -0.007699 0.061956 0.079378 0.057528 0.010455 -0.044266 -0.034119 0.002383 0.050943 0.069132 0.005335 -0.036766 -0.071993 -0.045154 0.043216 0.002347 0.024575 0.070317 0.013864 -0.010956 0.060601 -0.067442
 -0.052521 0.056977 -0.006667 -0.096155 0.086726 -0.075626 0.027880 0.074514 -0.078837 0.073799 -0.018993 -0.011082 -0.073493 0.078188 -0.069422 0.020276 0.047928 -0.008779 0.025421 -0.021696 0.027426 -0.075269 0.065554 0.029311 -0.019954 -0.095749 0.079140 0.044036 -0.072508 0.038313 0.015380 0.051324
 0.030478 -0.037153 -0.013130 -0.042353 0.065957 -0.086193 0.078484 0.015260 -0.034888 -0.075940 -0.058287 0.065521 -0.075884 -0.094421 0.063120 -0.052876 0.078063 -0.050918 -0.006382 0.042242 -0.091935 -0.032546 0.056266 -0.039944 -0.011809 -0.046233 -0.003962 -0.030709 -0.035551 -0.025898 -0.072235 0.059798
 -0.068613 -0.096641 0.061059 0.009244 -0.087414 -0.001668 -0.022452 0.013198 0.028700 -0.045249 -0.063026 -0.016497 0.020822 0.014441 0.049724 -0.008299 -0.050919 0.038901 0.031670 -0.046880 -0.047645 -0.026243 0.076269 -0.097784 0.075700 -0.049448 0.037398 0.093100 0.006911 -0.083000 -0.054820 -0.019637
 -0.084926 -0.096006 -0.057469 0.034182 -0.028215 -0.045284 -0.055953 -0.065133 0.027850 0.043933 0.076210 -0.033102 0.087571 0.024977 0.038914 -0.078275 0.045105 -0.067991 -0.032061 0.020458 -0.043605 -0.020629 0.084374 0.018659 -0.000830 -0.045544 -0.015648 0.054197 -0.026468 -0.009891 0.037676 0.070578
 0.047229 0.041342 -0.037268 0.066461 -0.024745 -0.048162 0.057505 -0.077695 -0.084214 -0.087751 0.001897 0.033843 0.078778 -0.057881 -0.086237 -0.082583 -0.052848 -0.033661 0.030104 0.005210 -0.096008 0.056147 0.028723 0.044125 0.032702 0.056208 0.004136 0.063974 0.040881 0.059116 0.050582 -0.019116
 0.079513 -0.075225 0.047107 -0.091304 -0.059040 -0.023127 0.049044 0.019764 0.031352 0.078588 -0.022601 0.087094 -0.085324 0.060925 -0.011600 -0.015035 0.060491 -0.058639 0.090587 -0.006318 0.000708 -0.039090 0.012008 -0.056918 -0.069057 0.017353 0.005270 0.069432 0.022584 0.042128 -0.066043 0.099434
 -0.041514 0.052478 0.050330 -0.006788 0.078325 0.060590 -0.074103 -0.065375 0.055606 0.006375 0.076585 0.040128 -0.091803 0.043771 0.031856 0.045207 0.039626 0.010661 -0.007667 0.045312 0.069093 0.025686 0.024953 -0.094135 -0.053925 -0.040831 0.026911 -0.039552 -0.097542 0.086905 0.089931 0.007902
 -0.001228 0.043888 0.092385 -0.099344 0.044484 -0.030102 -0.027452 -0.010073 0.040506 -0.024888 -0.083499 0.041551 0.073961 0.052810 -0.005932 0.007744 0.036475 -0.050917 -0.049996 0.001830 -0.033113 -0.033428 0.087653 0.089195 0.050932 0.088491 -0.083206 0.096336 -0.052587 0.051962 -0.013303 -0.033063
 0.024986 0.045690 0.047115 0.000117 -0.051746 -0.034920 -0.041972 -0.059196 -0.091211 0.080307 -0.037117 -0.013337 -0.080301 0.073329 -0.079616 0.074653 -0.065592 0.008537 -0.060091 -0.015697 -0.053643 -0.048879 0.084813 0.056599 0.012169 -0.067448 -0.021602 -0.066068 -0.082490 0.098786 0.008674 0.094520
 0.042738 0.082107 0.052650 -0.066620 -0.022122 -0.028140 0.086129 -0.055235 -0.065199 0.025441 -0.063475 0.089409 -0.062849 -0.094536 0.059897 0.016697 -0.025530 -0.077678 0.057934 -0.001452 -0.089344 -0.055741 -0.099291 -0.015180 -0.078844 0.065114 -0.013334 0.087738 -0.028073 -0.080893 0.095212 -0.084197
 0.001089 -0.097667 -0.069020 -0.097892 0.085868 -0.086745 -0.017923 -0.046865 0.069585 0.079028 0.017630 0.033567 0.097370 -0.083297 0.019551 0.090248 0.099786 -0.041042 -0.058270 -0.074701 -0.005534 -0.048815 0.069144 -0.062857 -0.067405 -0.006444 0.051846 -0.066743 -0.092200 0.061324 0.085279 0.073347
 -0.009776 0.091690 0.072140 -0.044357 0.034779 0.050296 -0.078379 -0.099863 0.026039 -0.043174 0.043320 -0.022164 -0.067601 -0.070362 0.003475 -0.014762 -0.011616 0.065946 0.024811 0.019797 0.033083 -0.026531 0.071900 -0.099771 -0.073344 -0.056571 -0.011169 0.056404 0.081529 0.032753 0.016049 -0.082389
 0.088562 0.061631 0.005254 0.066448 -0.019626 -0.051454 -0.017167 0.089396 0.027373 0.013505 -0.074205 -0.092348 0.021427 0.018952 0.018919 -0.086137 -0.054236 -0.094305 0.026849 -0.014110 0.001326 0.036063 0.078218 -0.002262 -0.059053 0.056583 0.011497 -0.037336 0.081738 -0.069495 0.024334 0.021225
 -0.084393 0.089899 0.020984 0.015201 0.094335 -0.096567 0.091574 0.084598 0.065318 -0.071751 0.091343 -0.094131 0.044355 -0.089872 -0.054635 0.036898 0.066421 0.076294 0.012647 -0.058009 0.033097 -0.028783 0.082822 0.066583 0.094913 -0.041727 -0.033191 0.022382 -0.035168 0.004770 -0.035716 -0.094748
 -0.090203 0.041759 -0.038812 0.027712 -0.068205 0.025053 -0.055609 0.030987 -0.053094 -0.037101 0.020304 0.078305 -0.047169 0.049803 -0.050015 0.083735 0.069309 -0.050604 0.022613 -0.057567 0.090720 -0.052129 0.052838 0.004762 -0.083643 -0.002445 -0.086206 0.017281 -0.074382 -0.070748 0.078185 0.068393
 -0.043797 0.025936 0.067370 0.099598 -0.025432 0.010955 -0.045206 0.074631 -0.062447 -0.004814 0.070098 -0.088349 0.068926 0.056622 -0.084911 -0.054458 0.072437 0.034168 -0.073700 -0.052192 -0.045854 0.078922 -0.023527 0.034136 0.058969 0.034963 0.035012 0.095080 0.037595 -0.046483 0.082077 0.040671
 -0.047722 -0.039902 0.014675 -0.047882 -0.004467 0.009710 -0.073178 -0.044657 0.033267 -0.022039 -0.023256 -0.007607 -0.051912 0.035677 -0.032958 -0.009257 -0.075151 -0.001567 -0.023331 -0.097796 0.054925 0.076865 -0.098632 0.068991 0.046170 0.032578 0.022842 0.033182 0.089155 -0.046700 0.091891 0.019891
 0.057383 0.028169 -0.011208 0.000707 -0.048222 -0.063990 0.050615 -0.047244 0.073201 0.035848 -0.006406 0.036007 0.051800 0.045324 -0.025506 -0.087266 0.005396 -0.079794 -0.067039 0.024156 -0.045989 0.088761 0.018464 -0.034939 -0.096598 -0.093899 -0.073063 -0.095931 0.024338 -0.048195 -0.000076 -0.007065
 0.037163 0.059793 0.061935 -0.017359 -0.092985 -0.089241 0.068809 0.050212 0.060451 0.095078 0.093175 -0.029268 0.072578 0.090056 -0.009610 -0.071605 -0.018217 0.098167 -0.014564 0.023591 -0.011097 0.046642 -0.035461 0.002212 0.076519 0.069517 0.042178 0.097796 0.020729 -0.098616 -0.007638 0.037865
 -0.011722 -0.074166 -0.042139 -0.000377 0.001011 -0.038895 -0.040208 -0.004736 0.065685 0.002932 -0.084008 -0.027660 -0.087342 0.023845 0.098902 0.051887 0.093665 -0.013371 -0.002579 0.028553 -0.039878 -0.047365 0.063430 0.089268 0.060486 0.065030 0.093851 -0.087611 0.027576 -0.079054 -0.013966 -0.068029
 0.012535 0.001570 0.024213 0.090328 0.098113 0.042519 -0.099558 -0.032483 -0.081079 -0.029864 0.005312 -0.073533 0.067400 -0.030877 -0.032793 0.063356 -0.094369 0.087286 -0.088533 -0.027734 0.025198 -0.009085 -0.070095 0.047455 0.010466 -0.060330 -0.039763 -0.064924 -0.030684 -0.016560 0.028765 0.018681
 0.008337 -0.023789 -0.068931 0.028987 0.018166 0.008251 0.092273 -0.027611 -0.032258 -0.081541 -0.057195 -0.013198 0.082811 -0.090864 -0.037847 -0.006016 -0.080998 0.075764 -0.050964 0.073584 0.016754 0.094367 -0.028447 0.022715 0.058173 -0.054496 -0.033715 -0.001796 -0.096257 0.008874 -0.009559 0.009211
 0.062010 -0.030403 0.044414 -0.023869 0.029456 -0.080141 -0.092076 0.007978 0.078925 0.024684 -0.046149 0.039092 -0.097581 0.004561 0.032407 -0.084734 -0.016542 -0.029066 0.064727 0.092713 0.040201 0.089820 -0.029033 0.038018 -0.070024 0.059045 0.001485 0.079764 0.098538 0.011367 -0.010004 -0.065143
 -0.035360 0.054615 -0.089171 0.022708 -0.093344 0.097122 0.088288 -0.096985 -0.084430 0.087752 0.058252 0.005290 -0.039634 -0.065991 0.073226 -0.081605 0.075286 -0.079659 -0.090267 0.066944 -0.079538 0.013622 0.051930 -0.042666 -0.016938 0.036383 0.032272 -0.033602 -0.088799 -0.059812 0.052537 0.039618
 -0.018086 0.038092 -0.071957 0.066042 -0.051248 -0.032210 0.010740 0.088044 -0.056620 -0.068492 0.036978 -0.017539 -0.063943 0.020188 -0.034717 -0.093720 0.041228 0.003842 -0.043542 -0.047290 -0.009012 -0.019043 -0.016385 -0.047355 0.029362 0.039170 -0.092070 0.076583 0.035189 0.098117 0.001954 0.005992
 -0.047940 -0.056536 -0.040246 0.018887 0.093626 -0.043470 -0.007537 0.014088 0.055101 -0.001696 -0.018550 -0.032946 0.060251 -0.015205 -0.067923 -0.020877 0.086563 0.042965 0.000492 0.009843 -0.020256 -0.029674 0.072121 -0.039453 -0.081248 -0.058323 -0.034395 -0.014731 0.003668 -0.099105 0.009664 -0.073940
 -0.057288 -0.056240 -0.071563 -0.004467 0.080282 0.092371 0.074195 -0.038539 0.026538 -0.024449 -0.076244 0.053139 0.044929 -0.002368 0.000012 0.079639 -0.001704 -0.009276 0.041866 -0.081007 0.047891 0.058856 -0.051307 0.056341 0.033971 -0.032393 0.084970 -0.096966 0.053490 0.088239 0.014375 0.056837
 -0.086760 -0.096725 -0.031862 0.031254 0.098321 0.052480 0.027724 0.031428 0.064375 -0.067633 -0.019580 -0.077030 0.043922 -0.087699 -0.086049 -0.066356 -0.039945 -0.069214 -0.086392 0.010653 0.083685 0.080137 0.002178 -0.055373 0.026607 -0.079243 0.097284 -0.023364 -0.061576 0.000177 0.041893 0.069415
 -0.021253 0.092745 -0.022404 0.010644 -0.043502 0.003632 -0.070796 0.056328 0.028224 0.059204 0.072260 0.085041 -0.073486 -0.073022 -0.022183 -0.016874 0.094116 -0.041141 0.022506 -0.050419 0.063143 0.069458 -0.055147 -0.070515 -0.073491 -0.028697 -0.077729 0.064277 0.063678 -0.092705 0.026586 0.076662
 0.035306 -0.053656 0.028603 0.032801 0.048720 0.001625 -0.019493 0.016139 -0.035958 0.080662 -0.021985 -0.021601 0.021248 0.044040 0.080790 0.019908 0.053407 0.094045 0.013285 -0.098103 0.019314 -0.063659 0.010655 0.066928 -0.086609 -0.067963 -0.030851 -0.066608 0.014461 -0.024717 0.000075 0.023396
 0.063432 -0.071993 0.061778 0.011582 0.055852 -0.074728 -0.012589 -0.060225 -0.024017 -0.017511 0.029771 0.056896 0.059056 -0.011091 0.087113 -0.090372 -0.025254 0.011880 0.028297 0.010398 0.050968 -0.067273 0.011418 0.019713 -0.060606 -0.059664 -0.083381 -0.007571 0.053942 -0.034939 0.028403 0.029194
 0.019544 0.017505 -0.074556 0.010762 0.002799 0.082211 0.007584 -0.081485 0.066864 -0.063612 0.030731 0.005141 0.098885 -0.006939 -0.065537 -0.062214 0.045725 -0.034876 0.098991 -0.092937 -0.080989 0.056505 0.059126 -0.091359 -0.010007 -0.059497 -0.014929 0.066772 -0.039142 0.018874 -0.043436 0.033878
 0.049983 0.032279 -0.027298 0.079302 0.036204 0.005798 -0.020012 -0.078854 0.073808 0.040433 0.079537 0.050962 0.081819 0.092142 -0.019380 0.030876 0.082339 -0.024313 0.091296 0.039994 -0.085400 -0.084507 0.046673 -0.067315 -0.062009 0.007460 -0.064118 0.079729 -0.032211 -0.009864 0.087642 -0.091747
 0.017897 0.025042 0.001663 -0.012962 -0.010222 0.039275 0.052538 0.024302 0.023010 -0.062652 0.001340 0.099933 0.094274 0.055877 -0.097603 -0.090020 0.066059 -0.055084 0.027907 -0.007198 -0.054620 0.052770 0.050075 -0.091358 -0.077534 -0.036327 -0.042457 -0.049275 0.079037 0.050462 0.065372 0.049915
 0.082025 -0.038641 -0.035663 -0.044487 -0.079364 -0.038623 -0.073400 0.023599 -0.049282 -0.079329 -0.036690 -0.020727 0.044515 0.093423 0.008525 -0.009269 -0.050463 0.028202 -0.022221 0.040363 -0.057739 -0.095026 0.070500 -0.062527 0.059117 -0.082895 -0.053338 -0.051384 0.099112 0.017305 -0.010451 -0.000923
 0.083522 0.074347 0.037848 -0.071198 -0.043355 -0.019287 -0.087349 -0.030931 0.028136 0.026645 -0.041361 -0.094330 0.009316 -0.070886 -0.013794 -0.034567 -0.099418 -0.003406 -0.086025 0.052248 -0.043346 -0.037548 0.027446 0.015732 0.067166 -0.007206 -0.028945 0.078284 0.059954 -0.016606 0.093417 -0.069155
 -0.008471 -0.029233 -0.052730 -0.066120 0.081963 0.032558 0.009791 -0.042841 -0.048664 -0.081101 0.024562 0.083428 -0.073229 -0.040800 0.012468 -0.048703 -0.083322 0.069942 0.064894 0.034252 0.078874 -0.029221 -0.027805 0.002596 -0.004800 0.060197 -0.080757 0.054508 -0.049564 0.039973 0.032845 -0.028232
 0.089004 0.022955 0.003166 0.045137 0.067789 -0.012997 -0.060414 0.060819 0.086249 -0.049814 0.086732 -0.044880 -0.074421 0.027103 -0.048347 0.047889 0.013890 -0.038489 0.084420 0.073520 0.038777 0.086834 0.008570 0.038722 0.017087 0.075634 -0.031711 0.040624 0.071938 -0.072801 0.026770 -0.082624
 0.052952 -0.073396 -0.036366 0.074625 -0.024182 0.030361 0.055878 -0.050638 0.020671 -0.079202 0.066711 -0.062823 0.078226 0.021193 0.044176 0.037373 -0.074028 0.022169 0.053871 -0.073367 0.052865 -0.092255 -0.019015 -0.028315 -0.058836 -0.019543 0.055678 -0.091474 -0.044682 -0.051453 -0.034332 -0.071619
 0.018896 -0.096438 -0.009717 -0.044643 -0.063052 -0.066396 0.055449 -0.070074 -0.095509 0.069575 0.041742 0.030795 0.049512 -0.012500 -0.009993 -0.030255 -0.061062 0.082699 0.031996 0.041170 0.056335 0.098234 -0.085248 0.082945 -0.011904 0.092868 -0.059797 0.083010 0.091521 0.032671 0.028694 0.004706
 -0.068875 0.083316 -0.024797 -0.016888 0.065071 0.041125 -0.022280 0.044497 -0.014591 -0.080737 -0.039427 -0.037543 -0.073597 -0.021506 -0.091795 0.066843 0.045758 -0.038035 -0.067620 0.040789 -0.081480 -0.065030 0.068566 0.051955 0.030284 0.010810 0.046032 -0.088314 -0.031640 0.017331 0.010385 -0.054004
 0.016934 0.055881 0.017885 0.067133 -0.069350 -0.020949 -0.036547 -0.037069 0.047024 0.089091 -0.047774 0.028612 0.033271 0.040524 0.047364 -0.095979 -0.019432 -0.002381 -0.031341 0.010894 0.050785 -0.022060 0.091479 -0.047669 -0.017258 -0.057081 0.025746 0.063516 -0.001029 -0.080668 -0.040073 -0.000515
 0.030244 -0.031484 -0.069886 -0.063035 -0.086496 0.053670 0.038120 0.095614 -0.004078 -0.008215 0.007198 0.064703 0.081588 -0.044675 0.060067 0.092835 -0.040668 -0.022732 -0.028486 -0.044396 -0.099335 0.009775 -0.099078 -0.048265 0.054606 0.017232 -0.056152 -0.068986 -0.094298 -0.066605 -0.086891 -0.019837
 -0.060031 -0.063268 -0.071578 0.083043 -0.002841 -0.038436 0.027924 -0.002517 0.082435 0.092316 0.058854 -0.073728 -0.033020 0.035538 0.020880 -0.067727 0.067475 0.030795 0.055619 -0.004891 0.004479 0.063273 0.022590 -0.037664 -0.031353 0.055542 0.077078 -0.015926 0.061458 0.020495 -0.078999 0.055350
 0.042369 0.000666 -0.034940 -0.061861 0.052617 0.039556 -0.042398 0.048122 0.079021 0.093682 -0.025895 -0.008062 0.091107 -0.029110 0.081467 -0.070825 -0.058566 -0.088399 0.058045 0.072982 0.078144 -0.053749 0.080311 -0.025482 0.018225 0.051804 -0.044855 -0.092264 0.063249 0.017569 -0.098832 -0.064893
 -0.082404 0.086016 -0.052833 -0.024433 -0.068479 -0.096028 -0.065373 0.095387 -0.023026 0.011257 0.096193 0.085946 0.039904 -0.087248 0.090770 0.025800 0.079996 0.033947 -0.082188 -0.084887 0.050982 0.023064 -0.066399 -0.050117 0.016523 0.081362 0.035876 0.098515 -0.089486 0.087088 0.053785 -0.059379
 -0.087474 0.057087 0.011824 0.039710 -0.079631 -0.052693 0.029314 -0.022191 0.083646 -0.015680 0.094674 -0.042912 -0.086738 -0.060111 -0.097399 -0.034039 0.092787 -0.095115 -0.072777 0.045955 0.097122 -0.072723 -0.073682 -0.052536 -0.063245 -0.000864 -0.042860 0.040677 -0.016190 0.099231 0.035772 -0.063513
 -0.014290 -0.072421 -0.080275 0.012522 0.093523 -0.009119 0.000610 -0.095493 0.093090 -0.091771 0.037933 -0.001216 -0.082593 0.011611 -0.012677 0.099863 0.007456 -0.001920 0.017560 0.010629 0.048545 0.058575 -0.099789 -0.067439 0.008513 0.088198 0.019166 -0.078156 0.092118 -0.041552 0.024088 0.075214
 0.032586 -0.065845 -0.074317 -0.028792 0.090111 0.078968 0.094011 -0.037683 -0.041137 0.092973 0.022480 -0.020034 -0.068582 0.018378 -0.031368 0.010741 -0.022675 -0.049938 -0.050307 -0.013442 -0.025682 -0.020262 -0.029651 0.095755 -0.079763 0.086328 0.009621 0.063059 0.031825 0.069253 0.097111 -0.001739
 0.099630 -0.033903 -0.029148 0.066283 0.085102 0.038067 -0.042858 0.089902 -0.047405 0.038539 -0.056569 -0.027738 0.020600 -0.006853 -0.057697 -0.085065 -0.047386 0.059736 -0.037981 -0.060818 0.087381 -0.011751 -0.005442 0.099813 0.095107 0.053382 -0.096467 0.004665 -0.036724 0.011180 0.039414 0.027105
 0.029246 -0.089664 0.004816 0.069410 0.080309 -0.020577 0.047430 -0.020326 -0.033088 -0.062279 -0.078632 0.085224 -0.003922 0.043186 -0.065084 0.051835 0.070354 0.080247 -0.044923 0.098001 -0.075575 -0.093576 -0.016634 -0.015379 -0.082978 0.025240 0.062622 -0.097824 -0.054193 -0.007824 0.020246 -0.021387
 -0.064301 0.019979 -0.025100 -0.020397 0.049080 -0.095822 0.004844 -0.085795 -0.080656 -0.014308 0.027828 0.032232 0.070949 0.085763 -0.064949 -0.049736 -0.065582 -0.095107 -0.049842 -0.058670 -0.023565 0.039705 0.027020 -0.061358 -0.013152 0.079320 0.028193 0.096165 -0.046787 0.064897 0.050131 -0.080511
 0.041677 0.087225 0.090819 0.061908 0.072003 -0.012173 -0.043763 0.082772 -0.021397 -0.011092 0.040560 0.002388 -0.045100 0.044414 -0.098473 0.009633 0.066348 -0.044969 0.041437 0.053099 -0.094221 -0.031060 0.063013 0.020764 -0.099823 0.032406 -0.074025 0.044631 -0.048088 0.042106 0.027748 0.059636
 -0.068681 0.028837 -0.058559 0.002060 0.095364 -0.003569 0.084655 0.089367 -0.054468 0.045800 0.077969 -0.049551 -0.005988 0.055600 -0.077506 -0.002299 0.022355 -0.007274 -0.064566 0.033515 0.057604 -0.018339 -0.072708 0.031712 0.080600 -0.028145 -0.023477 -0.037425 -0.093094 -0.079133 -0.056930 0.062605
 0.027220 -0.065523 -0.006758 0.026647 0.029889 0.042140 -0.093233 -0.016196 0.006413 -0.034287 0.044581 -0.022975 0.003660 -0.058835 -0.036219 -0.037935 -0.037201 -0.021028 0.052969 0.090188 0.058784 -0.071664 -0.063995 0.022366 -0.088749 -0.038521 -0.086074 -0.080542 -0.089521 -0.022232 -0.025672 -0.065797
 0.085057 -0.016247 0.052143 0.019955 0.061592 -0.051996 -0.067510 0.005402 -0.043853 0.076618 -0.087951 -0.013708 -0.082757 -0.011819 -0.095642 -0.091658 -0.098958 -0.038826 -0.072854 0.006754 -0.070762 0.060322 0.056452 0.060337 0.051805 0.061793 0.038114 0.063726 0.008410 0.056667 -0.062541 0.022423
 -0.090667 0.092642 -0.063004 -0.088875 -0.087145 -0.010981 0.087258 -0.041391 0.076785 -0.032706 -0.032507 -0.072944 0.071553 0.095449 0.016276 0.080944 -0.058260 0.043573 -0.011644 -0.068586 0.016717 0.049363 0.018175 0.047315 0.032857 -0.030329 0.029518 -0.078968 -0.039356 -0.091535 0.013559 0.053053
 0.035795 0.016633 0.082170 0.028097 0.078001 0.063025 -0.055617 -0.084515 0.002240 0.093037 -0.065804 0.021365 0.049939 -0.073949 0.051331 0.022284 -0.048061 0.020202 0.073761 0.040722 0.001374 -0.029415 -0.065993 0.054345 0.044963 0.007343 0.013540 0.015640 0.090660 0.079083 0.023402 0.049658
 0.060341 0.090915 -0.090828 -0.015016 -0.082569 -0.039909 0.013085 -0.089989 -0.019689 0.079644 -0.019345 0.044861 -0.022528 -0.007025 0.068954 0.021960 -0.098006 0.064063 -0.039247 0.044520 0.038386 0.027471 0.025622 0.028830 0.068627 0.036350 0.040354 -0.098126 -0.010757 0.041657 -0.037117 -0.016156
 -0.061923 -0.038286 -0.083812 0.056303 -0.039676 0.020409 -0.077792 -0.022783 -0.084158 -0.003507 0.098117 0.069743 -0.056512 0.097839 -0.022730 0.079328 -0.040434 0.042100 0.001788 0.075427 0.086850 0.040721 -0.011777 0.059404 0.037746 0.045994 0.085083 0.085584 0.067439 -0.068947 -0.077535 0.077759
 -0.080019 0.032479 0.070540 -0.030038 0.003387 0.012816 0.075545 0.038292 0.074832 -0.023951 0.075968 -0.062168 -0.012647 -0.054285 0.015988 0.046946 -0.083034 -0.004873 0.017795 0.039670 -0.015208 0.021300 -0.013191 0.054421 0.061887 -0.034784 0.047870 -0.086921 0.009359 0.095705 -0.026126 -0.088840
 0.004838 0.086510 -0.086780 0.059174 -0.035071 0.021110 0.070940 -0.096192 0.022822 0.076884 0.038940 0.090540 -0.099602 -0.040164 0.072135 -0.070613 -0.051982 0.013727 0.074938 -0.073240 -0.000574 0.049534 0.090452 -0.033683 0.004907 -0.042588 0.025061 0.026002 0.022840 -0.048786 -0.075000 -0.044155
 0.007707 -0.005742 0.074891 -0.088361 0.092439 -0.088117 -0.016873 -0.032577 0.026005 0.061578 -0.022364 0.088571 0.046204 -0.010656 0.039383 -0.070874 0.018716 -0.030722 -0.045318 0.039319 0.002748 0.070444 0.097774 -0.077965 -0.074372 -0.050209 -0.093590 0.073525 0.074670 0.006588 -0.023214 -0.070275
 -0.025330 0.051502 0.011173 0.030875 -0.055127 -0.061632 0.078643 0.028543 0.079617 0.039416 0.002761 -0.047606 0.061548 -0.023210 -0.065035 -0.020331 -0.045440 0.037677 0.013728 0.085352 0.050874 -0.031356 0.062634 0.074920 0.047742 0.070983 0.066806 0.020086 0.085381 0.091197 -0.050323 -0.098829
 0.093093 -0.002255 -0.065777 -0.079551 0.079999 0.028342 -0.026648 -0.013145 -0.033823 0.005913 -0.018345 -0.034901 0.068145 0.001158 0.045828 -0.031726 0.049665 -0.039662 -0.096093 -0.049603 0.037225 0.090666 -0.025201 -0.017299 0.094160 -0.036703 0.031224 -0.054754 -0.037891 -0.047002 0.049076 0.061900
 0.086027 0.056204 0.064708 -0.043216 -0.051031 0.068300 -0.071410 0.012473 -0.033252 -0.080028 -0.031966 -0.055924 -0.050669 -0.065301 -0.087572 -0.001103 0.070688 -0.094272 0.088383 -0.050695 -0.058728 -0.033763 0.067637 -0.069799 -0.027939 -0.098858 0.019075 0.051153 0.046281 -0.021161 0.071234 -0.008911
 -0.022481 0.056979 -0.059684 -0.043484 -0.080054 -0.054612 -0.009693 0.018970 0.008242 0.046715 0.074446 0.047696 -0.006359 -0.027474 0.003532 0.042865 -0.051176 0.093594 -0.057102 -0.070871 -0.033071 -0.006877 0.044989 -0.051145 -0.084408 -0.059358 0.046392 -0.087233 0.005816 0.013264 -0.001336 -0.098778
 -0.046517 -0.018826 0.012955 -0.082627 -0.077979 0.006796 0.015222 0.051302 -0.041741 0.011802 0.043366 0.008565 0.041026 0.089067 0.077140 0.003321 0.053815 0.087510 -0.022631 0.034566 -0.027543 0.041979 -0.073315 -0.019767 -0.036132 0.044820 0.071692 -0.035650 0.091233 -0.023805 -0.002597 0.098010
 -0.009972 -0.018787 -0.032308 -0.048903 -0.074471 -0.070470 -0.014839 -0.057628 -0.097203 0.039580 -0.077559 -0.011821 -0.061192 0.088185 0.064092 0.082506 -0.005370 -0.075521 0.033358 0.097017 -0.021116 0.014618 -0.042960 -0.023654 0.088310 0.076994 -0.031378 -0.074851 -0.037626 -0.030499 0.086934 -0.037776
 0.050154 -0.090828 0.029267 0.084418 0.042633 0.059131 -0.098631 -0.005934 -0.095743 -0.028887 -0.010462 -0.029812 0.081188 0.095937 0.047422 -0.094095 -0.085696 0.040783 0.027094 0.058776 0.092480 0.029551 -0.039441 0.049192 -0.065613 0.066585 0.046078 0.069152 -0.021209 -0.034821 -0.013648 -0.040453
 0.021018 0.089068 -0.023955 0.056483 0.066446 -0.031605 0.003416 -0.089837 0.090759 -0.065433 -0.097173 0.006466 -0.035519 0.040203 0.098279 -0.071368 -0.065672 -0.045295 0.042559 -0.045778 -0.069006 0.086928 -0.051634 -0.047575 -0.048476 -0.000801 -0.001888 -0.037301 0.002961 0.054426 0.047472 0.063050
 0.013833 0.023816 0.008782 -0.044760 0.001872 0.060746 0.086303 -0.063275 0.097559 0.059294 -0.032025 0.061434 0.073442 0.072274 0.019599 0.013203 -0.084916 0.034130 0.012013 -0.051165 -0.022401 -0.062764 0.029709 0.088670 0.000593 -0.002560 0.032050 0.031959 -0.050041 -0.040469 -0.096999 -0.061948
 0.008032 -0.063352 -0.086307 0.055343 -0.013126 -0.040768 -0.052852 0.048012 -0.089045 -0.063827 0.009116 0.022843 -0.052444 -0.069541 0.096121 -0.050378 -0.044159 -0.050987 -0.072556 -0.079904 0.015620 -0.017326 -0.045618 -0.011992 -0.040187 -0.009314 -0.064945 -0.074789 0.022974 0.038346 0.099330 0.015487
 0.057350 0.098326 -0.051416 0.041477 -0.058387 0.061969 0.091007 -0.011961 -0.031093 0.081915 -0.090710 -0.070696 -0.034045 0.092742 -0.087826 0.082696 -0.077584 0.067455 0.045444 -0.072424 -0.070223 -0.006620 0.071480 0.003429 -0.069846 -0.092880 0.083903 0.021192 -0.031027 0.014330 0.028635 -0.053145
 -0.072729 0.059790 -0.084248 -0.086859 -0.030260 0.027920 -0.002284 0.057812 0.013538 -0.037771 0.083217 -0.059287 -0.054306 -0.049908 -0.064309 0.032361 0.057429 -0.099597 -0.037212 0.009042 0.018536 0.070944 0.096210 -0.057878 -0.038430 -0.029896 0.025890 0.080755 0.013677 0.063652 -0.019078 -0.087089
 0.012188 -0.073373 -0.002169 -0.021933 -0.032106 -0.012328 0.004493 0.004792 0.002038 -0.055675 -0.003613 -0.030988 0.009262 -0.024640 0.090283 -0.054792 0.061038 -0.087810 -0.040357 -0.033830 0.039286 0.064282 -0.075083 0.025860 0.037062 -0.009089 -0.008051 0.061885 -0.029355 0.059976 0.073748 -0.064691
 -0.004369 0.063135 0.043596 -0.050980 -0.060457 0.000615 -0.076939 0.060506 0.070408 0.080730 0.084675 -0.069245 0.014716 -0.027846 -0.048266 0.041245 0.016294 0.018443 -0.092113 0.070281 0.041938 0.003942 -0.014173 0.085029 0.093724 -0.076709 0.022802 0.095341 -0.092649 -0.088064 0.085019 0.083086
 -0.026659 -0.020219 -0.051510 0.035143 0.064335 -0.074724 0.008751 0.083169 0.029851 -0.067928 -0.013259 -0.075537 0.029244 0.007488 0.005838 -0.051818 0.020134 0.054880 0.022106 -0.029908 0.089956 -0.027387 -0.068836 0.060284 0.044933 0.073662 -0.022067 0.054279 0.057655 0.023419 0.083399 0.056048
 0.085166 0.094352 -0.002619 -0.002357 0.081075 0.011274 -0.070402 0.088401 -0.014357 -0.067368 -0.089770 0.088046 -0.082495 -0.061192 0.089997 0.026686 -0.044391 -0.020874 0.012520 -0.017005 -0.039672 -0.088897 -0.074163 0.008750 0.007638 0.004331 0.005269 -0.051618 -0.063414 -0.011486 -0.081154 -0.056174
 -0.023958 0.079838 0.086706 -0.023147 0.055276 -0.043256 0.030283 -0.080429 0.041318 -0.023675 0.046944 -0.075779 0.004237 -0.095828 -0.001702 0.053856 0.042499 -0.079610 0.046558 0.064672 -0.083773 -0.069428 -0.032424 0.079897 0.035584 0.036393 -0.057793 0.021120 0.030118 -0.007168 -0.036059 0.034874
 -0.079256 0.053111 -0.056516 0.012809 0.076000 0.047292 -0.049799 -0.010139 -0.028536 -0.016066 0.020495 -0.025343 -0.044460 0.048749 -0.012170 0.006082 -0.082439 0.086893 0.068534 -0.087641 -0.072319 -0.068714 -0.002934 -0.013755 0.000839 0.083614 -0.087573 -0.077660 0.055322 -0.065910 -0.039239 -0.096122
 -0.085438 0.034899 0.091766 0.031854 -0.070382 -0.074573 0.051844 -0.044444 -0.063234 -0.087789 0.046266 0.032553 0.034433 0.094531 0.068662 -0.077475 -0.068764 -0.017155 -0.029943 0.062553 0.051604 -0.060994 0.045741 0.064890 0.056632 -0.010634 -0.012656 -0.077714 -0.033372 0.056319 0.011134 0.010088
 -0.079620 -0.029917 0.082132 0.088644 -0.030666 -0.045103 0.089465 0.078559 -0.051609 0.021810 0.061939 0.038622 -0.016245 0.038505 0.065597 -0.059052 0.051262 0.050601 -0.069170 -0.092933 0.094444 -0.018324 -0.038489 0.057526 -0.025545 -0.004728 -0.083680 0.050235 -0.074797 0.015573 0.098281 0.013255
 -0.079414 0.011250 0.007471 0.097640 0.066208 0.080153 0.055515 -0.074807 -0.026076 0.093805 -0.062359 0.053702 -0.030537 -0.012322 0.005609 0.074980 -0.018275 0.070505 0.043135 0.006532 -0.089526 0.079890 -0.062857 0.006069 0.088867 0.085577 0.034258 -0.042818 -0.065462 -0.056985 -0.033847 0.001232
 0.047294 -0.063128 0.017518 0.020711 0.069257 0.093748 -0.066219 -0.074175 0.043078 -0.095485 0.034275 0.024139 0.046020 -0.065764 0.072116 -0.011711 0.086878 0.071048 0.069602 -0.021614 0.093560 0.011039 0.026748 -0.003769 0.051253 0.016592 0.021199 0.051715 0.061854 0.058151 0.068621 0.014554
 -0.020389 -0.035466 0.054503 -0.036682 -0.076117 0.075156 0.064349 0.000126 -0.075309 0.078468 -0.022055 -0.000061 -0.002235 0.002823 0.091638 -0.024285 0.047583 -0.015451 0.012086 0.056413 -0.087406 -0.004345 0.016204 -0.093677 0.025908 -0.032895 0.075343 -0.076514 -0.018817 0.025713 0.076432 -0.005970
 0.052801 -0.071652 -0.024242 0.043827 -0.060159 0.038013 0.056969 -0.052609 -0.020699 -0.012193 0.099449 0.007834 0.033442 -0.017354 0.008761 -0.048776 -0.065012 0.044288 -0.026343 0.032869 0.014995 0.057770 0.030491 0.022168 0.034847 0.051342 0.031263 0.091788 0.061452 0.081256 -0.015514 0.021994
 0.046963 0.000611 -0.043203 0.010028 -0.068014 0.039272 0.084600 -0.013826 0.061847 0.072995 -0.077484 0.037124 -0.035995 0.017797 0.084087 -0.061295 0.087066 -0.057153 0.071766 -0.023141 -0.077794 0.037546 0.005344 -0.057679 -0.070071 0.005303 0.058398 0.010241 0.044369 -0.018125 0.007893 -0.059327
 -0.094988 -0.091573 0.081161 -0.053970 -0.056506 0.070707 0.099243 0.039846 0.087860 -0.042439 0.072542 -0.027752 -0.086980 -0.020609 -0.062543 -0.062938 -0.044630 -0.050914 -0.072411 0.034013 -0.009083 -0.029785 -0.001638 -0.088431 -0.095795 -0.080134 -0.073261 -0.022383 0.064611 0.051032 -0.092934 -0.063572
 0.098222 0.000803 0.041765 0.027757 -0.051184 -0.064997 -0.067590 0.093136 -0.043670 -0.082073 0.070089 0.019962 0.064872 -0.007594 -0.063077 -0.063493 -0.048632 -0.023098 -0.048320 -0.082903 0.075376 0.012061 0.028203 0.046693 0.099163 0.044763 -0.027424 -0.071241 0.011128 0.046824 -0.079796 -0.090070
 0.017608 -0.034383 0.050222 -0.007141 0.073238 -0.022589 0.003324 0.022775 -0.058614 0.001520 -0.025756 -0.064373 0.034188 -0.067699 0.089224 0.086255 0.020716 0.080154 0.022929 0.028192 0.060431 -0.065971 0.015758 -0.059819 -0.011254 0.062804 -0.001583 -0.085667 -0.076010 0.032928 0.019808 -0.023041
 0.085371 -0.055187 -0.073617 -0.060791 0.046310 0.000880 0.016473 0.067825 -0.036198 -0.096264 0.039372 0.056593 -0.073622 0.058519 -0.085027 -0.057573 0.083733 0.037971 -0.019549 -0.066180 0.007393 0.009543 0.092563 -0.059774 0.020365 -0.070775 0.061373 0.055385 0.026085 -0.039920 -0.024844 0.008973
 -0.017251 -0.092183 0.057221 -0.063131 -0.021191 -0.020763 0.008030 0.015655 0.054737 -0.014281 -0.026595 0.069205 0.095106 -0.064554 0.016763 -0.080770 0.022219 -0.014884 -0.067640 0.068216 0.030303 -0.023384 -0.080527 -0.018458 0.087511 -0.060125 0.087717 0.031709 0.043423 -0.066594 -0.093415 -0.068026
 0.071434 0.038274 0.006258 0.087215 -0.028676 0.054099 -0.065186 0.094655 -0.066890 0.086870 -0.003473 -0.031196 0.029244 -0.082970 0.039198 0.050059 -0.074220 0.000222 0.050216 0.071249 0.094523 0.000245 -0.085939 -0.046959 -0.035096 -0.074571 -0.061527 -0.080435 0.034172 0.072044 -0.078894 0.024585
 -0.069903 0.047448 0.023789 0.011902 0.093859 -0.050767 0.094590 0.002319 -0.083003 -0.093680 0.045457 0.084561 0.062296 -0.058743 -0.049985 -0.019686 0.025808 -0.057433 0.057133 -0.051553 0.021841 0.073514 -0.008732 0.068365 -0.036839 -0.094106 -0.042646 0.063286 0.003729 -0.038201 0.038351 0.057362
 -0.013872 -0.068366 0.072116 -0.000872 0.020397 -0.048730 0.006829 0.065709 0.057618 -0.036212 0.012593 0.090448 0.056385 -0.078302 -0.062593 0.078582 -0.033482 0.063684 -0.003080 0.029626 0.057417 0.053885 -0.006990 0.003062 -0.073255 0.087926 0.003510 -0.067162 0.014971 -0.031699 0.088702 -0.053262
 -0.000393 -0.052476 0.035753 0.070993 -0.065677 -0.057614 -0.076707 0.058777 0.070386 -0.028699 0.043153 0.050831 0.074443 0.055415 -0.017032 0.026961 -0.004288 -0.097267 0.007882 -0.029292 -0.091053 0.033464 0.052571 -0.041642 -0.035503 0.031151 -0.021719 -0.094238 -0.024963 0.047706 -0.044578 -0.092339
 0.047176 -0.026939 -0.027224 -0.056794 0.081524 -0.004745 -0.003789 -0.087694 0.077978 -0.035832 -0.014001 0.071964 0.008413 -0.087205 0.014070 -0.027406 0.096762 -0.098756 0.040257 0.093132 0.098162 -0.059103 -0.054076 -0.000740 0.057747 -0.027103 -0.024899 0.095638 0.099733 0.025639 0.070761 -0.041747
 -0.023019 0.007848 -0.061102 0.058141 0.087361 0.097860 -0.037266 -0.032885 -0.011184 -0.015404 -0.049413 -0.095031 -0.065157 0.082046 0.015472 -0.082094 -0.074452 -0.012795 0.075455 0.073350 0.038493 -0.031524 0.052753 0.016756 -0.023600 -0.008194 -0.037636 0.000718 0.044652 0.082487 -0.036586 0.093600
 -0.002298 0.055902 0.029625 -0.033580 0.070678 0.093833 0.054884 0.072549 -0.094735 -0.096423 0.057140 0.010687 -0.002082 -0.053281 0.077786 -0.015935 0.066602 0.059678 -0.084198 0.050492 0.072217 -0.057995 -0.082202 0.015340 -0.042428 -0.024806 0.043791 0.053979 0.044049 -0.022697 0.012269 0.026805
 0.073159 -0.098488 -0.065465 0.046959 0.099694 -0.052161 0.042496 -0.049365 0.041513 -0.037847 -0.086235 0.091811 0.050735 0.056722 -0.043074 0.037990 0.057253 -0.042138 0.058477 -0.039336 0.086016 -0.021591 0.091701 -0.028201 -0.074072 0.023493 -0.058116 0.059599 0.046318 -0.034124 0.022859 0.073114
 -0.085163 0.027115 0.046703 -0.031479 0.042627 0.015908 -0.058271 0.005589 0.071090 0.070608 -0.077936 -0.081858 0.071864 0.066364 -0.096091 -0.035023 -0.039691 -0.093261 0.020186 -0.070320 0.057788 -0.090882 -0.073100 0.008814 -0.026705 0.078116 -0.090548 -0.082254 0.012593 -0.054186 -0.000653 -0.098329
 0.060057 -0.021227 0.053785 0.048495 -0.005577 0.043436 0.059864 -0.021084 -0.033247 0.080015 0.038605 0.017730 -0.068971 0.012383 0.026011 0.076223 0.037886 -0.088900 0.052369 0.068511 -0.006395 0.061495 -0.040752 -0.079456 0.013616 -0.013741 -0.018890 -0.087485 0.023469 -0.099044 -0.046210 -0.076588
 -0.015170 0.007622 0.076110 0.068572 -0.074747 -0.001925 0.075229 0.076700 0.084647 -0.032255 0.002645 -0.025558 0.027730 0.066326 0.050649 0.000320 0.072006 0.036173 -0.026524 0.053262 -0.036299 0.003569 0.099099 0.027091 -0.046286 -0.040328 -0.057807 0.082987 -0.089111 -0.061544 -0.005506 0.070659
 -0.088794 -0.079360 0.044859 -0.099613 0.015990 0.094399 -0.059565 0.044439 -0.026186 -0.013858 0.076781 -0.089182 0.052079 -0.073146 0.032735 -0.023354 0.082343 -0.065651 0.058242 0.098165 0.040271 -0.087957 -0.061757 -0.014524 0.099615 0.071761 -0.020305 -0.003451 -0.088308 -0.052995 0.016643 0.081061
 0.088236 0.096294 0.058653 0.022380 -0.010818 0.058644 0.080666 0.000895 0.074939 0.023626 -0.027250 -0.035396 0.027015 -0.040129 0.070023 -0.098796 -0.002977 0.066131 -0.044699 0.060636 0.057960 -0.033269 0.013926 0.089624 0.096400 -0.039398 -0.017281 0.036114 -0.042959 0.033193 -0.073522 -0.057729
 0.087478 -0.097882 -0.076593 -0.041535 0.051420 -0.032620 -0.092015 -0.043820 -0.098398 0.059022 -0.079103 0.005254 0.001411 -0.058452 -0.099633 0.082513 0.098543 -0.064436 0.034339 -0.046214 0.041252 -0.013864 -0.027028 -0.053587 0.007115 -0.052865 -0.096902 -0.008757 -0.032427 -0.013468 -0.099715 0.083549
 -0.028392 -0.045407 0.001020 0.051125 -0.005839 0.091875 -0.064935 0.056003 -0.075131 -0.006162 -0.089049 0.079944 -0.084057 -0.098900 0.077074 0.099006 0.089028 0.092325 -0.052541 -0.031477 -0.006854 -0.065320 -0.027865 0.099503 -0.065530 0.025284 -0.081850 0.084709 0.022278 0.042060 -0.029693 0.065320
 0.098570 -0.062709 0.010288 0.074709 0.080835 0.095655 -0.017267 -0.025701 -0.084385 0.065104 -0.028488 0.059333 -0.014879 0.021449 -0.024948 0.045935 -0.089439 -0.005718 0.077769 -0.008519 -0.008121 -0.016044 -0.013851 -0.026178 -0.004747 -0.013975 0.063126 -0.090805 -0.088563 -0.096764 -0.082294 -0.011324
 -0.014778 0.067928 -0.060000 -0.086100 0.050825 0.033792 -0.089179 -0.033018 -0.065534 0.086455 0.086787 -0.072975 -0.021559 -0.071250 0.033301 0.090707 0.033807 -0.048930 0.001771 -0.060823 -0.019770 0.005822 0.012700 -0.038301 -0.045980 0.087828 -0.056031 0.024272 -0.076344 -0.043953 0.071810 -0.085820
 0.020776 0.012476 0.096271 -0.030149 0.001755 -0.053922 -0.015963 0.098987 -0.003521 0.058771 0.033403 0.033021 -0.003565 0.047076 0.033312 -0.099031 -0.081015 -0.027375 0.087888 0.032190 -0.001507 -0.002633 -0.031100 -0.029912 0.080025 0.090338 0.077974 0.041145 -0.093986 -0.093151 0.045311 0.078146
 -0.026808 0.075964 0.039684 0.028532 0.008662 -0.083558 -0.020369 0.023873 -0.038662 0.047680 -0.069378 0.030565 -0.082844 -0.048759 0.082507 -0.011268 -0.064177 -0.089421 -0.030000 -0.004670 0.056736 -0.034477 -0.030938 0.017611 0.094095 0.003481 -0.062260 0.067086 -0.019312 -0.025620 0.007462 -0.098036
 -0.014252 -0.064843 0.013187 -0.095387 -0.033034 0.054144 -0.025143 -0.009995 -0.024502 0.075939 -0.010379 0.070383 0.054229 -0.076455 -0.078289 0.024096 -0.010524 -0.026183 0.098851 0.027965 0.099668 0.042017 0.031194 -0.070682 -0.030864 -0.077996 0.045540 -0.051498 -0.041534 0.017297 0.077002 -0.064635
 0.031264 -0.048756 -0.072216 -0.019390 -0.020383 -0.003847 -0.076970 0.089660 -0.052339 0.087807 0.054443 0.090272 0.023406 -0.015912 0.072845 -0.057201 0.068539 0.003462 0.018371 0.003209 -0.018881 -0.098370 0.077818 0.060832 0.045720 -0.072969 0.090597 -0.075383 -0.093594 0.093933 -0.074660 0.000221
 -0.054274 -0.043638 -0.016463 -0.002111 0.072135 0.016405 0.093650 -0.085908 -0.054527 0.067513 -0.000584 -0.052248 -0.026489 0.022806 -0.029415 0.028214 0.092227 -0.057384 0.096075 0.006074 0.027188 0.002054 -0.091937 -0.073771 -0.097954 0.022203 -0.060672 0.045965 0.019325 0.025253 -0.052025 -0.030206
 0.078937 -0.041987 -0.035182 0.017810 0.002369 0.023158 0.030738 0.014363 -0.057013 -0.016087 0.012890 -0.010899 0.005456 -0.050452 0.087603 -0.053647 0.091638 0.074473 -0.031126 0.034114 -0.042037 -0.061382 -0.048721 -0.020579 0.062221 0.068073 0.032066 -0.024043 0.057137 0.038085 -0.083363 0.070346
 -0.028663 0.012069 -0.091175 -0.011098 0.074947 -0.001035 -0.075107 -0.007343 0.057858 0.095079 0.077521 -0.011151 0.025658 0.044498 -0.029368 0.012517 -0.062862 -0.035333 -0.031015 0.098050 0.092360 -0.086812 -0.053316 -0.036121 -0.069863 0.007293 0.035214 0.093779 -0.013456 -0.003165 0.069642 -0.013492
 -0.097643 -0.099288 0.047426 0.026235 -0.079177 -0.014825 0.050712 -0.065957 0.034958 -0.061788 -0.081734 0.009296 -0.014414 0.040454 0.053998 0.041987 -0.046330 0.090285 0.013961 -0.092849 -0.073626 0.041457 -0.059917 0.071021 0.044516 0.068780 0.004243 0.052352 -0.093865 0.044970 -0.007614 0.069139
 0.044088 0.010270 -0.056726 0.043781 0.072763 0.021575 0.017298 -0.056590 0.076572 0.085570 -0.060606 -0.005777 -0.073035 0.055709 0.096222 0.004170 0.014962 0.019116 0.022927 -0.020142 0.026443 0.045756 0.064738 0.069261 -0.065872 -0.059311 -0.010492 0.024307 -0.016207 -0.063360 -0.043227 -0.053132
 0.042743 -0.099884 0.044699 -0.057557 -0.040937 0.017090 -0.062065 -0.038418 -0.025460 0.089393 -0.080308 -0.081220 0.096036 -0.015219 -0.069008 0.044091 0.077216 -0.074502 -0.003103 -0.054078 0.051847 0.098327 -0.071522 0.073532 -0.091856 -0.008426 0.077435 -0.019201 0.052193 0.049550 0.028579 -0.025897
 0.083071 -0.040894 -0.018228 0.036258 0.004852 -0.072321 0.061634 -0.050274 0.082014 0.005089 -0.033014 0.082346 -0.038335 -0.077701 -0.090510 0.044549 -0.086430 0.092132 -0.053894 -0.000068 0.052750 -0.079170 -0.094547 0.002046 -0.025978 0.058839 -0.051160 -0.066693 0.068416 -0.072466 -0.041300 0.055848
 -0.089282 0.031537 0.072608 0.092503 -0.036529 -0.039742 0.053703 -0.096455 -0.093976 -0.032605 0.077688 -0.007016 -0.062945 0.006541 0.072049 0.022171 -0.031090 0.016635 0.070309 0.081802 0.031430 -0.006577 0.073201 -0.049859 0.084568 -0.076915 -0.093390 -0.091864 -0.076223 -0.066813 -0.010973 0.019985
 0.061300 0.075569 0.014177 -0.094310 0.060827 -0.079537 -0.078520 0.001631 -0.004373 -0.079976 0.053343 -0.072623 0.054178 -0.082432 0.010842 -0.093311 0.084186 -0.012487 -0.099054 0.041694 0.017468 -0.036087 0.002814 -0.045637 -0.062275 0.046968 -0.049262 -0.086516 -0.023541 -0.082541 -0.072314 0.025361
 0.054880 -0.039096 0.001988 -0.035058 0.081361 0.097148 0.021090 0.050360 -0.082649 0.020959 0.018451 0.082382 0.092128 -0.067662 -0.047828 -0.085384 0.082880 0.033198 0.000088 0.044510 -0.054338 0.005306 -0.075569 -0.082117 -0.009853 0.024567 0.036901 -0.016178 -0.079827 0.026801 -0.059662 -0.082918
 -0.051739 -0.088466 0.063765 -0.050908 0.024348 0.073421 -0.072053 -0.034637 0.099874 0.020620 -0.096203 -0.095130 0.027886 -0.077011 0.052581 0.054197 0.010564 0.070436 -0.060390 -0.056570 -0.090180 0.058943 0.026681 0.073865 -0.065885 0.024750 0.031518 0.069911 0.007913 0.036706 0.024572 0.088433
 0.036642 -0.078406 -0.014772 -0.033085 0.067558 0.067256 -0.057144 0.068835 0.076034 -0.040510 -0.050137 -0.084348 -0.073566 0.068965 0.086501 0.015466 0.075698 -0.087282 -0.058658 -0.084604 -0.077975 0.013373 -0.009112 0.025704 -0.043047 -0.030308 -0.048231 -0.037583 -0.099792 -0.031911 -0.017232 -0.004824
 0.070788 0.030968 -0.079889 0.095228 -0.093611 -0.050919 -0.008315 0.054626 0.079911 0.066998 0.083367 0.046622 0.067339 0.021352 0.030078 0.085698 0.041767 -0.026417 -0.070988 -0.040787 0.024118 -0.017872 -0.068825 -0.003826 0.067262 0.004409 -0.096041 0.032992 -0.055327 0.079929 -0.055629 -0.093415
 -0.059203 -0.097617 -0.011933 0.005727 0.099993 0.002994 -0.022069 0.026606 -0.018152 -0.096064 -0.018050 -0.023853 -0.021584 -0.098546 0.034099 0.091450 -0.038992 -0.090810 -0.072783 -0.087580 0.016791 -0.012012 -0.012050 0.030092 0.020432 0.047600 -0.012163 -0.048715 -0.073385 0.086882 0.014361 -0.041291
 -0.069313 0.038887 -0.033551 0.002602 -0.025704 0.021251 0.085104 -0.094297 -0.054200 -0.086690 0.057763 0.093388 -0.026025 -0.020806 -0.053425 -0.091833 -0.033444 0.040294 0.098855 -0.002282 -0.010750 -0.009338 0.069162 -0.063445 0.070051 0.097631 -0.012484 0.088952 -0.084428 -0.096317 -0.094636 -0.046249
 0.050299 -0.008364 0.000756 0.064956 -0.065844 -0.066071 -0.088438 0.082033 -0.072517 -0.039571 -0.096321 -0.003647 0.087841 -0.091116 0.049983 -0.011218 0.061108 -0.021079 0.095649 0.015209 0.017879 0.099064 0.003202 0.021380 -0.014800 -0.082526 0.026503 -0.015034 -0.028763 0.092165 -0.015370 -0.069777
 -0.071276 -0.072839 -0.099161 -0.080584 0.010304 -0.042105 0.019289 0.066805 0.011405 -0.062195 -0.011281 0.016807 -0.035128 0.012237 -0.053989 -0.056519 -0.006257 0.017440 -0.035316 0.033327 0.065394 -0.065200 0.043899 0.064423 0.029908 0.068599 0.005955 0.044673 -0.042897 -0.065957 -0.011264 -0.044042
 -0.095458 0.056682 -0.021938 -0.057395 -0.085257 -0.062530 0.047278 -0.028292 -0.024745 -0.022053 -0.047590 0.011331 -0.037405 -0.044898 0.032430 -0.050904 -0.083837 0.052934 0.049766 -0.037632 0.058556 0.022143 0.044254 -0.078994 0.023257 0.065929 0.039209 -0.066612 -0.008156 0.017108 0.021941 0.072002
 0.054599 0.079475 -0.042761 -0.052417 0.065556 -0.058656 0.034891 0.061501 0.054519 -0.043070 -0.063950 -0.058822 -0.095648 0.071090 -0.009642 0.087465 0.029755 -0.004578 -0.088153 -0.080481 -0.025604 0.018725 0.080116 0.081424 0.014010 0.098333 0.051053 0.031539 0.028203 -0.044637 0.065424 -0.052242
 0.057185 0.007910 0.069108 -0.069076 -0.016755 0.056717 0.042999 0.032843 -0.003707 0.003579 -0.023306 0.024698 -0.036113 -0.014602 0.074539 0.003755 -0.017283 -0.093307 -0.067888 -0.040501 -0.097070 -0.046229 0.017455 -0.001341 0.011905 0.060564 -0.060367 0.052916 0.075437 -0.036022 -0.064265 -0.038383
 0.005600 -0.052264 -0.057398 0.021518 0.078609 -0.031070 -0.046337 -0.002919 -0.076458 0.013163 -0.088882 0.070805 -0.007940 0.036854 0.095747 -0.086814 0.060036 -0.067868 -0.020302 0.009487 -0.001594 -0.013287 0.010085 -0.026575 0.071232 -0.093322 -0.022757 -0.051243 -0.079316 -0.050199 0.090015 0.092039
 0.088376 0.053576 -0.081311 -0.056710 -0.059050 -0.083211 0.082669 -0.068055 0.076616 0.010156 0.045482 -0.080349 0.031439 0.020073 -0.008926 0.022389 -0.018229 0.097997 0.080615 -0.094151 -0.042678 -0.017629 -0.017813 0.052668 0.037157 0.060981 -0.070342 0.016375 -0.099027 -0.001047 0.030395 -0.052492
 0.012683 0.070460 -0.043264 0.071934 0.062933 -0.055483 0.012627 0.073734 -0.085218 0.064657 -0.099198 -0.080279 -0.021052 -0.067493 0.029542 0.020337 0.097503 0.037580 0.096171 0.030590 -0.058150 0.079194 -0.040311 -0.024401 0.078859 -0.056048 0.042206 -0.039637 -0.089865 0.050139 0.095168 -0.011856
 0.062563 0.059344 0.038642 -0.082565 -0.027007 0.012571 -0.074676 0.040161 0.088041 -0.071145 0.033344 0.054707 0.012528 0.008998 0.068097 0.007070 -0.001646 -0.069955 0.078372 0.044314 -0.079025 0.020400 -0.056332 -0.008242 0.082627 -0.098415 -0.015551 -0.060712 -0.078127 0.038368 0.006206 -0.066041
 -0.011659 0.047894 -0.030246 0.077321 0.054114 0.038859 0.052912 -0.090126 -0.057707 0.017057 0.021924 -0.040945 0.055564 0.082151 -0.006566 0.094696 0.072305 -0.039348 0.020079 -0.091657 -0.006597 -0.097992 0.026352 -0.078810 0.072319 -0.014865 -0.001169 0.007983 -0.091590 -0.003306 -0.083639 -0.010417
 0.054920 -0.049879 -0.080169 0.019103 0.007034 -0.087172 -0.004585 0.061678 0.024410 0.036360 -0.085174 0.090472 -0.029255 -0.031411 0.035938 -0.060572 -0.005117 -0.009015 0.094679 0.001066 0.069099 -0.018924 0.032008 -0.075791 0.000206 0.018623 -0.009991 0.011739 0.036006 0.024941 -0.038367 0.099479
 -0.094529 0.084859 0.048276 -0.046788 0.023999 0.052371 0.036423 -0.093812 -0.022680 0.079154 0.080348 0.037795 0.041673 -0.071473 -0.061404 -0.053519 0.050231 -0.052341 0.015374 -0.030224 -0.032000 -0.081997 -0.048292 -0.034971 0.081331 0.016213 -0.001249 -0.098519 0.012212 -0.058413 0.038688 -0.066571
 -0.085369 0.092140 -0.042874 0.064345 0.008644 0.050161 -0.015275 -0.062559 0.004406 -0.019663 -0.079475 -0.021728 -0.057640 -0.048378 -0.092792 0.065844 -0.075098 -0.020047 -0.081635 -0.093137 -0.046656 0.090314 -0.032523 0.046884 -0.096129 0.011567 -0.019547 -0.046936 0.022945 -0.097540 -0.049984 0.070367
 -0.014211 0.069125 0.037958 -0.019358 0.003260 -0.065643 -0.090058 0.008131 0.003711 0.055027 0.094622 0.032517 0.065587 -0.094437 0.099045 -0.068528 0.052771 -0.089745 0.030936 0.007790 0.079580 -0.047258 -0.009133 0.096914 -0.056048 0.017325 -0.045312 -0.073526 -0.078766 0.044555 0.084058 -0.039485
 -0.007140 -0.005013 -0.093813 0.072227 -0.083016 -0.012880 0.047919 -0.059946 -0.009428 0.048483 -0.029298 -0.013868 0.007741 0.086583 0.038029 -0.026336 -0.052120 0.021014 -0.007301 -0.041743 -0.023459 0.083028 -0.063271 -0.005363 -0.021116 0.091028 0.084530 0.072193 -0.046722 0.096758 -0.035996 -0.056311
 0.083671 0.091621 0.066575 0.078316 0.036299 -0.018997 0.034482 0.069070 0.072864 0.031377 0.069065 0.080984 -0.003689 -0.058438 0.035442 0.071434 0.025676 0.074492 0.072804 -0.081537 -0.008455 -0.045392 -0.070315 0.043851 -0.026522 -0.014976 -0.010835 -0.050537 0.040711 -0.034367 -0.054412 -0.054500
 -0.002554 -0.081431 -0.068777 0.021462 -0.099816 -0.006540 0.023418 -0.091528 -0.000618 0.071126 0.058789 0.086225 -0.072340 0.021677 0.073177 -0.035795 -0.023580 -0.081904 -0.056154 -0.078716 -0.065311 0.053712 -0.055581 0.053620 0.002245 0.009914 0.045206 -0.028847 0.070897 -0.044198 0.092746 -0.015729
 -0.021254 -0.025082 -0.044019 0.020793 0.094839 -0.055951 -0.015317 0.064080 -0.022466 0.070486 0.037793 0.066230 0.024248 -0.086531 -0.062099 0.002553 -0.047808 0.008062 -0.008468 -0.050699 -0.032217 0.042959 0.032597 -0.049027 -0.035804 0.068145 -0.093115 0.066076 0.005577 -0.057775 0.024646 -0.052900
 -0.061425 0.097285 -0.017053 0.094386 -0.094976 0.082141 0.018214 0.002642 0.020534 -0.067496 0.014266 -0.002219 -0.021041 -0.028128 0.042727 0.011310 0.095054 -0.083880 0.040034 -0.007369 -0.054882 -0.092191 0.020270 -0.030149 -0.007345 -0.011785 -0.051192 0.039064 -0.063827 0.091930 -0.058790 -0.061349
 0.021502 -0.021348 -0.010922 -0.010420 -0.085410 -0.089142 0.029924 -0.064406 0.069446 -0.002543 0.060467 -0.028447 0.096703 -0.090879 0.069568 -0.060560 0.025322 0.093987 0.087031 0.043932 0.087962 -0.019277 0.050313 0.063003 0.096560 0.024950 -0.002763 0.022279 0.037268 -0.074840 0.038324 -0.035474
 0.068486 -0.016899 0.048164 0.086923 0.002718 0.059946 -0.088749 0.044481 -0.054735 0.029013 0.072831 0.035628 0.025211 0.018876 -0.089209 0.098631 -0.075216 -0.000402 0.061975 -0.090745 -0.000802 0.000333 -0.097671 0.033562 -0.027360 -0.016542 0.015383 -0.062924 -0.075571 0.026426 -0.086287 0.074991
 -0.004133 -0.072904 -0.047470 -0.067098 -0.012723 0.021930 0.035758 -0.031373 0.081209 0.079845 -0.003553 0.003584 0.088947 0.092874 -0.000743 0.070533 0.065739 0.056264 0.004059 0.035246 -0.028325 -0.067042 0.077363 0.062182 0.093806 -0.095638 -0.001728 -0.065257 -0.094132 0.069414 0.005936 -0.001131
 -0.011088 -0.009751 -0.063951 -0.016382 -0.038954 0.071365 -0.032389 0.055467 -0.017216 0.030024 0.050824 -0.078208 0.026199 0.002974 -0.090942 -0.069696 -0.099262 -0.082069 0.079800 0.010214 -0.046205 -0.036586 0.015482 -0.090022 -0.096417 -0.073467 0.011055 0.075024 -0.012453 -0.089962 -0.096465 0.076639
 -0.005428 -0.062574 0.002500 0.089749 0.099274 -0.002016 -0.029937 0.086406 0.081165 0.074944 -0.058141 -0.050607 0.057427 -0.081358 -0.008169 -0.003461 0.073998 0.049301 -0.036624 -0.062270 0.062074 -0.011055 0.054814 0.042971 -0.029665 -0.018381 -0.047332 -0.011421 0.056453 -0.045993 0.059062 -0.006283
 -0.042085 -0.010429 -0.079448 -0.038872 -0.084917 -0.019686 0.013590 0.085773 -0.033664 0.086024 0.062142 0.022043 -0.046126 -0.051740 0.056963 -0.055618 -0.015594 0.044358 -0.035555 0.059846 -0.056958 0.012695 -0.029515 -0.051579 -0.051352 -0.089732 0.047850 0.036763 -0.066166 0.022924 -0.092363 -0.035650
 0.000847 0.050248 -0.014729 -0.011798 0.073698 0.005672 0.031375 0.003879 0.009235 -0.004213 -0.052507 -0.014299 -0.071020 0.026799 0.056397 -0.022397 0.006992 -0.007950 -0.023646 0.024610 -0.032153 -0.063360 -0.037251 -0.016470 -0.049490 -0.077990 -0.090772 -0.090541 0.002482 0.048977 0.020888 -0.055990
 0.085726 -0.001760 -0.086260 -0.022092 0.061318 0.054707 -0.045966 0.072274 0.018743 -0.027052 0.099744 0.035000 -0.010308 0.067776 -0.040487 -0.091276 0.041695 -0.068980 -0.018898 -0.098510 -0.028182 0.069564 -0.076243 -0.050958 -0.078331 -0.000127 0.045897 -0.038097 0.068992 0.058797 0.009661 0.075207
 -0.034056 0.038837 0.035297 0.048187 -0.086101 0.063648 -0.063316 0.089556 -0.012340 0.044819 -0.008647 -0.039778 0.096913 -0.019421 -0.092903 -0.045384 0.070180 0.047388 0.072472 -0.029275 -0.047867 0.027715 -0.021442 0.032794 0.021799 0.053646 -0.067909 0.061424 0.079921 0.024540 0.074238 0.040487
 -0.074869 0.084687 -0.011763 0.017083 0.048461 -0.004072 -0.072775 0.044244 0.005766 -0.094743 -0.067219 -0.066472 0.096496 -0.098263 -0.043794 -0.033338 -0.061352 0.055767 -0.004177 -0.080268 -0.088374 -0.039754 -0.085292 -0.052000 -0.023005 0.032370 -0.013577 -0.071756 0.062967 -0.010953 0.030519 0.041246
 0.087736 0.044589 0.065926 -0.023885 0.079609 -0.059610 0.033392 -0.006055 -0.038324 0.061647 0.050197 -0.033689 -0.042172 -0.046629 0.053620 -0.096834 0.022922 -0.054643 -0.078455 0.017534 -0.022091 0.056736 -0.050936 -0.034154 -0.037281 -0.048967 -0.065129 -0.016474 -0.097632 0.064699 0.011568 0.039639
 -0.014353 -0.062538 0.032666 -0.091983 -0.096148 -0.002189 0.073983 0.074094 0.009670 0.060988 0.012252 0.097512 -0.045902 0.058146 -0.016185 -0.080318 0.026014 -0.038320 -0.098106 0.030918 0.050376 -0.098659 0.075910 0.091149 0.095806 0.004993 0.004089 0.068292 -0.026676 -0.024906 -0.082759 -0.072867
 -0.038766 -0.047380 0.095387 -0.069054 -0.009698 -0.038998 0.018677 0.034195 -0.082580 -0.057322 0.097178 -0.090639 -0.025657 -0.015621 -0.084575 0.096600 -0.063070 -0.007354 0.056289 -0.042466 -0.038789 -0.021836 -0.035543 0.022486 0.065609 0.096026 -0.084318 -0.028750 -0.003220 0.082123 0.080956 0.089246
 -0.046096 0.019908 0.032585 -0.077038 0.097088 0.047791 -0.093578 0.038701 0.068597 -0.085941 0.082154 0.073007 0.069467 0.018472 0.063814 0.010106 -0.086499 0.061949 -0.025308 -0.041749 0.005683 -0.019548 0.030132 -0.002296 0.021550 -0.016777 0.091819 0.009753 -0.060417 0.024448 0.097509 0.040748
 -0.022456 -0.037598 -0.063749 0.022387 0.094923 -0.038466 -0.017000 -0.021438 0.063991 -0.082689 -0.084006 0.084403 -0.014359 -0.058765 -0.095083 0.040363 0.059136 -0.083232 0.013277 -0.092321 -0.069110 -0.065485 -0.015292 -0.053360 0.097955 -0.026548 -0.039463 -0.040071 0.044614 -0.031706 -0.048045 -0.096394
 -0.036322 -0.003355 0.051629 -0.050164 0.069035 -0.077171 -0.073723 -0.041683 0.041265 -0.098295 0.075207 0.024766 -0.059115 -0.067126 0.012477 0.019180 0.076101 -0.041332 0.004032 0.018753 -0.035879 -0.035133 -0.082036 -0.056997 0.006632 -0.092565 0.054491 0.071070 -0.030857 -0.085649 0.098928 -0.091230
 0.050061 0.075642 -0.032218 -0.071852 -0.054401 -0.044771 0.004623 -0.007577 0.008832 0.064900 -0.061906 0.083903 -0.019686 -0.021292 0.064711 0.034267 -0.080026 0.053202 0.001354 0.017803 0.011285 -0.089464 0.028010 0.028956 -0.099128 0.050807 -0.050384 0.009879 0.046000 -0.035363 0.041555 0.019214
 -0.001837 0.066020 -0.038680 -0.090732 0.001163 0.027618 -0.096794 -0.010715 -0.063657 0.093667 -0.018342 -0.073307 0.027118 0.091644 0.080212 0.044845 0.086360 -0.043844 -0.089468 -0.034228 -0.030473 -0.034656 -0.050999 0.015986 0.058217 0.044726 -0.098953 0.047927 -0.082348 0.038731 0.084425 0.058798
 0.022330 0.005922 -0.024025 0.080423 -0.052313 0.093791 0.097910 0.098516 0.020341 0.003370 -0.078103 -0.049871 -0.073200 0.099357 0.066423 0.070765 -0.065411 0.022853 -0.007544 -0.076919 -0.071460 -0.080588 -0.076406 0.056643 -0.029229 0.041457 -0.072770 0.004839 0.044424 0.080390 -0.056853 -0.075997
 -0.091852 -0.097257 -0.034291 0.038695 0.043371 0.050993 -0.095403 0.016277 -0.087609 -0.097674 0.099882 0.011119 0.094130 0.059872 -0.095406 0.064714 0.015817 -0.099417 0.012092 0.005842 -0.052374 0.058808 -0.080640 0.065955 0.038636 0.047714 0.088078 0.034922 -0.075757 0.004399 0.036514 0.000509
 -0.084758 0.095916 -0.030911 0.004328 -0.075451 0.004308 -0.080702 0.041071 0.014060 0.038854 0.022241 0.054291 0.085102 -0.003658 -0.076604 -0.075950 0.077225 -0.006093 0.077787 0.030743 0.082473 -0.095174 -0.079838 -0.058872 -0.028322 -0.045001 -0.083717 0.072808 -0.094879 0.091419 0.074092 -0.063782
 -0.073113 -0.065855 0.029882 0.068397 -0.059140 -0.047242 0.093347 -0.096428 -0.080399 0.003954 0.035821 0.074761 0.063484 0.084405 0.042348 -0.013963 0.015425 -0.048391 0.027868 -0.015988 -0.093899 -0.024980 0.075779 -0.010473 0.048018 -0.035635 0.004255 -0.003016 -0.032790 0.081451 -0.031615 -0.088179
 -0.017017 0.000814 0.059761 -0.021813 0.061710 -0.051508 -0.055607 -0.077150 -0.034103 -0.076411 0.070804 0.047637 0.025773 -0.051563 -0.088482 0.067917 -0.008946 0.088810 -0.017026 -0.012109 -0.059865 -0.057014 -0.007924 -0.065256 0.004820 -0.031352 0.006405 -0.036941 -0.047450 0.066932 0.085265 0.023891
 0.020199 -0.096017 -0.011478 0.088547 -0.091128 0.012878 0.077859 -0.063726 -0.066224 -0.067820 -0.065630 -0.037321 -0.047932 0.041427 -0.016394 0.022002 -0.088165 0.006272 0.046744 -0.076567 0.070708 0.050539 -0.028649 -0.038571 0.041070 -0.028055 -0.071256 0.095496 0.032550 0.043696 -0.043816 -0.080905
 -0.090281 -0.022466 0.025217 0.012151 -0.079467 -0.040167 -0.004132 0.018630 -0.031798 0.035972 -0.011216 0.032273 -0.093409 -0.017159 0.044397 -0.096165 -0.013883 -0.028913 -0.069235 0.027817 0.070671 0.084242 0.068275 -0.077140 -0.081783 -0.069617 -0.014509 -0.054260 0.040491 0.038157 0.028772 -0.014598
 0.035421 -0.038670 -0.011545 0.093489 0.045102 -0.016994 -0.000633 0.031413 -0.019934 -0.083140 0.058755 -0.078330 0.058625 0.051571 -0.051715 0.037963 0.081533 -0.059021 -0.093479 -0.044236 -0.047892 0.048931 -0.071674 -0.090104 -0.094699 0.041792 0.099018 -0.048924 -0.014192 0.000490 -0.078195 -0.078369
 -0.056532 -0.096392 0.065927 0.041194 -0.098708 0.081995 -0.015209 0.025171 -0.022599 0.019671 0.007520 -0.049232 0.011718 0.078724 0.030751 -0.003414 -0.063905 -0.049068 0.098146 0.048559 0.035682 0.091294 0.054662 0.058915 -0.095344 0.013914 -0.050770 -0.068788 -0.077583 0.045039 -0.038318 0.039063
 0.048589 0.076896 0.025663 -0.076465 0.083935 0.080667 0.062992 -0.064163 -0.081746 0.083667 -0.088965 0.090121 0.091447 0.046724 -0.006534 0.006081 -0.058001 -0.095366 -0.098950 -0.035966 0.031069 0.085652 0.030703 -0.027865 -0.051570 0.086560 -0.025896 -0.080787 0.010131 -0.030993 -0.007290 0.078883
 -0.079006 0.039372 -0.091460 -0.097769 -0.006009 0.071254 0.079208 -0.012174 0.009146 -0.079386 -0.072313 0.095940 0.011219 -0.035959 0.013870 0.034665 -0.044774 0.093947 0.032389 0.065481 0.027999 -0.051772 -0.059269 -0.050896 0.033926 -0.033937 -0.058342 0.087342 -0.051494 0.046477 0.020962 0.054813
 0.070677 0.043862 0.065325 0.017939 0.039520 -0.029079 -0.007002 0.064934 -0.034573 -0.064247 -0.095352 0.069241 -0.058761 -0.051574 -0.080416 0.000016 0.066334 0.074035 -0.023229 0.031906 0.089876 -0.013421 0.055021 0.042609 0.013470 0.046180 -0.013156 -0.063366 -0.079840 -0.015657 0.046823 0.052086
 0.031681 0.023918 0.011937 0.076320 0.088346 0.027013 0.020140 -0.027830 0.030377 -0.061073 0.080307 0.031103 -0.078527 0.063828 -0.015329 -0.053630 -0.078976 -0.081684 -0.069694 -0.050263 -0.083891 0.097012 -0.078302 0.097847 0.093553 -0.037078 -0.063613 -0.090124 0.027570 0.005472 0.033831 0.057296
 0.048461 -0.073651 -0.057611 0.025963 0.041984 0.043424 -0.064939 0.028061 -0.068202 -0.073314 -0.017264 0.015055 0.004870 0.041744 -0.069375 -0.023473 -0.024809 0.042483 -0.085109 0.016148 -0.080112 -0.018653 0.054760 -0.090942 0.035309 0.011653 0.033679 -0.069179 0.022133 0.032721 0.017014 0.017626
 -0.086395 0.088682 0.020269 -0.083481 0.056888 -0.082669 -0.086359 -0.030238 0.024335 -0.034159 0.020517 0.057984 0.004551 -0.087401 -0.059142 0.002129 0.005556 -0.081859 0.058918 0.055431 -0.041767 -0.085931 0.025613 -0.096522 0.092653 -0.074327 -0.059182 -0.038637 -0.058207 0.083818 0.077320 -0.087231
 -0.040097 0.074401 -0.015561 0.087362 0.091509 0.033103 0.049295 0.058264 -0.017026 0.095939 0.049427 -0.059926 0.060362 -0.059259 0.076604 0.007196 0.093705 -0.007789 -0.027653 0.016940 -0.019176 -0.001472 0.030684 0.056378 -0.087421 -0.002891 -0.054946 0.076479 0.005799 0.034693 0.087176 0.005337
 0.008171 0.093513 0.067467 -0.091336 0.073955 -0.067368 0.048073 0.033462 -0.053033 -0.025683 -0.062381 -0.024065 -0.002200 0.083372 0.065607 0.063343 -0.079773 -0.076929 -0.074777 0.040160 -0.014870 -0.051721 0.040626 -0.019352 0.030841 -0.017856 0.038405 0.043678 0.040926 -0.075505 0.014129 -0.013060
 -0.025039 -0.043212 0.064469 -0.019754 -0.081874 0.026148 0.079903 0.053053 0.067630 -0.028363 0.055767 -0.021371 -0.037146 -0.079975 0.035379 0.081024 -0.045442 -0.040051 0.027874 -0.022953 0.053550 -0.029035 -0.072602 0.033489 -0.085862 0.031720 0.043423 0.066729 -0.025025 0.085127 0.030754 -0.036685
 0.082087 0.061620 0.000506 -0.064489 -0.090832 0.084499 0.032196 -0.095846 -0.070373 0.095772 0.033114 0.016459 0.059582 0.050362 -0.089787 0.006235 0.060432 0.014198 -0.015714 0.000870 0.091173 0.027997 -0.008935 0.035178 0.077465 0.036282 -0.097120 0.032395 0.088456 -0.037040 -0.095515 0.092801
 0.035312 0.082403 -0.066633 -0.074352 -0.000185 -0.042567 -0.038232 0.078961 0.035516 0.049221 -0.089011 0.074773 -0.037612 -0.087924 0.047116 0.086151 0.038082 -0.073178 0.017317 0.010274 0.045157 -0.018059 0.078040 -0.087060 0.090661 -0.072860 0.025891 0.077456 -0.051513 -0.023750 -0.082705 0.003079
 0.045224 0.014825 -0.030555 -0.035716 0.011532 -0.039967 0.023994 -0.022441 -0.030653 -0.099243 -0.067025 0.018978 0.012886 0.020498 -0.030439 0.042055 -0.015728 -0.097497 -0.064371 -0.091911 -0.053120 -0.041064 0.049297 -0.045860 0.075586 -0.037705 0.087501 0.040598 0.021176 0.086406 -0.030419 -0.026434
 0.087695 0.043636 0.023051 -0.035067 -0.069997 -0.048068 0.077130 0.067434 0.078904 0.052531 -0.006056 -0.085076 0.083910 -0.071666 0.092785 0.037181 -0.054336 0.060754 0.091956 0.035161 0.002762 0.001912 0.046103 -0.018813 0.053939 0.094893 -0.061224 -0.070051 0.021061 0.075789 0.094933 -0.082675
 -0.036422 -0.067004 0.042613 0.099247 0.050604 0.081634 0.012240 -0.052850 0.034755 -0.012776 0.096894 0.053921 -0.004044 0.008921 -0.080947 -0.056744 0.030494 -0.029296 -0.030144 -0.029573 0.086578 -0.078015 -0.099498 0.022581 -0.034866 -0.064054 0.025748 0.038918 0.099385 -0.010671 0.089984 0.052858
 -0.067414 0.077001 -0.034461 0.063699 0.007769 0.040407 0.069114 -0.061586 -0.075990 0.041665 -0.050347 -0.073692 -0.004249 -0.096058 -0.008804 0.049038 -0.090211 0.024316 0.091196 0.052427 -0.066641 -0.012606 -0.057668 0.042218 0.051281 -0.092941 0.028175 -0.034006 -0.026709 0.030981 -0.024983 0.028350
 -0.070321 -0.069826 -0.054107 0.088686 0.072315 -0.033097 0.099742 -0.047279 0.023090 0.020960 0.033202 0.010194 0.093144 -0.057193 -0.021011 0.035792 0.013707 -0.093833 -0.032605 0.093660 0.040193 0.073855 -0.000352 0.039477 0.097959 0.076981 0.018637 0.070808 0.096464 -0.051718 0.080376 0.069840
 0.063450 0.025147 0.015185 0.010830 0.024953 -0.049150 -0.042781 -0.014503 0.098778 0.069775 -0.034869 0.001594 0.071738 0.087631 -0.079804 0.071360 0.038577 -0.050724 0.096162 0.056929 0.012342 0.078958 -0.025083 0.024452 -0.097816 0.083701 -0.060379 -0.031851 -0.062359 0.024273 0.041947 -0.019595
 -0.026379 0.035653 0.082698 0.062260 0.089946 -0.087721 0.014366 -0.076665 -0.097941 0.058360 -0.083593 -0.088849 -0.040950 -0.001255 -0.085079 0.055119 0.045758 -0.041446 0.088643 0.095419 0.094037 -0.082462 0.050618 0.003063 -0.034578 -0.024971 0.075627 -0.026082 -0.084322 0.017465 0.010159 -0.096367
 -0.019580 -0.078444 0.010233 0.088282 0.027418 0.087683 -0.084300 -0.032888 -0.050249 -0.005563 0.089131 0.083741 0.089837 0.099816 -0.089779 -0.043586 0.033819 -0.083868 0.053482 0.052658 -0.082426 -0.081724 0.066366 -0.026865 0.041192 -0.012446 0.072449 0.097697 -0.033651 -0.024356 0.025999 -0.043901
 -0.090650 0.060034 -0.023956 -0.026367 0.093715 -0.035847 0.099010 0.003316 0.039505 0.042741 0.025184 0.019478 0.062006 0.009453 0.068980 0.055762 -0.010378 -0.053954 -0.090111 -0.049829 -0.009820 0.044807 -0.036732 -0.053968 -0.047022 0.086275 -0.065306 -0.038537 0.005270 0.002000 -0.051648 0.008978
 0.081658 0.033440 0.092777 -0.037233 -0.076053 -0.028259 -0.074378 0.032754 0.052897 0.033828 0.014466 -0.086166 0.009248 0.060235 -0.015262 -0.078631 -0.008234 -0.090783 -0.010512 -0.096505 -0.080397 -0.083881 -0.049527 -0.063003 0.025152 0.087497 -0.007054 0.016973 -0.003771 0.060111 -0.034300 0.053946
 0.047855 0.041504 0.064812 0.027812 0.071838 -0.089270 -0.031351 0.031335 -0.014098 0.074678 0.036416 0.058899 0.031471 -0.020828 -0.083235 -0.045130 0.017830 -0.077660 0.034807 -0.093765 0.040198 0.087961 0.070862 0.060508 -0.090457 -0.027150 -0.045142 0.010464 -0.090794 0.000559 0.075632 0.046632
 -0.014934 -0.043181 0.035299 0.069260 0.045040 -0.025525 -0.048863 -0.034312 0.053252 -0.068349 0.075886 0.047528 -0.096473 -0.016654 0.087671 -0.034732 0.053003 0.029871 -0.022880 -0.032342 0.029741 0.034483 -0.077596 -0.017056 0.098050 0.021851 0.069700 0.046611 0.016122 -0.037415 0.085170 -0.034607
 0.098889 0.046735 0.041897 -0.090812 -0.047395 0.010282 0.058601 0.076557 0.004654 -0.070973 -0.062964 -0.070253 0.090587 0.012688 -0.083679 -0.064054 -0.034235 0.035857 -0.032946 -0.093772 -0.008369 -0.066280 0.064440 0.099935 -0.006022 -0.036431 0.098439 0.029912 -0.094395 -0.062502 0.037946 -0.084765
 -0.073701 -0.091898 -0.002938 0.005175 0.057692 -0.048756 -0.080461 0.085825 0.007127 0.073733 0.055409 0.072410 -0.046248 0.095675 -0.018491 0.010506 -0.034228 0.019984 -0.015494 -0.007069 0.011326 -0.041200 -0.050144 -0.002978 -0.009123 -0.076213 0.058689 -0.040786 -0.031957 0.063187 0.057726 0.048979
 -0.058835 0.043483 -0.036079 0.051595 0.040730 -0.067857 -0.002849 0.068147 -0.025202 0.051639 -0.065566 -0.063067 -0.036719 -0.073438 0.041874 0.050555 0.017494 -0.003473 -0.006122 -0.050199 0.020396 0.059983 0.073713 -0.035558 -0.066049 -0.035817 0.093379 -0.002379 -0.016059 -0.044715 -0.024705 -0.077812
 0.004090 0.081179 0.042106 0.035561 0.063820 -0.076229 -0.097287 -0.034343 -0.049093 0.064823 0.028431 0.028049 0.023285 -0.076929 0.048339 0.009681 -0.029707 0.081117 0.095683 0.065765 -0.007631 -0.011004 0.075366 -0.051758 -0.047114 -0.054156 -0.007982 0.085175 0.053535 -0.089228 0.010466 0.049503
 0.073714 -0.000500 -0.051800 -0.025047 0.095097 0.002489 0.077692 0.005048 -0.011984 -0.003416 0.016708 0.079906 -0.056879 0.036722 0.036164 0.072633 -0.054204 -0.028030 -0.077978 -0.092187 0.042581 0.002677 0.051746 0.001767 0.012345 -0.091855 -0.030729 -0.026398 -0.065080 -0.070572 -0.032644 0.037405
 -0.021303 -0.080997 0.034724 -0.008592 0.074179 0.049125 -0.008697 0.085877 0.087129 0.092987 0.099375 -0.003288 0.060063 -0.036905 0.007667 -0.065014 -0.043111 -0.063120 -0.094249 0.025142 -0.039303 0.051613 0.022133 -0.087605 -0.058607 -0.074385 0.087943 -0.034629 -0.069195 0.079637 0.005752 -0.086197
 0.096993 0.027720 -0.066673 0.010195 -0.063382 -0.084623 -0.038999 -0.014364 0.002539 -0.051106 -0.071488 -0.078416 -0.063324 -0.024128 -0.026560 -0.066479 -0.080759 0.062407 -0.072528 0.012800 0.037763 -0.097342 -0.039168 0.083191 0.065522 -0.075258 0.035333 0.025188 -0.077359 0.049391 -0.013988 -0.085309
 0.092662 -0.056160 0.079702 -0.084888 0.043261 -0.038302 0.043117 -0.099093 -0.011568 -0.080375 -0.096583 0.004298 0.057784 0.089364 0.032994 0.091158 0.023482 -0.077734 -0.094338 0.077646 -0.091577 -0.032377 -0.018705 -0.042448 0.023715 0.074184 -0.054591 -0.046629 0.001944 -0.093433 0.078868 0.078788
 0.029376 0.021597 0.042394 0.026513 -0.029682 0.081391 0.064008 -0.045260 0.012436 0.093915 0.027295 -0.073504 -0.031175 -0.018716 0.064301 0.071971 -0.090335 0.053063 0.072528 0.010372 0.089374 -0.062754 0.035312 -0.059499 0.008064 -0.081578 -0.078703 0.099124 -0.036467 0.091792 0.083690 0.003351
 0.040095 0.076194 -0.064797 0.082958 0.081541 -0.055033 -0.014569 -0.004750 0.043327 0.007592 -0.092417 0.003166 0.074297 0.047161 -0.093839 0.029627 -0.017700 0.055290 0.069870 -0.088349 -0.060825 -0.038184 -0.076736 -0.025864 -0.012138 0.073038 -0.023420 0.020669 0.009741 0.066969 -0.062866 -0.013500
 -0.068185 -0.056633 -0.061119 0.056369 -0.016930 -0.010564 -0.056119 0.082506 0.038738 -0.087499 -0.046803 -0.029747 0.043319 -0.059693 0.086351 0.017448 0.067014 -0.079245 -0.008780 0.027144 -0.008124 -0.086131 0.098900 0.023901 -0.054302 0.082726 -0.058075 0.012188 0.010682 -0.084171 -0.003412 0.077196
 -0.007250 -0.042287 0.094254 -0.099285 -0.097482 -0.044111 -0.034228 0.012962 0.030246 -0.039099 0.001998 0.088716 0.016097 0.016634 0.078244 0.016827 -0.027746 -0.099787 -0.026049 0.036788 -0.052353 -0.075859 0.042371 -0.002149 -0.081765 -0.052997 -0.060329 -0.011313 -0.025637 -0.005572 0.012411 -0.025762
 -0.085586 0.037008 -0.088919 -0.097996 -0.072644 -0.032749 0.013852 0.002322 -0.089006 -0.011675 -0.054640 0.097363 -0.089797 0.016045 0.056072 -0.029041 0.081705 -0.024361 0.004213 0.045182 -0.020162 -0.081579 0.096511 -0.056412 -0.072864 0.086671 -0.065517 0.044635 0.090673 -0.012071 -0.048013 0.043156
 -0.007443 0.069352 0.057199 0.012338 -0.069231 -0.060091 0.094869 -0.073611 -0.058916 -0.032617 0.096377 -0.009800 0.069589 0.023965 0.078611 0.013145 -0.096100 0.073149 0.046655 0.083852 -0.066529 0.034285 -0.020730 -0.082377 0.057388 -0.013203 0.019848 -0.063996 0.036946 -0.095050 0.014899 0.003549
 -0.067771 -0.031320 0.037656 -0.040924 -0.056489 0.054421 0.045368 0.023725 -0.037657 -0.002282 -0.041600 -0.053832 0.084965 -0.019906 -0.001601 0.050579 0.043823 0.083072 0.076288 0.078345 -0.056871 -0.056963 0.028631 0.003808 0.088096 0.051078 0.063854 0.083146 0.043130 -0.026655 0.008009 -0.076670
 -0.025335 -0.060851 -0.042782 -0.049527 0.085161 0.027582 -0.085794 0.031366 -0.075423 0.058545 0.000683 -0.059166 -0.060655 0.039803 0.080479 -0.099230 -0.048620 -0.049621 0.094789 -0.003331 0.061886 -0.029227 0.090981 0.068554 0.067156 0.051706 0.041801 -0.098637 0.000389 -0.058177 0.011965 -0.086329
 -0.092310 -0.079525 -0.013898 -0.048031 -0.064684 -0.078773 -0.057181 -0.009265 0.078029 0.057525 0.034761 0.040956 -0.006278 -0.014433 -0.086923 -0.096697 -0.052813 -0.046051 0.045727 0.016534 0.007931 -0.063791 -0.082385 -0.087859 0.077997 0.038829 0.075367 -0.072415 -0.024967 0.086183 0.071115 0.076764
 0.013753 0.025157 0.056364 0.050367 -0.088373 0.066529 0.085348 0.079056 0.045857 0.031665 0.015608 0.016519 -0.018620 -0.098040 -0.066344 0.098528 0.097472 -0.004576 -0.004610 -0.065155 -0.088736 0.005171 -0.022403 -0.073289 0.039802 -0.065134 0.059560 0.043302 0.058216 0.029471 0.084491 -0.005224
 -0.040291 -0.084179 -0.006074 0.062273 -0.073168 0.040401 -0.053385 0.003199 -0.064133 0.017698 0.029673 0.027974 0.065689 0.040868 0.007136 0.019248 0.019284 0.001933 -0.092510 0.057902 -0.018658 0.047335 -0.019191 -0.083646 0.038158 0.021013 0.014406 0.079542 0.053899 -0.087435 0.002220 0.053732
 -0.029609 -0.078883 0.081484 0.000058 -0.030369 -0.094535 0.008578 -0.097554 0.010434 -0.026833 0.020049 0.060319 0.014429 -0.038318 0.036566 0.096030 -0.031243 0.002392 0.058076 -0.045873 -0.066917 -0.091533 0.092207 -0.057522 -0.011100 0.003851 0.026243 0.020629 -0.061910 -0.007733 -0.050197 0.040636
 -0.010853 -0.089799 0.074622 0.096061 -0.022955 0.098526 -0.049381 0.061374 0.042757 0.098302 0.062969 0.018041 0.011556 0.082819 -0.078227 0.060881 -0.004832 0.087492 -0.036335 -0.026278 0.069255 -0.065580 -0.060994 -0.075070 0.043573 -0.069431 -0.043173 0.010656 0.000080 0.028174 0.016120 0.055826
 0.067467 0.065889 0.085757 -0.003868 -0.047920 0.007775 -0.098104 0.043739 0.014766 0.008464 0.096531 0.016559 0.049036 0.079947 -0.008634 -0.088015 0.065650 -0.070562 0.020555 0.094621 -0.017093 -0.049561 -0.033571 0.078697 -0.032102 0.037526 0.018777 -0.029346 -0.029156 -0.086471 0.005094 0.070255
 0.093698 -0.006334 0.080025 0.080792 0.028524 0.091610 0.097849 0.054935 -0.088400 -0.029779 -0.007548 0.008215 0.074723 -0.068868 -0.001144 -0.031747 -0.043573 0.007721 0.007144 -0.031021 0.008396 0.002439 0.086770 0.017848 0.030779 0.056333 0.023175 -0.014290 -0.037202 -0.060559 -0.068090 -0.041305
 -0.005397 0.000376 -0.089177 0.054179 0.080252 -0.058839 0.057539 -0.001893 0.000497 0.068281 0.047984 -0.083601 0.064261 -0.026953 -0.045165 -0.068670 -0.044061 0.041737 -0.037035 0.014954 0.000574 0.003877 0.071843 -0.039896 -0.001778 0.099535 0.045663 -0.095044 -0.010203 0.024863 -0.060892 -0.072415
 0.021065 0.001186 -0.028425 0.029062 -0.062779 0.043673 -0.037407 0.002585 0.060468 0.066449 -0.060595 0.004675 -0.093613 0.023001 -0.033474 -0.048697 0.056676 -0.040973 -0.033832 0.090850 -0.042073 -0.007606 -0.094037 -0.048355 -0.001836 0.030029 0.082521 0.087963 -0.095544 -0.074098 0.090890 0.034438
 0.009431 0.014763 -0.019048 -0.013781 0.081153 -0.035544 -0.063856 0.079183 -0.021397 0.090991 -0.072070 0.061175 0.052151 0.043218 0.057737 0.078412 -0.097178 -0.061615 -0.022727 0.004354 0.051090 -0.047489 0.012812 -0.081314 -0.004523 -0.044543 0.044717 0.007636 -0.058645 -0.076243 -0.010477 -0.012998
 -0.020456 -0.096780 0.074306 0.011536 0.018197 -0.010987 0.088318 0.009473 0.009328 0.037572 -0.054714 -0.021729 0.038466 0.049938 -0.017358 0.046790 0.067587 -0.013182 -0.084039 -0.002133 -0.045775 -0.045733 0.082563 0.074608 -0.092122 -0.001894 0.010237 -0.000203 -0.051478 0.055392 -0.073463 0.030713
 -0.064366 0.047689 -0.094297 -0.033590 0.090229 -0.064960 -0.061568 -0.047668 0.054707 -0.033765 0.010579 -0.032869 0.095865 0.016835 -0.038292 -0.087140 0.098382 0.074399 -0.050474 -0.087962 0.042270 -0.091525 -0.019120 -0.058278 -0.093404 0.013212 0.016799 -0.095954 -0.062437 -0.056357 -0.038213 0.007266
 0.026574 0.022194 -0.035826 0.080595 -0.031701 0.022270 0.081850 -0.039855 -0.085315 -0.089985 -0.060159 0.006360 0.051376 -0.094765 0.030491 -0.090548 -0.097968 0.048997 -0.028374 0.041399 0.072157 -0.020148 -0.097568 -0.045224 0.054015 0.032333 0.034058 0.029219 -0.070865 -0.079728 0.023061 -0.031630
 -0.022796 -0.037112 -0.074710 -0.004577 -0.007465 -0.065654 -0.046035 0.039075 -0.073602 0.030585 0.012204 0.063770 0.011838 0.087844 -0.050302 0.008562 0.055056 -0.023039 0.025534 -0.020420 0.007093 0.069604 0.098207 -0.024669 -0.077807 0.013458 0.047398 -0.081623 -0.096582 -0.097286 0.014805 -0.018225
 -0.094774 -0.002332 -0.048006 0.087509 0.079097 -0.058166 0.081855 0.060200 0.075142 -0.090374 0.012328 0.081973 0.015004 0.041975 -0.005986 -0.052798 -0.054536 0.020925 -0.093027 0.060010 0.052751 -0.037706 0.003310 0.046532 0.001546 -0.014263 0.066309 0.006771 0.015492 0.016000 -0.064424 -0.012786
 -0.027571 0.046171 -0.051866 0.053435 -0.097324 -0.083565 0.035537 -0.074603 -0.021221 -0.096202 0.091875 -0.046292 0.027247 -0.019292 -0.025549 -0.088259 -0.020026 -0.029746 0.087616 0.045802 0.063204 0.047264 0.047347 -0.079386 0.087514 0.007705 0.070451 -0.096964 0.030333 0.034767 -0.052545 -0.013119
 -0.029187 -0.076697 -0.016226 -0.079261 -0.006451 -0.082347 0.003700 -0.047589 0.020747 -0.077292 -0.018733 0.032232 -0.062247 0.072230 0.024408 0.089283 -0.052533 0.040556 -0.038845 0.049268 -0.097290 0.045622 -0.071785 0.072349 0.059520 -0.041341 -0.095555 -0.018636 0.036827 0.096238 0.027985 -0.044629
 -0.052268 0.075667 -0.070418 -0.085387 -0.031248 -0.089023 0.015906 -0.095025 0.083327 0.002689 0.031430 -0.005472 -0.087186 -0.092432 -0.058330 -0.029497 0.079732 0.017190 0.040958 0.006374 -0.071664 -0.022123 -0.097599 -0.032696 0.014069 0.015278 -0.061280 0.007542 -0.029108 0.087878 0.084502 0.027621
 0.069032 -0.076889 -0.095601 -0.035920 0.030380 0.063392 0.049163 -0.025291 -0.087033 -0.069311 -0.059289 -0.011063 -0.097988 -0.088467 -0.014361 0.084751 -0.026161 0.087421 0.071233 -0.088400 -0.029040 -0.001857 -0.070820 -0.046466 -0.097833 0.026551 0.049275 0.095546 0.085473 -0.057483 -0.046122 0.003085
 -0.014123 -0.061707 -0.089973 0.014015 -0.056745 -0.074663 0.048419 0.090047 0.013546 -0.092808 -0.058643 0.069296 -0.026483 0.035286 -0.012763 0.091599 0.065062 -0.021524 -0.006335 -0.062968 -0.032890 -0.044860 0.045876 0.025634 0.027464 -0.044140 0.091405 0.087612 0.011456 -0.015668 -0.038780 0.032982
 -0.059628 -0.059479 -0.041865 0.091312 -0.051906 -0.095399 0.058514 0.070381 -0.049080 -0.060215 0.053702 -0.093276 0.019918 0.006191 0.095729 0.055270 -0.031703 -0.086764 0.003019 0.077480 0.099088 -0.061625 0.060828 0.002724 0.089955 -0.084933 0.084513 -0.097323 0.033722 0.045515 0.023584 -0.054394
 0.054656 0.047822 -0.041087 -0.076713 -0.041703 0.020370 0.046300 0.043159 -0.077539 -0.082309 -0.042801 -0.054143 -0.020534 -0.060348 -0.017235 0.085989 -0.096563 0.035025 0.071452 -0.040525 -0.037908 -0.075943 -0.043363 0.075179 0.008675 0.048535 -0.016507 -0.017434 -0.064544 0.035902 0.065652 0.084997
 0.072522 0.070318 0.082566 0.015149 -0.076664 0.057981 0.045389 -0.017366 -0.019079 0.022718 0.009062 -0.020958 0.017773 0.031800 0.013922 0.070768 0.088940 0.061803 0.002638 -0.044937 0.000285 -0.019826 -0.060101 0.051505 -0.030578 0.026339 0.067683 0.068314 -0.067843 0.090666 -0.030862 0.016522
 -0.008882 -0.018999 0.051341 0.043459 -0.059662 0.091877 -0.041518 -0.048786 0.025777 0.073841 -0.016537 0.030796 0.012387 0.049162 0.099332 0.074808 0.076316 0.021635 -0.067235 0.081480 0.081149 0.058935 0.077044 -0.079039 -0.039183 -0.033264 -0.071021 0.062410 0.082569 0.054811 0.064039 -0.061555
 -0.032189 0.021982 0.006755 0.012310 -0.043005 0.018211 -0.006747 0.083968 0.034490 0.007067 0.055496 0.016111 -0.092450 -0.028009 -0.093368 0.013990 0.074367 -0.016676 -0.023529 0.095372 -0.027369 -0.082486 -0.071655 0.057740 0.080474 0.073254 -0.046061 0.026866 0.001400 -0.071882 0.098581 0.074720
 0.087376 -0.006268 0.060217 0.069115 -0.061591 0.004181 -0.011639 -0.017547 0.054214 -0.083383 -0.046194 0.009802 0.099877 -0.059945 0.069786 0.015536 -0.030400 0.012796 -0.068045 0.019813 -0.032272 0.017423 0.032938 0.051193 0.044548 -0.047800 -0.000013 0.018938 -0.002005 -0.037287 0.001090 -0.085222
 -0.079901 0.006319 0.052268 -0.031258 0.067318 -0.095088 0.087225 0.031428 0.054702 0.058522 -0.037638 0.025685 -0.013396 0.008300 -0.021003 0.083945 0.023037 0.086803 0.012796 -0.033420 -0.027412 0.071716 -0.038146 -0.083829 -0.037698 0.059916 -0.047411 -0.094260 0.053366 0.030092 -0.088643 0.007795
 -0.080704 0.092435 -0.004657 0.053680 0.041623 0.056603 -0.007369 -0.022864 -0.099805 0.092245 0.018065 0.004838 0.041852 -0.038514 -0.050509 -0.009767 -0.046298 0.086794 0.012048 -0.051032 0.081420 0.003776 -0.070217 -0.086337 0.002071 -0.085405 -0.044810 0.017542 0.096043 -0.098658 -0.053143 0.059168
 0.055122 0.080247 -0.081683 -0.036264 -0.089428 0.055047 0.004971 -0.012740 -0.032242 0.040779 -0.047250 0.067396 0.008675 0.048231 0.002659 -0.055791 0.069229 -0.061636 0.069138 0.023969 -0.096550 -0.044965 0.000463 0.041117 -0.024587 -0.057257 -0.056235 0.018537 -0.039577 -0.016155 0.014460 -0.083222
 -0.000166 0.031344 0.027447 -0.036433 -0.059835 0.009517 0.076840 0.067092 0.032220 0.049545 -0.055951 0.049757 -0.060401 -0.004373 0.014534 -0.079934 -0.017897 -0.032297 0.029671 0.049872 -0.049456 0.041937 -0.046065 -0.045723 0.051809 -0.020453 -0.029517 -0.074903 0.054553 0.068760 0.042756 0.087150
 0.065455 -0.054154 0.074541 0.028918 -0.056751 0.027838 -0.069323 0.018669 0.034012 0.068257 -0.056010 -0.045656 -0.096892 -0.092416 -0.061632 -0.071250 -0.036155 0.005628 -0.089710 -0.031079 0.031085 -0.036657 0.087475 -0.021801 -0.095773 -0.015263 -0.035485 0.073829 -0.001084 -0.057324 -0.052769 0.072606
 0.073720 0.023366 -0.053722 -0.013716 -0.037653 -0.073549 0.079031 0.097453 -0.012898 -0.050394 0.079904 0.060788 0.015098 0.041040 0.003175 -0.059901 0.050616 -0.083997 0.015208 0.005404 0.012516 0.049438 -0.073379 0.013575 -0.025571 -0.048910 0.042870 0.098202 -0.097643 0.086751 0.044235 0.057929
 -0.064560 0.008521 0.008223 -0.032350 -0.022123 -0.072515 -0.041110 0.025092 0.037569 0.032942 0.090899 0.069246 0.057944 0.051791 -0.066571 0.098567 -0.040828 -0.036611 -0.060243 0.029691 -0.004625 -0.002712 0.013675 0.040180 0.003562 0.061826 -0.036419 -0.067501 0.094571 -0.057901 -0.040953 0.084512
 0.092766 0.037871 -0.089543 0.015780 -0.035019 -0.092758 0.039387 -0.086853 -0.080615 0.076134 -0.095717 0.060133 -0.041407 -0.065045 -0.095686 -0.091893 0.025901 0.008910 0.006864 -0.096483 0.011596 -0.058705 -0.081890 0.014251 -0.038103 -0.018679 0.008791 0.097051 -0.043858 0.037154 0.016850 0.080857
 0.054567 0.035612 -0.095803 -0.094782 0.019756 -0.016390 0.032517 0.040444 -0.011829 0.074274 -0.072739 0.004193 0.079106 0.011079 -0.062189 0.002961 0.042236 0.088440 -0.009676 -0.028158 -0.038164 -0.087128 0.031481 0.005163 -0.079231 0.068435 0.044535 0.035290 -0.056764 0.045133 -0.021089 0.010129
 -0.049980 -0.064389 0.022677 0.054105 0.069623 0.022272 -0.065093 0.037839 0.095960 -0.032766 -0.079860 0.050863 -0.037471 -0.079822 -0.045907 0.039198 0.068484 -0.036305 0.040013 -0.078615 -0.080632 -0.043558 -0.041838 -0.051570 0.029419 0.026406 -0.093238 0.097223 -0.000435 -0.099604 0.020421 0.087536
 -0.073847 0.014907 0.024450 -0.069504 -0.097023 0.089554 0.067930 0.003470 -0.046514 0.016676 0.054186 0.075715 -0.066867 0.096357 -0.044621 -0.076775 0.061901 0.040372 -0.078543 0.017869 -0.022671 -0.020453 -0.052173 0.057441 0.096473 0.004512 0.023875 0.056320 0.012925 0.048480 0.030670 -0.091477
 -0.093543 0.071382 0.090053 0.092976 -0.090876 0.058917 -0.099646 -0.071621 -0.052248 0.032618 -0.014591 0.051521 -0.023099 0.021266 0.029183 0.088675 -0.055224 0.029362 0.037176 -0.059021 -0.097419 0.035138 -0.047776 0.077264 -0.010194 -0.000394 -0.081756 0.036445 0.048061 0.086873 0.027638 -0.088701
 -0.049710 -0.045506 -0.069864 0.031032 -0.012004 0.003908 -0.021141 -0.038225 0.094983 0.079386 -0.034544 0.073318 -0.096192 0.095259 0.003667 0.008657 -0.090974 0.066383 -0.062699 -0.063225 -0.099510 -0.032788 -0.012509 0.027722 0.076766 0.048440 0.001034 -0.067750 0.051404 0.094087 0.063070 0.083509
 -0.061390 -0.009177 -0.036497 0.030239 -0.026368 0.076589 -0.096387 0.016392 -0.055073 -0.038931 0.089000 -0.006676 0.027502 0.098729 0.081961 0.051750 0.090077 -0.002583 0.073127 0.060919 -0.070787 0.046580 0.005272 0.018254 -0.057625 0.085351 0.044382 0.061314 0.006420 -0.011373 0.073042 -0.015125
 0.033624 0.098140 -0.016307 0.088360 -0.087188 -0.075613 -0.014239 -0.082343 -0.035789 0.092878 0.004208 0.088024 0.026995 -0.084211 0.067808 -0.094663 0.036462 0.029287 -0.033190 0.071830 0.067733 0.064847 0.063810 -0.069028 -0.044516 0.021245 -0.084342 0.019570 0.088925 0.082626 -0.084817 0.033306
 0.065285 -0.052224 -0.095473 0.072159 0.005830 0.042250 -0.029557 0.041339 -0.081164 -0.046913 0.081402 0.016402 -0.002406 -0.055684 -0.038496 -0.046318 -0.089695 0.038235 -0.037626 0.097121 -0.026339 0.089072 0.010110 -0.009570 0.054325 -0.048743 -0.036138 -0.013463 -0.058817 0.028603 -0.007214 -0.058765
 -0.077764 -0.035755 0.008455 -0.052739 0.089299 0.039718 0.054768 -0.052817 0.028009 0.033727 0.007760 0.002429 0.055818 0.039169 -0.018424 -0.003831 0.081347 0.026170 0.065329 -0.016067 0.084658 0.060351 0.000353 -0.037543 0.025978 0.063795 0.002249 -0.057846 0.028946 0.046027 -0.005259 -0.016813
 0.073366 0.021794 0.037471 0.020807 0.043463 0.068149 0.045283 0.012227 0.063470 -0.084947 0.064224 0.081682 -0.051156 -0.034153 0.040816 0.081419 -0.006248 0.023079 0.018606 -0.066807 0.057161 -0.052146 -0.011498 0.027975 0.099475 0.084434 0.085261 -0.053458 -0.078259 -0.094040 0.093181 -0.040212
 -0.088654 0.033606 0.028376 0.008691 -0.059834 -0.071373 0.057740 -0.018795 0.073887 0.037613 -0.047772 -0.002273 -0.053521 0.030697 0.019309 0.024263 0.046052 -0.073423 -0.047833 0.094538 0.086558 -0.017117 0.016374 0.008098 0.081378 -0.022412 -0.082294 -0.057025 -0.040096 0.004827 -0.076596 0.057354
 -0.039737 -0.028475 -0.098166 -0.046854 -0.088828 -0.096123 -0.085824 -0.029612 -0.007572 0.064996 0.058641 -0.051035 -0.068069 -0.075074 0.039593 0.078431 0.013099 0.011152 -0.048657 -0.062095 -0.033979 -0.043834 -0.002647 -0.025251 -0.057821 0.068131 0.000568 0.071885 -0.008020 0.077890 0.002083 -0.038442
 -0.012489 -0.025257 0.028884 -0.083594 -0.083034 -0.068553 -0.031349 0.074007 0.074896 0.036616 0.086929 0.038519 0.036036 0.047700 0.061623 0.024924 -0.076446 -0.076114 -0.046453 -0.032010 0.050389 -0.069514 0.066762 0.088239 -0.062594 -0.051277 0.013633 0.086321 0.003983 0.036455 0.000648 -0.076938
 -0.028085 -0.045787 0.067927 0.046545 -0.077407 0.093918 0.086926 0.038597 0.093001 0.012792 -0.070361 -0.078990 -0.081956 -0.095028 -0.026851 -0.093732 -0.024796 -0.063632 0.086507 0.079283 0.010627 -0.097794 0.041556 0.083886 0.009146 -0.097027 0.055011 -0.076465 -0.053292 -0.046346 0.030454 0.074818
 -0.009154 0.017024 -0.042076 -0.028072 0.064067 0.036864 0.008687 -0.050997 0.085477 0.029544 0.007132 -0.028276 -0.044823 -0.090489 -0.010421 -0.014386 0.051409 -0.036295 0.080125 -0.075097 0.007560 0.057949 -0.070525 0.067148 -0.028717 0.030691 -0.057549 -0.097834 -0.051179 -0.009818 -0.045272 -0.089453
 0.018639 0.012552 0.031144 -0.065338 -0.027332 -0.028222 -0.020257 -0.065259 0.048091 -0.051459 -0.004881 -0.099098 -0.068706 -0.066166 -0.056130 -0.047265 0.085883 0.003131 0.086305 -0.080531 0.032361 -0.080150 0.089869 0.021261 -0.054694 -0.071740 -0.023377 -0.064585 -0.020683 0.072510 -0.006362 0.064921
 0.026836 0.025403 -0.060099 0.020682 -0.094506 0.012679 -0.054372 -0.018468 -0.039616 0.062823 0.081153 0.027325 0.028448 0.061085 0.052323 0.046266 0.091834 0.057590 -0.075646 0.075638 0.089530 0.006898 0.036631 -0.010394 -0.001152 -0.052213 0.067204 0.063687 -0.097980 0.060801 -0.021867 0.007474
 -0.035945 -0.096044 -0.099465 0.049388 -0.058538 -0.007081 0.045891 -0.072816 0.057258 -0.097199 -0.054925 0.011421 0.065872 0.062106 -0.022059 -0.067928 0.013913 0.012192 -0.024988 -0.010659 0.054427 -0.067245 0.085534 -0.083438 0.020418 0.016039 -0.041796 0.069086 -0.050271 -0.099249 -0.056375 0.015431
 0.087774 -0.006839 -0.021774 0.013280 0.082074 -0.076782 0.088311 0.034183 -0.048938 0.099642 0.092130 0.057987 0.091174 -0.044466 0.030878 0.034004 0.004535 0.013930 -0.082407 -0.051557 0.037773 -0.045212 0.040714 0.070831 -0.046846 0.015729 0.098598 0.036425 -0.037001 0.047186 -0.036833 -0.037766
 -0.099808 -0.081527 -0.023231 0.017654 0.059623 0.026380 -0.068905 0.072134 0.045217 0.054552 -0.097103 -0.050851 -0.073157 -0.056605 -0.065390 0.082429 0.055987 0.093507 0.024494 0.026122 -0.083663 -0.056183 -0.042068 0.026754 0.024446 -0.020111 0.029783 0.079598 0.006700 -0.008335 0.046892 0.089445
 0.012771 0.000801 0.062786 0.059462 0.007869 0.083009 -0.042911 0.030361 0.052916 -0.073749 0.057197 -0.079653 -0.015635 -0.075066 0.002440 -0.073433 0.010353 -0.016645 0.009182 -0.056681 -0.059683 -0.091464 -0.006808 0.006322 -0.036188 -0.003262 -0.035461 0.013540 -0.040874 0.032358 0.085569 0.074495
 -0.099458 -0.066496 -0.084614 -0.052517 0.086018 -0.065225 -0.095524 -0.074589 0.099312 -0.048145 -0.056508 0.046067 0.017661 -0.040643 0.020709 0.099766 -0.073465 -0.049161 -0.062105 0.027457 0.072365 -0.090134 0.039515 0.087913 0.053922 0.034951 0.098861 -0.014616 -0.068176 0.043929 -0.001535 -0.007089
 0.070449 0.092807 0.058047 -0.029756 -0.083110 0.055674 -0.037621 0.025728 0.005869 -0.012817 -0.030443 -0.047171 -0.022729 0.063891 0.057861 -0.053290 -0.094866 0.060999 -0.072945 -0.024636 0.065538 -0.093757 -0.039906 -0.084326 0.023627 -0.092088 -0.066833 -0.009699 -0.075191 0.076803 0.090697 -0.024095
 0.064483 0.064945 0.057017 0.014786 -0.029856 -0.098033 0.033787 -0.096675 -0.069104 -0.052222 0.037298 0.060798 -0.052265 -0.086552 -0.041535 -0.047024 -0.046449 -0.013389 -0.018281 0.028189 0.001601 0.005453 -0.012060 -0.076488 -0.034757 -0.009701 -0.087405 -0.024226 -0.027800 -0.002330 -0.075184 0.011244
 0.027018 0.038567 -0.033727 0.096323 -0.072129 -0.029573 0.029437 0.018316 0.065800 0.010027 0.089477 0.096882 -0.085326 0.085828 0.039558 0.058289 0.086832 0.090344 0.017198 -0.009792 0.019199 0.008116 0.013956 -0.002080 0.044046 -0.008062 0.018098 0.029239 0.073196 0.050741 0.080145 -0.073615
 0.081462 0.035336 0.098846 -0.003353 -0.020981 0.094108 0.014725 0.095688 0.057218 -0.003159 -0.073118 0.090082 -0.034006 0.033433 0.010413 -0.045835 -0.070232 0.035836 -0.015149 -0.054549 -0.012627 -0.089759 -0.089986 0.070386 -0.061446 -0.038381 -0.067485 -0.094519 0.090217 -0.085280 0.055157 -0.044872
 0.021668 0.032441 -0.006498 -0.055759 -0.069944 0.064786 0.098332 0.019859 0.009137 -0.071479 -0.078576 -0.068428 -0.047284 -0.099202 0.081405 -0.070489 -0.000521 -0.072603 -0.085846 0.035560 0.078590 -0.006561 0.013298 0.041812 0.074393 0.047740 0.085144 0.031113 -0.043879 -0.079077 -0.047625 -0.044381
 0.096845 -0.053917 0.096215 -0.007598 0.048108 -0.041961 -0.065758 0.080225 -0.084063 -0.034966 -0.020908 -0.008873 -0.092186 0.015152 -0.096405 -0.035920 0.089382 -0.048917 -0.087068 -0.078921 -0.042944 0.023316 -0.017526 0.025241 0.089292 0.098369 0.053856 -0.076944 -0.047733 -0.095767 0.098337 0.085528
 0.068636 -0.063234 0.016233 -0.041329 -0.045587 0.022374 -0.056857 0.092559 0.052522 -0.037637 -0.091835 0.023033 0.084942 -0.081464 0.056426 0.035865 0.097539 -0.049553 0.001657 0.073783 0.021993 0.045784 0.099760 0.044511 -0.041843 0.012324 -0.028627 -0.026925 0.074292 -0.031516 0.069926 -0.073768
 -0.096170 0.055599 0.029832 -0.070914 0.085660 -0.030097 -0.067457 0.065786 0.025972 0.078503 -0.072566 -0.092668 -0.022783 -0.051559 0.088117 -0.027003 0.021154 0.093167 -0.071809 -0.068172 -0.048254 -0.042474 0.055812 -0.029216 0.093976 -0.055902 -0.036531 0.011954 -0.031237 -0.039075 0.044131 -0.095611
 0.014141 -0.056541 -0.017513 -0.008357 -0.035647 -0.077268 -0.010929 -0.054565 0.013088 0.077954 -0.088950 -0.078736 0.070012 -0.023461 -0.043764 0.041885 -0.014932 0.085668 0.098512 -0.064248 0.000298 -0.088853 0.085651 0.008005 0.088694 -0.097964 -0.090976 -0.056444 0.096418 0.083513 -0.054166 0.074273
 -0.006541 -0.027115 0.030893 -0.003788 -0.003127 0.049854 -0.015182 0.077285 -0.065022 0.018662 0.092531 -0.010220 0.048678 -0.039316 -0.090832 -0.024348 0.017498 -0.015774 0.085440 0.054635 0.013615 -0.056690 -0.082778 0.035237 -0.063578 0.060859 0.052264 0.047128 0.094541 -0.063257 0.068919 0.000684
 0.088025 -0.027487 0.011608 -0.090604 -0.048078 -0.074314 -0.067763 0.080283 -0.035798 0.090615 -0.010850 -0.020955 0.094775 0.061536 -0.071496 -0.079245 -0.067681 0.060976 0.023089 -0.002210 -0.000137 0.099322 -0.041308 0.041405 0.028541 0.041473 0.011910 0.084766 -0.066651 0.089252 0.008139 -0.021218
 0.049074 0.015873 -0.064048 0.033144 0.071139 -0.068846 0.056232 0.091046 -0.090104 -0.078939 0.005310 0.076519 0.087558 -0.031566 0.025247 -0.000863 0.038651 0.079720 0.084842 -0.003136 0.019406 -0.090133 0.021689 0.076158 0.076515 -0.063660 0.065856 -0.011790 0.066977 0.037673 -0.000672 -0.020197
 0.097752 -0.026774 0.071358 -0.057770 -0.061066 0.097669 0.022365 -0.079989 -0.033440 0.083679 0.052586 0.003492 0.078958 -0.087863 0.095588 0.031635 -0.096839 -0.061458 -0.037269 -0.072363 0.097201 0.098993 0.025305 -0.048683 -0.083015 -0.063011 0.096753 0.049661 -0.052176 -0.063359 -0.040777 0.026916
 -0.065233 0.092027 0.061170 -0.093861 -0.014322 -0.092121 0.063910 0.004223 0.098459 -0.028654 0.037288 0.026473 -0.009225 0.012935 -0.053081 0.008834 -0.072665 0.062419 0.048410 0.024493 0.016419 -0.036608 0.037045 -0.054168 -0.037275 0.059665 0.014080 -0.005076 0.045024 0.050967 -0.009813 0.028141
 0.067764 0.041229 -0.092865 -0.057291 0.085237 0.092222 0.036507 -0.015819 0.000071 -0.077993 -0.023626 0.060432 0.016097 -0.083827 -0.007170 0.071887 -0.068719 -0.092694 -0.085931 -0.081353 -0.092948 -0.023049 0.039731 0.059725 -0.092875 0.043789 0.097579 -0.061079 -0.080178 -0.077156 0.072009 0.005845
 0.039513 -0.087488 -0.082608 -0.091142 -0.084935 -0.020930 -0.091107 0.091177 0.067405 0.028786 -0.084809 -0.095479 0.082009 0.024679 -0.088518 0.092816 0.044091 -0.080215 0.001655 -0.057638 -0.098563 0.072255 -0.079706 -0.006361 -0.031073 -0.079357 0.037166 -0.047334 -0.059058 0.032881 0.033882 0.024144
 -0.097735 0.095088 -0.045834 -0.088833 0.085089 0.030273 -0.028260 0.074173 0.027959 -0.052641 0.095603 0.042209 -0.088517 0.081014 -0.099823 0.055869 -0.007227 0.009934 0.072548 -0.052753 0.073020 0.077806 -0.051470 -0.066486 0.062386 0.051947 0.010651 -0.062604 0.055255 -0.006604 -0.031883 0.070032
 0.016689 0.023564 0.042182 0.065100 -0.036701 0.069915 0.086860 -0.041012 0.010154 -0.043547 0.099824 -0.074728 -0.031755 0.094987 0.073920 -0.035853 -0.076021 -0.094806 -0.059229 -0.086157 0.080370 0.020171 -0.077399 -0.078300 -0.097110 0.067850 0.058558 -0.055933 0.075037 0.030147 -0.003752 0.016577
 -0.068901 0.047243 -0.006355 -0.025233 -0.087502 -0.054475 -0.044424 0.000782 -0.097874 -0.078127 -0.036205 0.032473 -0.046562 0.048782 -0.071347 0.093421 0.057718 -0.019169 -0.066557 0.032305 0.075715 -0.024428 0.015095 0.059138 0.010705 0.062933 -0.039583 0.039280 0.062682 -0.059062 0.039265 0.013664
 0.094815 0.074969 -0.067987 0.064724 -0.047281 -0.044169 -0.065352 -0.068129 0.039479 0.018545 -0.033285 -0.069680 0.044166 -0.047210 0.068210 -0.041223 0.084275 0.053416 -0.052032 0.020542 -0.050125 -0.057146 0.006974 0.065743 -0.028942 -0.046784 0.008631 0.005803 0.032353 0.073234 0.051159 -0.046004
 -0.077394 0.071835 0.008998 -0.057508 -0.053177 -0.002671 -0.079108 -0.002732 -0.006308 0.006031 -0.059272 -0.053155 0.019099 0.040833 -0.008923 0.000907 0.022501 -0.069980 0.016262 0.035736 -0.051240 0.010304 0.078477 0.049483 -0.031834 -0.013626 -0.013785 0.013828 0.057767 0.036565 0.023959 0.054149
 -0.006649 0.028467 0.081107 0.022011 -0.083919 -0.015949 -0.007746 0.007330 0.011153 -0.093573 -0.003347 -0.044409 -0.069217 -0.069777 -0.091769 -0.095437 -0.079148 0.011495 0.057576 0.041059 0.041647 0.012562 -0.086808 -0.052541 -0.040212 0.032734 -0.040181 0.024981 -0.056646 -0.081498 0.090911 0.001609
 -0.032721 0.062226 -0.075231 0.099769 0.099298 -0.045970 -0.019907 0.039983 0.031539 -0.077817 -0.072832 -0.050190 -0.088718 -0.050217 0.038075 0.055305 0.055348 0.011840 -0.026265 -0.026149 0.097403 -0.061146 0.070807 -0.059058 0.055833 -0.082991 0.082482 0.012935 0.085349 0.074170 0.021651 0.036006
 0.009886 -0.006677 0.002083 0.015354 -0.014565 -0.028861 0.011411 0.078331 0.067849 0.093703 -0.007318 -0.026765 -0.093268 -0.079361 -0.011912 -0.000174 0.000180 0.057320 -0.074311 -0.022907 0.082602 0.020873 -0.003946 -0.033062 0.005939 0.016230 0.031028 0.061284 0.077136 0.063421 -0.094537 -0.034049
 -0.012330 -0.047179 0.079774 -0.088545 -0.051612 0.028644 -0.045020 0.070347 0.048489 0.097795 -0.061221 0.001639 -0.010501 0.084876 0.096709 0.087258 0.057224 -0.053710 0.094329 -0.011165 -0.012504 -0.007449 0.024980 -0.026666 0.056095 0.087144 0.061522 -0.007989 0.007437 -0.039393 0.008319 0.044643
 -0.074263 0.025001 -0.090287 0.025928 -0.007859 -0.078623 -0.000174 0.007980 0.056716 0.057035 -0.026462 0.014302 -0.018623 0.001360 0.016101 -0.091727 0.039783 -0.042137 -0.025270 -0.002604 0.008235 0.074828 -0.037603 -0.027037 -0.076044 0.064764 -0.021254 0.084374 -0.001202 -0.033382 0.095015 -0.081613
 -0.074806 0.048512 -0.056868 0.037977 0.060225 0.007598 0.024731 -0.085457 -0.028806 0.058801 -0.043867 -0.022164 0.044441 -0.087290 0.000056 -0.051890 -0.012225 -0.020884 -0.054952 0.023246 -0.078917 0.045910 -0.035585 -0.053951 -0.039382 -0.041908 0.061015 0.020284 -0.008854 0.072278 -0.009032 -0.028195
 0.042752 -0.076544 0.004958 0.071067 0.083858 0.043152 -0.046171 0.022367 -0.023840 -0.069498 -0.054085 0.006589 -0.041643 -0.017436 0.001915 -0.059500 0.012448 0.040694 0.057928 -0.007800 0.056928 -0.031871 -0.072727 0.007612 0.042566 -0.077167 0.094762 -0.055843 0.018227 -0.069943 -0.067427 0.097885
 0.077978 -0.092670 -0.086828 0.077734 -0.027652 0.087488 -0.094470 -0.032375 -0.082585 0.067935 0.098399 -0.034507 0.063426 0.083232 0.025190 0.035778 0.082098 0.054673 -0.005031 -0.089403 -0.025566 0.033591 -0.048252 -0.010600 -0.060041 0.078233 -0.020191 0.010521 0.077064 -0.004473 0.023455 0.032127
 0.051574 0.042985 -0.058380 -0.010965 -0.024660 -0.062707 0.002888 0.095632 0.002203 -0.093543 0.085005 -0.062929 0.006605 0.041701 -0.017671 -0.012255 -0.047077 0.028052 0.029754 -0.099636 0.041637 -0.083429 -0.027290 0.042783 0.016217 0.029394 -0.094425 0.020888 0.015352 -0.051715 -0.072189 -0.059679
 0.022231 -0.027207 -0.037473 0.050843 0.080423 -0.083012 -0.083816 -0.082836 -0.011576 0.048076 0.036768 0.066908 0.058600 -0.013456 -0.005501 -0.077695 -0.049862 -0.061019 -0.042141 0.052107 -0.011057 0.090754 0.082511 0.095303 0.026012 -0.004038 0.087440 0.072609 -0.079152 -0.049126 -0.042511 0.071592
 -0.044839 -0.088918 -0.009269 0.003907 0.013654 0.017892 0.084733 -0.095776 0.033643 0.091307 0.068480 -0.094475 0.095451 0.035216 -0.039781 0.085129 -0.010645 -0.026259 0.062167 -0.030249 -0.085038 -0.089978 0.084792 0.092582 -0.036465 -0.025428 -0.010863 0.089224 -0.082613 0.075542 0.067365 -0.029591
 -0.048876 -0.097175 -0.094715 -0.066029 -0.013725 -0.093482 -0.099622 0.002823 0.074319 0.047862 0.041867 -0.062663 0.022104 -0.059101 -0.018883 -0.080679 -0.061035 0.070759 -0.038067 -0.084299 0.010663 0.054082 -0.073290 0.047861 0.069430 0.087650 -0.028601 0.054027 -0.059396 -0.005385 -0.026415 0.030119
 -0.033359 0.055262 0.092289 -0.046555 0.092143 0.073780 -0.087972 0.070371 -0.065618 -0.016914 0.050062 0.024440 -0.077131 -0.036187 -0.088354 -0.015427 0.020580 -0.023769 0.059437 -0.037367 -0.075145 -0.023963 0.094925 0.007004 -0.047784 -0.095987 -0.016993 0.038006 0.002161 0.036732 -0.064605 0.040444
 -0.021890 -0.011329 -0.002680 0.063014 -0.055864 -0.040101 0.044439 0.015184 0.030666 0.022058 0.057500 0.029088 0.022862 0.085604 -0.054001 -0.091202 0.051659 -0.049502 -0.033284 -0.085149 0.099850 -0.023773 0.063309 0.006389 -0.033371 0.080977 0.040176 -0.010498 -0.050914 0.009336 -0.090973 -0.086735
 -0.070003 -0.089071 0.085574 -0.079513 -0.018214 -0.011066 -0.029389 0.044668 0.077468 0.096203 0.026069 0.030711 -0.077514 -0.073814 0.094560 -0.054695 -0.081280 0.094246 0.048901 0.049589 -0.004196 0.029405 0.003308 0.031695 0.027809 -0.066723 0.031291 0.005023 0.004267 -0.031341 -0.002139 -0.049908
 0.007819 -0.075218 0.052460 -0.016815 0.011166 -0.048252 0.079038 -0.051204 -0.015815 -0.026635 -0.043530 0.031576 -0.047085 0.081544 0.064659 0.065907 -0.066527 -0.052438 0.003012 -0.078768 -0.005952 -0.059366 0.088049 -0.098546 0.075468 0.079263 -0.044479 0.071208 -0.069715 0.004330 -0.029876 -0.060959
 -0.072339 -0.012855 0.089231 -0.040220 0.051807 -0.042296 -0.060156 0.038306 -0.057062 0.053047 0.065073 -0.076996 0.014416 0.087221 0.060372 -0.017117 0.070972 -0.067973 -0.053194 0.028628 0.075861 0.088000 -0.049396 0.034162 -0.075784 -0.073452 0.075042 -0.075806 0.050093 -0.010749 0.034180 0.014094
 0.026238 0.082693 0.009235 0.008008 0.020898 -0.021447 -0.095954 -0.088176 -0.077354 -0.088670 0.095244 -0.054570 0.064635 -0.020110 0.017908 0.095023 0.028446 0.088989 -0.049315 0.039599 -0.003846 0.064633 0.057785 -0.067415 -0.013026 -0.000162 0.078204 0.053422 0.098123 0.081392 -0.024990 0.065090
 0.044271 0.038262 0.039657 -0.081934 0.072250 -0.007353 0.031902 -0.044487 -0.082667 0.031785 0.034814 -0.070297 -0.060068 -0.022530 -0.051979 -0.055171 -0.011226 -0.055971 0.025494 0.052528 -0.079871 -0.010474 -0.084896 -0.051579 0.032145 -0.045568 0.089251 0.040921 0.053221 -0.087918 0.066722 -0.019283
 -0.026816 0.048773 0.016014 -0.001707 0.008304 -0.046746 0.019942 -0.004609 0.090898 0.028527 -0.033483 -0.016068 0.019245 0.010144 0.014090 -0.039643 0.096914 -0.017088 -0.097332 0.046907 -0.002536 -0.056257 -0.026991 -0.047334 -0.060839 0.021886 0.020698 -0.071550 -0.054605 -0.074346 0.032800 0.016398
 -0.086856 -0.093865 -0.015012 -0.026261 -0.026138 -0.087163 0.010396 0.079460 0.003187 0.066139 -0.070363 0.088531 0.040272 0.024823 -0.032714 0.067656 0.052244 -0.092143 -0.092471 0.010558 -0.096066 -0.021667 0.053480 -0.031179 0.015892 0.063458 0.088083 0.065894 0.003745 -0.017100 -0.099724 -0.058930
 0.087390 -0.053458 -0.029897 0.094343 0.043619 -0.093365 0.032536 0.055650 -0.044243 -0.089005 -0.047425 0.020935 0.026707 0.008828 0.047098 0.098949 0.014320 0.033743 -0.014201 -0.060692 -0.072217 -0.003749 0.060310 -0.081930 0.092078 -0.048192 0.047338 0.067465 0.068718 0.030719 -0.018681 -0.094776
 -0.040290 0.018804 0.021190 0.084596 -0.044417 -0.071725 0.067501 -0.092268 -0.056292 0.068803 -0.033264 -0.065375 0.095449 -0.015411 0.015996 0.027212 0.096183 -0.026403 0.079170 -0.036784 -0.029668 0.015731 -0.028973 0.016697 0.025649 0.044411 0.071611 0.001239 0.005670 0.071922 0.010438 0.023695
 -0.008662 0.055455 0.025540 0.000344 0.009446 0.016442 -0.076985 0.085812 0.015918 -0.049160 0.013867 -0.019620 0.024121 -0.007489 -0.034496 0.045052 0.018438 -0.083064 0.008634 -0.040996 0.076620 -0.081644 0.072910 0.093471 -0.079417 -0.095436 -0.067470 -0.067484 0.053272 0.096641 -0.005939 0.013939
 -0.068047 0.029380 -0.023756 -0.068131 -0.014210 -0.062730 0.019879 0.022280 0.046805 0.098077 -0.070460 -0.061086 -0.039782 -0.025161 0.079222 0.096401 -0.097457 -0.085627 0.086258 0.019706 -0.027232 -0.090035 -0.094524 -0.049911 -0.006752 -0.045026 0.010436 0.080704 0.056105 0.016394 0.076521 -0.005268
 -0.038900 0.070173 -0.018081 -0.093190 0.059014 -0.068000 -0.037508 0.055307 -0.068220 0.074897 -0.075216 -0.096288 0.015605 0.096935 -0.048874 -0.022119 -0.082651 0.028892 -0.077029 0.030252 0.028442 0.035258 0.041269 -0.009844 0.041018 -0.069660 -0.046434 0.024883 0.006123 0.030610 -0.017786 0.076743
 -0.097335 0.087282 -0.040783 -0.083749 -0.010395 0.065454 0.027490 0.015579 0.008411 0.078276 0.047261 0.079083 0.020521 -0.017288 -0.040363 -0.030754 0.063418 -0.092226 0.099377 0.038587 -0.015396 -0.099582 -0.006400 -0.065381 0.078422 -0.091444 -0.035747 0.035535 -0.082368 -0.080979 -0.049758 0.038510
 0.076740 -0.069119 0.055178 0.098407 -0.018857 -0.002697 0.051208 0.067622 0.037433 0.087763 -0.068600 0.089310 0.068515 -0.076410 0.036847 0.064155 -0.020799 0.084057 0.079571 0.037566 -0.003606 -0.034963 -0.048840 0.065825 -0.020677 -0.083680 0.035121 -0.097666 -0.050889 0.052832 -0.031652 -0.048772
 0.002278 0.002319 0.093603 0.009349 -0.097375 -0.044965 0.057872 0.005481 -0.006131 0.004640 0.012077 -0.032601 0.026350 0.062064 0.023892 -0.030998 -0.028702 0.023495 -0.091994 -0.001682 0.061180 0.031294 -0.025837 0.031658 0.076861 0.072128 0.089515 0.044192 -0.038809 0.093533 0.086914 -0.053884
 0.043157 0.074955 -0.041399 0.057302 -0.005008 -0.029285 -0.087579 0.061444 0.006939 0.093604 -0.037870 -0.059342 -0.034111 -0.065163 0.083516 0.084264 -0.064257 -0.092704 0.057261 0.096172 0.006358 -0.068428 0.012510 -0.033652 0.045906 -0.062689 -0.097493 -0.035415 -0.025209 0.073186 -0.043326 0.021207
 0.000859 -0.082304 0.011082 0.076575 0.026152 -0.008026 -0.017514 -0.055376 0.097711 -0.030081 -0.056287 0.033814 0.060404 0.086509 -0.005436 -0.044785 0.065336 -0.045637 -0.063280 -0.029213 0.092761 0.011612 0.080831 -0.012764 0.008526 0.022359 -0.053937 0.088842 -0.021933 0.020405 -0.013127 -0.071176
 0.022587 0.048881 0.049107 -0.022489 0.050995 0.014129 0.094615 0.018738 -0.040465 -0.021908 -0.028006 -0.014711 -0.065188 0.092761 0.052909 0.041263 0.072108 -0.024230 0.037540 -0.051257 -0.054129 -0.013594 -0.013499 0.018453 -0.028839 0.092251 -0.010307 0.074217 -0.027899 -0.001399 0.046889 0.044675
 -0.031411 0.081689 0.011703 -0.025568 -0.031930 -0.019592 -0.046821 0.080942 0.023881 0.037359 -0.029289 0.055313 0.020027 0.087784 -0.058105 -0.014964 0.026646 0.054350 0.058089 0.002735 0.055637 0.004714 0.015093 0.045616 -0.078283 -0.049027 0.015397 0.097224 -0.093369 0.035091 0.051795 -0.080314
 0.009029 0.057369 -0.049989 0.065056 0.041445 -0.015784 0.069240 -0.089033 -0.094229 0.063253 0.026865 0.060783 -0.052647 -0.014804 -0.088864 -0.039986 -0.093472 -0.049949 0.031226 -0.080146 -0.091374 -0.038469 0.040695 -0.031564 0.078147 -0.006669 -0.011000 0.010317 -0.060669 0.049795 0.081897 0.069297
 -0.059097 -0.094119 0.005793 -0.029196 -0.013881 -0.079020 0.054324 -0.025460 0.051772 -0.025700 0.006913 0.058148 -0.057266 -0.093074 0.090538 -0.053128 0.081038 -0.009675 -0.098494 -0.038608 -0.009143 -0.093203 0.095152 -0.045888 0.020008 -0.028852 0.011861 0.068559 0.039628 -0.003309 0.053663 -0.013281
 -0.098424 -0.085005 0.026986 -0.017197 0.072271 -0.075273 0.095603 -0.019932 0.022574 0.006298 -0.055333 -0.036941 -0.007193 0.048714 0.055631 -0.050737 -0.035399 0.021760 -0.027126 -0.033183 -0.058299 0.030627 0.048822 0.009177 -0.080892 0.045596 -0.073931 0.016848 0.049169 -0.071143 -0.012767 -0.070428
 -0.058310 0.044261 0.070177 -0.039012 0.062637 -0.074526 -0.047198 -0.063640 -0.064822 0.047303 0.013820 0.092506 -0.098641 0.083968 0.060129 -0.007311 -0.039194 -0.037027 -0.018384 -0.027233 -0.027269 -0.049700 0.088739 0.017003 0.025530 0.035749 0.077465 -0.068360 0.054164 0.045900 0.098312 0.094443
 -0.042710 -0.089950 0.005036 -0.080101 -0.040909 -0.061860 -0.006412 0.095957 0.090463 -0.060822 0.010404 -0.059050 -0.039168 -0.083995 -0.060788 -0.014008 0.021101 -0.070196 -0.054582 0.089101 0.094313 -0.043256 -0.075751 0.025924 0.034905 0.010152 -0.073865 0.006637 0.015681 -0.047558 0.036283 -0.099428
 0.008567 -0.061311 -0.016365 -0.011885 0.036942 0.055547 -0.045687 -0.087699 -0.008386 0.071891 0.003380 -0.090569 0.027625 0.087063 -0.009317 -0.004429 0.062238 -0.068526 -0.049238 -0.085332 0.015736 -0.095989 0.064958 0.097986 -0.045710 0.078848 0.053660 -0.000714 0.034319 -0.017207 -0.045695 -0.074916
 0.059536 0.001842 -0.036374 -0.013118 0.053657 0.050024 -0.020077 0.037557 0.076605 -0.014088 0.042656 -0.087064 0.073094 -0.012554 -0.048947 0.097260 0.038708 0.012172 -0.027475 0.082479 0.006281 -0.019020 0.061349 -0.046516 0.018891 -0.094036 0.022597 0.029322 -0.054081 0.012577 0.066646 -0.005068
 -0.064934 -0.031837 -0.091095 -0.047760 -0.043815 -0.039947 -0.031514 -0.095361 0.048364 -0.042611 0.027018 0.044545 0.004197 -0.061162 -0.010424 0.088511 -0.024933 0.089788 0.016183 0.084147 -0.012277 -0.080714 -0.091610 0.021982 -0.057291 0.058465 -0.086848 0.004303 -0.046522 -0.081034 0.017581 0.062842
 0.017926 -0.091559 -0.024861 0.046550 0.071543 -0.057898 -0.062169 0.025191 -0.044266 -0.055915 -0.000264 0.017830 -0.088435 -0.050151 0.075937 -0.052491 0.040985 0.023570 -0.075950 -0.094266 0.069692 0.052052 0.009600 -0.028483 -0.095753 -0.079470 0.026505 0.095481 -0.061878 0.068705 0.060697 -0.021074
 0.097266 0.047357 -0.006469 -0.072864 -0.063099 -0.079842 -0.022036 0.087296 0.009925 0.005982 -0.051422 -0.042091 -0.024674 -0.097229 0.041966 -0.090105 0.024992 0.037241 0.030817 0.073201 0.079544 -0.060807 -0.013168 -0.011388 0.074088 0.090240 0.045602 -0.059507 0.015064 -0.058484 -0.004298 0.096625
 -0.031358 0.098867 -0.066997 0.083773 -0.070068 0.096233 0.082984 -0.056803 -0.025537 0.085473 -0.096673 -0.038583 0.022079 -0.009160 0.083443 0.073898 -0.008773 0.066889 0.043941 -0.030796 -0.086661 0.091391 -0.032959 0.097435 -0.024670 -0.065651 0.005684 0.059182 -0.055183 -0.017604 -0.093584 0.021395
 -0.068667 -0.017941 -0.007095 -0.084681 0.085998 0.026753 -0.014703 -0.000004 -0.041077 0.060263 -0.015967 0.028518 0.034685 0.085205 0.053709 -0.014030 -0.093963 -0.089333 -0.017047 -0.048877 0.085026 0.073073 0.059955 0.001399 -0.075897 0.096218 0.049249 -0.023049 -0.052355 -0.085326 0.008613 0.001042
 0.024518 -0.054984 0.098888 0.071932 -0.047594 -0.077484 0.046239 0.052657 0.071385 -0.066191 -0.048183 -0.071778 -0.033664 -0.050937 -0.008873 0.053660 0.074005 -0.016585 -0.032639 -0.008617 0.047899 -0.005227 -0.034757 0.043054 0.085746 0.080773 0.060561 0.071044 -0.027313 -0.076936 0.036172 -0.068719
 -0.059711 -0.056212 0.016509 -0.011817 -0.073317 -0.063554 -0.029819 -0.008372 0.082750 -0.065841 0.046869 0.025891 -0.074209 -0.077972 -0.005263 0.091104 -0.009006 -0.067861 0.038813 -0.070439 -0.031537 0.050782 -0.034385 -0.060932 -0.038986 -0.081536 -0.063878 0.008239 0.063471 -0.039125 0.075386 -0.047059
 -0.064583 0.053922 0.085102 0.071842 -0.053615 -0.032725 -0.012225 0.099311 0.050741 -0.049663 0.017994 0.060821 -0.024909 0.009050 0.042688 0.052630 -0.025984 0.075063 -0.023757 -0.021909 -0.038425 0.079654 -0.024662 -0.098157 0.032873 -0.019439 -0.014641 -0.025135 -0.005060 -0.020514 -0.053117 -0.037196
 0.058369 -0.043093 0.045067 0.017972 0.028823 -0.044469 0.073135 0.064918 -0.011441 0.076383 0.007519 0.083377 -0.052010 -0.055711 -0.021295 -0.066185 0.025621 0.013238 0.080618 0.095522 -0.035439 0.002016 -0.016146 0.045196 -0.059414 -0.003972 0.026489 -0.087412 0.002058 -0.019776 0.069490 0.004023
 0.019647 0.004292 0.093649 -0.021171 -0.002454 -0.062991 -0.016109 0.094023 0.056302 -0.061447 0.060700 -0.020857 0.016699 0.077368 0.078488 0.019544 0.085036 0.005752 0.083982 0.022590 -0.048963 0.013216 -0.067598 0.038383 0.006788 0.083144 0.042194 0.056998 0.021337 -0.016819 0.001206 -0.046487
 0.077833 0.049729 0.089076 -0.059926 -0.028155 0.045550 0.076768 -0.072043 -0.098396 -0.019302 -0.080928 -0.060972 0.009458 0.069323 -0.028388 -0.077002 -0.098096 0.041590 0.052755 -0.027281 -0.035776 0.064939 -0.093247 -0.004034 0.052114 0.023760 -0.024798 0.037435 0.010931 0.049027 -0.071475 -0.051344
 -0.046199 0.053713 0.082727 0.038536 0.090384 0.059710 0.058166 0.086876 0.034534 -0.013762 -0.015892 0.077869 -0.056181 0.018128 0.076176 -0.006848 0.055268 0.075408 0.038624 0.053796 0.074929 -0.061671 0.092230 -0.059768 0.031507 0.022411 0.072372 -0.007719 0.009957 0.097827 -0.067072 -0.002107
 -0.056675 0.075393 -0.035201 0.068904 0.008894 0.037553 -0.096125 0.044749 -0.022940 -0.077910 0.011801 0.095980 -0.038614 0.048895 -0.071212 -0.058486 0.020537 0.087688 0.055973 0.086537 0.037921 0.040963 0.083188 0.014198 -0.017225 -0.002026 -0.072108 0.041564 0.076411 0.080829 -0.090370 -0.064670
 -0.088204 -0.095606 0.075103 -0.045970 0.080323 0.013617 -0.000031 0.009374 -0.039257 0.092243 0.017582 0.061767 -0.013809 -0.012530 0.026213 -0.014149 -0.028271 -0.093764 -0.054294 0.021389 0.002531 0.054552 -0.025974 0.051301 -0.013997 -0.072696 -0.027507 0.068515 -0.033118 0.066787 -0.095125 0.054977
 0.010381 0.009439 0.076006 -0.054844 -0.056754 -0.090015 0.044720 0.021847 0.034453 -0.088867 0.030950 -0.076571 0.000917 -0.047931 0.089705 0.034628 0.036758 -0.094085 -0.095297 -0.078463 0.023186 0.025902 0.048647 -0.065457 0.043378 0.028386 0.065125 0.087685 0.016947 -0.018120 -0.086028 -0.074284
 -0.092476 0.087576 -0.032923 -0.020967 -0.070907 -0.035185 -0.041853 0.056111 0.085842 -0.064389 0.007333 -0.033601 0.014871 0.075764 -0.094592 0.046827 0.061809 -0.052492 -0.030417 -0.090350 -0.039946 -0.068188 -0.081850 -0.049790 -0.086761 -0.060979 -0.055565 0.075342 0.001617 -0.078620 0.016092 -0.082938
 -0.014849 -0.035344 -0.076165 0.068084 -0.055672 0.010512 -0.013441 0.091786 -0.070384 0.021338 0.088352 -0.028855 -0.038167 -0.064719 0.006752 0.070202 -0.063008 0.091933 -0.063021 0.022874 0.079691 -0.072864 0.028785 -0.049804 0.012521 -0.096206 -0.054336 0.062697 -0.013010 -0.029255 -0.000716 -0.002839
 -0.064930 -0.043983 0.028001 -0.048976 0.087897 0.055875 0.018239 -0.042018 -0.072799 0.060328 0.052388 0.005115 -0.072305 -0.002618 -0.008838 -0.091249 0.052760 0.079054 0.008340 -0.062127 -0.022683 0.051670 -0.088237 -0.073470 -0.076370 0.091421 -0.065784 0.051607 -0.057088 -0.089294 0.073003 0.002234
 0.054754 0.069001 0.090301 -0.035871 -0.009362 -0.005146 0.080089 -0.031152 0.081450 -0.020446 -0.022340 -0.098301 0.065854 0.034886 -0.030877 0.066511 0.083637 -0.011759 0.079219 -0.018554 -0.028842 0.008951 -0.031681 -0.076997 0.042110 -0.082689 0.093340 -0.031295 -0.044385 0.060009 0.017548 -0.036564
 0.065996 0.042527 -0.027658 -0.078674 0.043624 0.033068 0.016037 -0.067407 0.013617 0.064553 -0.089622 0.002181 -0.000281 -0.027910 0.035396 -0.060359 -0.071598 -0.002775 -0.077749 0.034718 0.032313 -0.017349 0.051204 0.093076 -0.072066 0.073553 -0.035110 -0.061970 0.035078 -0.058598 -0.058478 -0.066199
 0.005429 0.028784 -0.098328 0.034349 0.075392 -0.097711 0.003546 0.066963 -0.044925 0.063763 0.069941 -0.022806 0.083174 -0.069872 -0.045013 -0.037131 0.048947 -0.009101 0.065569 -0.008485 -0.074944 0.040995 -0.025888 -0.011612 -0.046225 0.048873 0.034777 -0.018049 -0.040420 -0.070127 -0.017829 0.026530
 -0.083911 -0.020493 -0.049169 0.054255 0.047670 -0.074618 -0.085749 -0.037479 -0.043956 -0.046904 -0.031133 0.093260 -0.056116 0.020761 0.022301 0.067523 -0.032846 0.030517 0.081918 -0.062081 0.080208 0.002693 0.010860 0.087103 0.089012 -0.061772 -0.021207 0.025870 0.079585 0.092750 0.029142 -0.070578
 -0.055749 0.000944 -0.038391 -0.074004 -0.068906 0.076986 0.084125 0.007661 -0.015257 -0.025924 -0.017163 0.065276 0.086584 0.065315 0.029545 -0.005707 0.000339 -0.033229 -0.060902 -0.052606 0.054889 0.068705 -0.029534 -0.008221 -0.077543 0.067323 -0.024787 0.068263 0.016258 0.003668 0.019493 -0.032144
 -0.093051 -0.060222 -0.061687 -0.019042 -0.076067 0.078762 0.086087 0.096035 0.066642 -0.020006 -0.005500 0.042381 0.066039 0.073849 -0.021070 -0.038638 -0.081035 -0.000166 -0.089347 0.078943 -0.003030 0.027607 -0.012041 -0.039652 0.012576 0.042569 -0.079803 -0.016465 0.090314 -0.021051 -0.012530 0.027619
 0.021851 -0.024707 0.059425 0.085594 -0.029200 0.063760 -0.061280 0.037157 -0.055937 -0.091083 -0.040913 -0.035305 0.014784 -0.037580 0.033348 -0.091725 -0.079868 -0.062991 0.068651 -0.040674 -0.018992 -0.026840 0.009375 0.096606 -0.097189 0.050615 -0.084240 -0.024465 0.076003 -0.048504 0.056937 -0.097589
 0.017378 -0.065066 0.062939 -0.091815 0.040826 -0.018174 0.061264 -0.040549 -0.005643 0.011301 -0.034373 -0.005104 0.069604 -0.014734 0.024425 0.018793 0.083990 -0.052869 0.019178 -0.038352 0.059485 -0.091028 0.013531 -0.064810 -0.025351 0.030494 -0.000031 -0.047134 0.096076 -0.044118 -0.085996 -0.084598
 0.048837 -0.063597 0.077596 0.010290 -0.051858 -0.042366 -0.031066 0.066722 -0.037429 0.017012 0.085872 -0.020501 0.004925 0.080558 -0.034067 -0.088118 0.074349 0.099308 -0.007675 -0.059198 0.036786 0.070299 0.083387 -0.095979 0.094921 0.042826 0.050997 0.079219 0.015388 0.062135 -0.050180 -0.000065
 0.019383 0.028440 -0.022521 0.087701 0.007337 -0.026263 -0.084008 0.076974 -0.020992 0.038207 -0.018498 0.048646 -0.047694 0.061565 0.090108 0.034065 0.035429 -0.059357 -0.068020 -0.093652 -0.082994 0.089271 0.090410 0.096206 0.045890 0.023434 0.046052 -0.059260 0.011435 0.013097 -0.015265 0.018081
 -0.033845 -0.006767 -0.075746 -0.067104 0.097802 -0.079980 0.083638 -0.075590 0.095883 -0.049412 0.067824 0.001029 -0.027110 0.051886 0.002138 -0.093511 -0.082008 -0.060203 -0.074908 -0.060610 -0.069978 0.026637 0.058756 -0.005860 0.075981 0.094395 -0.004504 -0.071241 -0.093172 0.069533 0.061104 -0.017203
 -0.049211 -0.010050 -0.087407 0.010908 -0.043077 -0.016109 0.027165 -0.096759 -0.013232 0.055418 -0.001064 -0.008911 -0.017773 0.073751 0.071417 0.092578 -0.031674 0.029756 -0.086706 0.008118 -0.014125 -0.041101 -0.097391 0.037717 -0.081977 0.026433 -0.078720 0.031658 0.007572 -0.068437 0.004851 -0.016841
 0.066074 0.018289 0.084698 -0.055485 -0.084729 -0.056221 -0.036707 -0.020903 -0.049245 -0.097114 0.051710 -0.092638 0.056524 -0.042797 -0.047413 0.040532 -0.018797 0.057244 -0.089043 0.052030 -0.012878 0.015495 0.074561 -0.094469 0.040479 -0.017031 -0.034340 0.077026 -0.093745 -0.048551 -0.050669 -0.082099
 -0.006883 -0.048084 -0.022922 -0.031241 -0.068518 0.077708 -0.056748 0.055490 0.051920 -0.011119 0.076574 0.087355 -0.047367 -0.042386 -0.029792 -0.074432 0.037941 0.086526 -0.034221 0.040137 0.032301 0.067647 0.044689 0.045576 0.000288 -0.059768 0.077072 -0.022933 -0.034299 0.034198 -0.079763 0.029738
 -0.055376 0.011372 0.053736 -0.017170 -0.072728 0.054435 0.023916 -0.084625 -0.010027 -0.050796 -0.053438 -0.026186 -0.033973 -0.020296 0.077092 -0.061502 -0.057732 -0.074995 0.031628 -0.001621 -0.043116 -0.087171 -0.051880 -0.074032 -0.031855 0.056418 -0.007250 0.021659 -0.077601 -0.042077 0.064803 0.037420
 -0.069973 -0.024451 -0.078460 -0.003560 -0.044823 0.036490 0.096460 -0.096464 -0.096375 0.010378 -0.096077 -0.097075 -0.087816 -0.068486 -0.028784 -0.032618 -0.014717 -0.005265 0.035440 0.017542 0.003950 -0.050609 -0.048186 0.020704 0.040618 -0.033302 -0.019320 0.055157 -0.075586 -0.087429 0.010056 -0.054875
 -0.077488 -0.026798 -0.007783 -0.069002 -0.037589 -0.051341 -0.015000 -0.067458 0.045754 -0.094666 0.006408 0.085479 -0.079163 -0.004784 -0.040334 -0.019452 -0.021825 0.045556 -0.036232 -0.077985 0.024842 0.054376 0.075373 0.049882 -0.009112 -0.066086 0.088556 -0.010736 -0.064211 0.063544 -0.069087 -0.008551
 -0.022603 -0.098831 -0.013489 -0.033269 0.037097 0.082336 0.021750 0.006263 -0.009119 0.031997 0.035794 0.009769 -0.083244 0.038208 0.044709 0.061247 -0.086374 0.065541 0.069582 0.077524 0.032110 0.042131 0.005583 0.016416 -0.059641 0.064140 0.026924 -0.023355 0.076532 -0.085808 -0.040302 -0.020535
 0.042802 -0.055929 -0.004889 0.047829 -0.038270 0.099563 0.065524 -0.073055 -0.083547 0.024328 0.016281 -0.011216 -0.073250 -0.064105 0.091026 -0.038975 0.086771 -0.003377 0.071265 -0.052384 -0.097133 0.092383 -0.071817 -0.029091 0.042984 -0.070621 -0.001836 -0.013778 0.070225 0.048008 0.057315 0.069048
 0.055368 0.023023 0.013374 0.083877 -0.028504 0.068298 0.057597 0.017553 -0.033991 0.044154 -0.032250 -0.002534 -0.046512 -0.018097 0.044698 0.002821 -0.021058 -0.051281 -0.092937 0.001416 -0.024993 0.041829 0.044659 0.076656 0.069926 -0.074875 -0.080158 -0.073978 0.048931 0.045740 0.047806 0.068670
 0.061464 -0.064247 -0.029910 0.019995 -0.053912 -0.040821 -0.017719 -0.094018 -0.045915 -0.088821 -0.005174 -0.076889 0.077478 -0.013763 -0.094652 -0.041011 -0.083661 0.024567 0.041416 0.042324 -0.007570 -0.032572 -0.097744 0.052949 -0.062725 -0.022978 0.091565 0.060389 0.088392 0.044163 -0.064936 -0.047915
 -0.006646 -0.020783 -0.024985 0.011484 0.049398 0.034841 -0.012464 0.021564 -0.053220 0.050565 0.007349 -0.017211 -0.046778 -0.046523 0.083143 -0.026371 0.062154 -0.090327 -0.001907 -0.044875 0.057705 -0.010480 -0.016187 0.087178 0.073996 -0.079790 -0.094472 0.049911 0.003024 0.046425 0.008071 -0.024202
 0.012781 0.026997 -0.061281 0.047277 0.032151 0.080298 0.054546 -0.062985 -0.080566 0.005227 -0.062696 0.023769 -0.021497 -0.005243 -0.085498 -0.087367 -0.056542 0.098192 0.057138 0.097249 -0.022525 -0.066694 -0.030898 0.064780 0.047065 0.047639 -0.004878 -0.004718 -0.047650 0.052334 -0.062979 -0.042855
 0.085253 0.061593 -0.021123 0.020797 0.010374 0.031964 0.092689 0.096483 0.048318 0.060667 -0.029044 0.055210 0.061736 -0.060878 0.018579 -0.069013 0.058691 -0.030879 0.052026 -0.008866 -0.010724 -0.039103 -0.029216 0.062678 -0.082484 -0.003857 -0.059080 0.027635 -0.045170 0.061910 -0.018823 0.012939
 0.094660 -0.048133 -0.087423 0.002237 -0.074173 -0.083507 -0.015279 -0.064461 0.016388 0.056538 -0.092706 0.020959 0.063156 -0.079663 0.096416 -0.050581 0.021190 0.051701 0.052599 -0.018811 -0.059100 -0.037777 0.095461 0.048713 -0.017887 -0.044104 -0.065025 -0.015159 -0.029909 0.080676 -0.023751 0.098050
 -0.067054 -0.032956 -0.089127 -0.011309 0.097519 0.022593 0.088831 -0.067116 0.071777 0.012662 0.056478 0.009547 -0.026431 -0.078383 -0.070657 -0.053030 0.058517 0.077222 0.070960 -0.000549 -0.011530 0.091295 0.079641 -0.042636 -0.025592 -0.028864 -0.027134 0.008066 -0.053278 -0.007419 -0.065134 0.010509
 0.084973 0.027943 0.055337 0.014453 0.002949 0.003050 -0.003727 0.087949 -0.041704 0.019184 -0.014494 -0.004077 0.093879 -0.083486 0.048849 0.041566 0.095841 -0.076522 0.089614 -0.068117 -0.043692 0.054893 0.000423 -0.040087 -0.077393 0.018397 0.011235 -0.017836 -0.082681 -0.065716 -0.090905 -0.051406
 0.016288 -0.045313 -0.052561 0.005334 0.040908 -0.008770 -0.084242 -0.009928 0.047761 -0.041345 0.030128 -0.027778 -0.011856 -0.039408 0.024972 0.026383 0.026909 0.052899 -0.052527 0.076731 -0.050192 -0.096805 -0.060813 0.015927 0.093415 0.002469 0.094687 0.077062 -0.011286 -0.051742 -0.066671 -0.046602
 0.063812 -0.096785 -0.026471 -0.031597 0.051259 -0.048882 -0.040813 -0.087789 -0.066733 -0.071490 -0.069896 -0.012851 0.064374 0.086438 -0.079348 0.053868 -0.045143 0.098363 0.099693 0.002927 -0.042431 0.030241 0.055991 0.033084 0.079669 -0.097173 -0.037248 -0.024538 0.057028 -0.021357 0.035552 -0.099071
 0.025165 0.062513 0.012918 -0.021872 -0.073628 -0.065121 0.060024 0.076734 -0.016222 0.056966 -0.044397 0.016775 0.088351 -0.003542 -0.062766 -0.029738 0.028466 0.068461 -0.060579 -0.033992 -0.065009 0.010053 0.032989 -0.053138 0.037400 0.043070 0.085088 -0.076010 0.049289 0.085329 0.063412 -0.025053
 0.031289 -0.094635 -0.061022 -0.084685 0.068933 -0.044245 0.013065 0.033239 -0.027475 0.077654 -0.097415 0.020253 -0.067555 -0.071390 0.087187 0.065703 0.090388 0.075719 0.068571 -0.098200 0.049717 0.096213 -0.046302 -0.077404 0.067080 -0.068645 0.084663 -0.087589 -0.013873 0.063691 0.075152 0.032472
 0.048900 0.053770 0.032923 -0.023982 0.030080 0.058009 -0.060685 -0.089524 -0.091787 0.041666 -0.048505 -0.003297 0.018318 -0.084153 0.035366 -0.013490 -0.087338 0.081296 -0.046814 0.068366 -0.047964 0.090473 -0.029846 -0.018063 0.003533 -0.072573 0.008374 0.028160 -0.076249 -0.022860 -0.007685 -0.022401
 -0.055491 0.075963 -0.016917 -0.096139 -0.026664 -0.041877 0.067100 0.038523 0.049340 -0.043868 0.022105 0.014829 0.027236 0.028899 -0.021700 -0.086894 0.071575 -0.095150 0.098164 -0.044026 0.078225 0.051683 -0.098716 -0.034615 0.078346 -0.020332 0.069113 0.040763 -0.024878 -0.007546 0.088845 -0.099754
 -0.055309 -0.079068 -0.046266 0.055430 0.020283 0.041292 0.062270 -0.019351 0.031953 0.081288 -0.015824 0.047419 -0.088801 -0.096960 0.058706 0.087694 0.074510 0.056587 -0.081417 -0.021247 -0.081457 0.056059 0.065215 -0.045242 -0.083651 -0.042273 0.073133 0.019309 0.035319 0.097087 0.019889 0.045294
 -0.092271 0.093162 0.010879 0.046455 0.003346 -0.095511 -0.099193 -0.016418 0.087051 0.008305 0.026590 0.003202 0.027056 0.095362 -0.088785 0.037665 0.093431 -0.079886 -0.077795 -0.088235 0.062381 -0.094709 0.000019 0.006031 0.028855 -0.024612 -0.066471 0.076190 -0.091911 -0.025133 0.017484 0.008219
 -0.001523 0.081531 0.038998 0.012929 -0.060428 -0.025607 -0.049479 -0.066722 -0.051409 -0.017482 0.065024 0.035526 -0.093756 0.038203 -0.027012 0.087249 -0.024229 0.060654 0.003005 0.055052 0.076287 -0.036600 -0.029625 0.002084 0.041055 -0.067917 0.051066 -0.060178 0.032270 -0.085598 -0.055141 -0.097026
 0.008060 0.022014 -0.046287 -0.073112 -0.011790 0.039600 -0.056889 -0.070290 0.070132 0.031724 -0.089801 0.044874 -0.070781 -0.076682 -0.029148 -0.029948 0.014104 0.050606 0.084569 -0.093656 -0.036487 -0.016673 -0.039387 0.016522 -0.047387 -0.016280 0.021176 -0.087942 -0.040965 -0.056620 -0.091475 0.070199
 0.086978 -0.031073 -0.061139 -0.024061 -0.073945 0.032338 0.022949 0.001871 0.098096 -0.023855 0.015037 0.010522 0.083669 -0.041660 -0.049219 0.009590 0.003700 -0.068097 -0.001487 0.058582 0.045421 -0.060106 0.047864 0.065873 -0.065809 -0.013133 -0.098499 -0.080949 -0.078864 0.015720 0.060173 0.024793
 0.028755 -0.036847 -0.028868 0.039316 0.050640 0.044043 -0.033190 -0.008416 -0.002535 -0.056974 -0.011885 0.041425 0.030846 0.035493 -0.094302 -0.084207 -0.055812 -0.056371 0.009118 -0.034331 0.006150 -0.030846 -0.073235 -0.070595 0.017214 0.001973 -0.034025 0.045503 0.009705 -0.076548 0.034943 -0.017731
 -0.031513 -0.097567 -0.093022 0.032219 -0.010318 -0.019474 0.056769 0.030392 0.021322 -0.079922 -0.040542 -0.076234 0.097968 -0.010880 0.029345 -0.075420 -0.009711 -0.006935 0.096699 -0.039297 0.065689 0.030452 -0.080666 -0.044274 -0.081605 -0.084026 0.046827 0.066794 -0.018168 -0.066074 0.001196 0.069427
 -0.000221 -0.011418 -0.035745 -0.079057 0.004077 0.014883 -0.016154 0.077618 -0.007939 -0.069665 -0.031053 -0.000580 0.026221 0.041609 0.012882 -0.093689 -0.073799 -0.091879 -0.022060 -0.028386 0.094391 0.041009 -0.041558 0.016956 0.052572 -0.068711 0.031754 0.013768 0.068115 0.026825 0.006032 -0.034346
 0.088477 -0.068023 -0.029337 0.041218 -0.071744 -0.082294 0.076036 -0.096034 0.083907 0.081212 -0.014488 -0.072480 -0.066957 0.073256 -0.004017 -0.067020 -0.059288 0.069880 0.065498 0.046519 0.064395 -0.041092 -0.058448 -0.009067 -0.096451 0.004334 -0.080752 0.068515 -0.015547 -0.056886 0.057837 0.075192
 -0.075032 -0.071516 -0.096896 -0.091975 -0.078370 -0.076730 0.088758 0.017820 -0.035471 -0.019483 0.018285 0.031164 0.024033 -0.084924 -0.024005 0.041249 0.030692 0.016792 -0.014704 -0.028652 -0.028447 0.061937 -0.059398 0.017947 -0.016592 -0.053642 0.033509 -0.099268 0.054933 0.036922 0.010265 -0.008130
 -0.058968 0.058584 0.017919 -0.014527 0.026850 -0.065750 -0.087860 -0.037768 -0.022221 -0.085385 0.098542 0.085198 -0.087578 -0.047650 0.080802 0.021033 -0.071688 0.079742 0.090633 0.092503 0.075667 0.085371 -0.026414 -0.059738 -0.058906 0.086316 -0.069547 -0.099562 0.056739 -0.010744 -0.087111 0.096838
 -0.029501 0.070710 0.001246 -0.066510 0.042430 -0.043697 0.019883 0.079628 0.003800 -0.086010 -0.097098 0.054292 0.038402 -0.048660 -0.024917 -0.018748 0.072482 -0.011660 -0.078300 0.035755 0.092802 0.087689 -0.085317 0.071818 0.045279 -0.066049 0.000122 0.022608 0.089910 -0.092909 -0.017479 -0.054803
 0.097316 0.063803 -0.015747 0.089982 -0.078887 -0.095627 -0.025181 0.061409 -0.020356 0.022298 0.006422 0.097861 -0.059183 0.023821 -0.083857 0.011872 -0.059127 0.048695 0.069232 0.016241 0.096756 -0.051102 0.008830 0.002350 -0.088380 0.099272 0.069938 -0.007553 0.072626 -0.059351 0.072954 -0.003751
 -0.076050 0.027364 -0.099847 -0.022048 0.028127 -0.086594 -0.036263 -0.050348 0.047112 -0.048132 0.004342 -0.062221 0.019061 0.089511 0.006432 0.086234 0.049290 -0.031011 0.030953 0.066392 -0.036227 0.030219 -0.041189 -0.088498 -0.036987 0.059435 0.053383 -0.086087 0.040024 0.030102 -0.034922 -0.044487
 0.093695 -0.075529 0.000349 0.028561 -0.012068 0.018630 0.093462 0.023468 -0.030260 -0.015897 -0.002089 0.082587 0.089378 0.032406 -0.089159 -0.067014 0.057120 0.082863 -0.018154 0.065898 -0.021895 0.026732 0.020967 0.065988 0.088814 -0.069024 0.011610 -0.087934 -0.000228 -0.025596 -0.058397 -0.038345
 0.089955 -0.007959 0.091132 0.004902 -0.081413 0.080003 -0.019738 -0.042291 -0.007880 -0.065744 -0.052497 -0.046229 -0.078993 0.076702 -0.092841 0.088060 -0.052250 0.064516 -0.088395 0.034601 0.093519 0.003305 0.090501 -0.091153 0.012710 0.039090 -0.028529 -0.092653 -0.020231 0.094783 0.004035 -0.034304
 -0.098055 0.018548 0.080769 -0.055006 0.041833 -0.093083 -0.040507 0.093360 0.062540 -0.047826 0.062442 0.006386 0.045707 -0.099996 0.080099 0.077915 -0.044692 -0.078099 0.054812 0.025139 -0.037480 0.080450 0.010056 -0.081782 -0.000792 0.030754 -0.049281 -0.049739 0.016825 0.010437 0.022926 0.058258
 0.013217 -0.061050 0.039515 0.056764 -0.019257 -0.076086 -0.009885 0.023983 0.094130 -0.058632 -0.089427 0.015735 0.066546 -0.079890 0.044174 0.064322 -0.012052 0.000225 -0.095440 -0.082648 0.021059 -0.005094 0.011819 0.038375 -0.037795 -0.026011 -0.053340 0.048984 -0.000939 -0.041436 0.034516 0.099639
 0.056476 0.062636 -0.077384 0.033082 -0.056482 0.043076 0.000706 0.063604 0.074283 -0.020568 -0.083348 0.081924 -0.088512 0.079517 0.016239 0.076350 -0.044132 0.043595 -0.093415 0.095150 0.056792 0.072715 0.028071 0.053111 -0.085314 0.091676 -0.002461 -0.085608 0.067005 -0.009147 0.076469 0.081289
 -0.000174 0.067742 -0.063984 -0.014247 -0.097489 -0.017978 -0.099186 -0.044756 -0.006737 -0.080334 0.096462 0.027384 0.061544 -0.019388 0.098503 -0.012150 0.069101 -0.004286 -0.015918 0.077438 -0.042395 0.051843 -0.059963 -0.045164 -0.027111 0.048730 -0.047479 0.065004 0.025177 -0.050753 0.077840 0.034664
 0.028604 0.057421 0.021104 0.094712 -0.076052 0.032812 0.094984 -0.007667 0.048785 -0.009343 -0.061386 -0.015971 0.010609 -0.050154 0.045602 -0.093163 0.078603 0.036224 0.060434 0.035250 -0.072487 0.021870 0.055663 -0.084516 -0.091759 0.055184 0.046844 -0.071225 0.014945 -0.006794 -0.010297 0.077068
 0.072111 -0.073044 -0.066205 0.065729 -0.089813 0.075143 -0.066940 0.017956 -0.097811 -0.084611 0.015652 0.025189 0.083397 -0.037259 0.004912 -0.009638 -0.062238 0.073505 0.049050 -0.034482 -0.099945 -0.077406 -0.080578 0.004224 0.087966 0.000428 0.040706 0.026240 0.029201 -0.052605 0.054467 0.017219
 0.024117 0.051567 -0.054208 0.052500 0.049501 0.050396 -0.051968 -0.041054 -0.013923 0.043684 0.061259 0.096677 0.077659 -0.089130 -0.024427 0.035440 0.027914 0.003600 -0.006844 -0.099850 -0.043936 -0.047527 0.000173 0.070656 -0.070590 0.086090 -0.005647 0.067773 -0.038731 -0.004219 0.034593 -0.049552
 0.072002 0.052627 0.012867 0.068211 -0.077083 0.090098 0.094317 -0.020042 0.081151 0.042897 0.080398 0.002668 0.013396 -0.041975 -0.036686 -0.019716 -0.041249 0.003425 0.068917 0.076817 0.088091 0.050893 -0.093201 -0.038116 0.094261 -0.075678 -0.001029 -0.051820 -0.094595 0.090850 0.050386 -0.016830
 0.055284 0.004133 0.019238 0.070723 0.022331 0.049111 0.079081 -0.004625 0.001248 0.081302 0.039200 -0.064782 0.032476 0.036611 -0.058354 -0.016538 -0.045909 -0.049102 0.087969 0.048306 -0.026813 0.022280 0.092441 0.045971 0.071421 -0.060925 0.056295 0.038781 -0.095038 -0.032003 0.056290 -0.038459
 -0.021897 0.022814 0.054923 0.057631 0.029272 0.081549 0.018262 0.080997 -0.040859 -0.046917 -0.001596 0.058399 0.067369 -0.094411 -0.055995 0.005630 0.039144 0.043983 -0.042051 0.053802 -0.039975 0.099780 0.035863 -0.007152 0.009708 -0.000637 0.014952 -0.066760 0.040661 -0.087466 0.040769 0.074997
 0.011029 0.079530 0.065293 0.060773 -0.017632 -0.010332 0.030603 -0.027209 -0.053319 0.063657 0.058274 -0.071545 -0.054557 0.061069 -0.009031 -0.069632 0.076929 0.026182 -0.037749 -0.056380 -0.092747 -0.019125 0.097066 0.067286 0.038929 -0.067953 0.096164 0.043619 -0.088610 -0.093450 -0.078876 0.044241
 0.097755 0.064354 0.098072 0.087453 0.009827 0.052998 -0.030887 0.083431 0.094403 0.028813 -0.086463 -0.071443 0.004958 -0.062304 -0.080842 -0.089070 0.011129 0.013075 -0.008856 -0.081353 0.001956 -0.037647 -0.034882 0.048015 0.029286 -0.015442 -0.099404 0.000339 0.019424 0.072503 0.078338 -0.028673
 -0.092040 0.039893 0.080127 0.012532 0.094564 0.090099 0.019540 0.090256 0.006263 0.055006 -0.080519 0.057862 -0.055593 0.015125 0.033422 -0.075350 -0.021526 -0.016957 0.082292 0.033525 0.067597 -0.062529 0.000647 -0.006404 -0.055025 -0.013127 -0.058059 0.052890 0.068545 0.096955 0.038241 0.087338
 -0.003262 -0.027322 0.039780 -0.081507 0.049694 -0.091646 -0.003226 -0.064430 -0.018897 -0.010305 0.077210 0.012910 -0.033337 -0.050214 -0.034548 -0.041797 0.026230 0.087752 -0.047649 -0.099022 -0.060629 0.089038 -0.095408 -0.001979 -0.080201 -0.013781 -0.038478 0.035158 -0.021357 0.016620 0.024274 0.065894
 0.050173 0.016606 -0.059104 0.001156 0.092439 -0.052963 0.085397 0.049872 0.088218 0.019545 -0.092086 0.015859 0.070938 -0.095390 -0.066090 -0.053725 -0.072080 -0.066606 -0.004489 -0.005044 0.012753 -0.022462 0.049433 0.009748 0.083316 -0.024145 0.097038 0.008586 0.070249 -0.025035 -0.063308 0.016677
 -0.079500 -0.032843 -0.005228 -0.038436 0.025799 0.071893 -0.094004 -0.073118 -0.040258 0.058418 -0.074795 0.062307 0.068380 0.039522 -0.036418 0.025898 -0.099713 -0.035375 -0.081430 0.043697 0.020631 -0.009767 -0.011314 0.081965 0.090271 0.095425 0.053195 0.052857 -0.060938 -0.052106 -0.019885 -0.024957
 0.087700 0.070892 -0.061245 0.028457 0.024117 0.070944 0.061497 -0.004690 0.055213 0.006327 0.095686 0.091754 -0.007547 -0.012694 -0.054205 0.076224 -0.046349 0.033036 -0.063195 -0.084825 -0.058058 0.057791 0.011683 0.038094 0.064507 -0.016916 0.015875 -0.061556 -0.069121 -0.000730 -0.033864 -0.072915
 0.047998 0.084033 0.050377 -0.092457 -0.078199 -0.071528 -0.074770 -0.095379 0.094813 -0.008695 0.022900 0.011791 -0.038932 0.079826 -0.095564 0.040428 -0.011056 -0.086882 -0.038375 0.056795 0.059594 -0.013541 -0.068982 -0.097416 -0.027923 0.084229 0.092820 0.001359 -0.028371 0.004479 -0.021971 -0.080792
 -0.068962 -0.061440 -0.070684 -0.030459 0.004433 -0.088121 -0.098471 -0.000707 0.011737 0.015778 -0.056347 0.089908 0.087971 -0.042975 -0.096829 -0.010900 -0.007773 0.062569 -0.087996 -0.063435 0.061564 0.010588 0.045272 -0.042323 -0.032395 0.047096 0.095395 -0.065073 0.007406 -0.016518 0.024267 0.074921
 0.065570 -0.027403 -0.069181 -0.061388 -0.041327 0.028108 0.079999 0.046286 -0.077882 -0.025467 0.084908 -0.075844 0.065746 0.015049 0.046828 -0.036460 0.050785 0.069066 0.091538 0.041577 -0.059832 0.061466 0.055298 -0.067784 0.017974 0.090437 -0.075013 0.004575 0.082770 0.099935 -0.059685 -0.010085
 -0.083906 -0.028688 -0.020416 -0.062606 0.047217 -0.095448 0.055279 -0.098156 -0.090605 0.075543 -0.067267 0.062368 0.010506 0.047915 -0.067983 -0.062714 0.054208 0.049311 0.009542 -0.029349 0.038145 -0.080916 -0.062189 0.073921 0.037721 -0.099244 0.052202 0.095136 0.095084 0.047735 0.045420 -0.012213
 -0.027730 0.047688 0.020006 -0.002962 -0.031079 -0.036693 0.014316 0.041560 0.005689 -0.039735 0.053551 0.087130 -0.053021 0.017924 -0.068087 -0.015225 -0.085928 -0.061489 0.008267 -0.024328 0.068946 -0.093090 0.018993 0.048440 0.025672 0.051348 0.035067 0.074019 0.040519 0.076549 0.013328 -0.030134
 -0.027902 0.026666 -0.097483 -0.017467 -0.081154 0.042157 0.001325 0.049644 -0.002382 0.006214 -0.082606 -0.065397 -0.094724 -0.080789 0.080168 0.055954 -0.045221 -0.097279 0.040440 0.071919 -0.053749 -0.056768 -0.023644 -0.023104 0.042948 0.032234 -0.017049 -0.004941 0.019306 0.053531 0.015888 0.073360
 0.096676 -0.023126 -0.025039 0.042702 -0.086544 -0.081940 -0.093513 -0.089904 -0.085557 -0.076696 -0.094716 0.027552 -0.091827 -0.053199 0.003304 0.089337 0.087525 0.045610 0.017013 -0.010929 0.058373 0.026039 -0.047451 0.070768 0.039202 0.027581 0.086085 0.040930 0.014621 0.051316 -0.034923 0.091659
 -0.030306 -0.003782 0.018792 0.043570 0.094355 -0.076087 0.049129 -0.014086 0.061710 -0.036682 0.013790 -0.038608 -0.007414 0.039224 -0.094446 0.077788 -0.012769 -0.054354 0.039623 0.012303 -0.011276 -0.071816 -0.075847 -0.053281 -0.024421 -0.030356 -0.011245 0.088641 -0.035736 -0.056502 0.005908 0.019799
 0.075681 0.003721 -0.038121 0.090161 0.028576 -0.035560 0.031285 -0.045211 -0.025331 0.011721 0.013783 0.079914 -0.044416 0.097515 -0.096348 0.048636 0.000807 -0.001068 -0.002430 -0.025439 0.062339 0.058041 0.063418 -0.084607 -0.093325 0.040499 0.027025 -0.087245 -0.007554 0.006002 -0.091062 -0.044591
 -0.006035 0.005967 0.081686 0.029980 -0.004531 -0.073142 0.060626 0.097523 0.046645 0.070313 0.090198 0.056025 0.050067 0.048587 -0.072052 -0.067396 -0.095204 0.035510 0.060650 0.067957 0.080025 0.062561 -0.056218 -0.048327 -0.046262 -0.002357 0.031334 -0.040053 -0.071446 0.024125 -0.042082 -0.071194
 -0.078376 0.049528 0.035751 -0.081605 0.031172 0.002428 -0.028373 0.007800 0.072694 0.089787 0.068341 0.028434 -0.083259 -0.043016 -0.097612 -0.032186 -0.056996 -0.034205 -0.080401 -0.069172 0.043635 0.078373 0.055456 0.065437 -0.053387 0.070406 0.045283 0.097054 -0.009847 -0.024767 0.096834 -0.096266
 0.025462 0.039365 0.056831 -0.038707 0.092195 0.054095 -0.020134 -0.002660 -0.083104 0.008874 -0.072517 0.019715 0.010131 0.095544 -0.045161 0.064621 0.076515 0.037199 -0.021518 0.066946 0.089367 -0.066092 -0.080952 0.097994 0.091375 -0.093949 -0.077670 -0.003309 0.024982 -0.022357 0.035620 -0.023019
 0.022251 -0.088316 0.004242 0.076071 0.051859 0.055851 -0.013914 -0.003284 0.051962 -0.010573 0.064407 0.097576 0.009294 -0.018907 0.058571 -0.076136 0.003892 -0.086799 -0.069591 -0.092464 -0.080039 0.032249 0.017975 -0.080162 -0.042468 -0.068601 0.095329 0.009205 0.086578 0.062765 -0.054025 0.033050
 0.010568 0.007040 -0.051568 -0.089879 0.072090 -0.073038 0.076431 0.026969 -0.055707 -0.079117 -0.000855 -0.059278 0.021543 0.032968 0.059591 -0.079169 0.052531 0.064299 -0.092986 0.091169 -0.070471 0.031569 0.049763 0.085864 0.055803 0.004830 -0.078912 -0.036085 0.094778 -0.004194 0.094424 0.048789
 0.033903 0.012865 0.021468 -0.002220 0.013204 -0.074739 -0.027848 0.021437 0.035159 0.085343 -0.005005 -0.002028 -0.084989 -0.025724 -0.089315 -0.044396 0.053008 0.040183 0.003452 -0.096440 -0.050434 0.077169 -0.048194 -0.017839 0.041781 -0.068439 -0.014736 -0.068187 0.033100 0.073411 -0.048236 0.094987
 0.038719 -0.003576 0.063353 0.018583 -0.077817 -0.049892 -0.009602 -0.023605 0.008294 0.063461 -0.084447 0.086357 -0.009828 0.012112 0.062968 0.029813 -0.034518 -0.057209 -0.049928 0.053718 0.008146 -0.091440 0.043431 -0.045360 0.057216 0.054012 0.029938 -0.087978 -0.090399 0.078631 0.079407 -0.087800
 -0.088896 -0.063265 0.073738 0.072246 0.047389 0.085208 -0.079771 0.009007 0.048024 -0.030230 0.060571 -0.097085 0.036267 0.096435 0.072024 -0.060490 -0.089443 0.003754 0.029542 -0.090083 -0.082004 -0.029582 -0.022429 -0.054849 0.013673 -0.068355 -0.073111 0.024006 0.051488 0.052598 -0.075327 0.004538
 0.081232 0.035501 -0.042647 0.078504 -0.020072 0.065790 0.058150 -0.096802 0.078942 -0.013444 0.060450 0.082325 0.044117 0.097198 -0.038195 -0.006262 0.078870 0.090934 -0.088585 -0.074650 0.024770 0.013626 0.018669 -0.083003 0.019519 -0.008661 -0.078487 -0.007029 0.033119 -0.057075 -0.010527 -0.018326
 -0.004215 -0.070858 -0.012272 -0.041637 -0.046977 0.066365 0.039449 -0.020167 -0.077648 -0.034726 -0.072916 0.024833 -0.079029 -0.074643 0.041408 0.013196 -0.098072 -0.095241 -0.035734 0.071556 0.089934 -0.077686 -0.017690 -0.048933 -0.089379 0.004060 0.080915 -0.087847 0.062785 -0.000151 -0.042836 -0.035352
 0.085886 -0.095748 -0.071803 0.091152 0.037690 0.054185 0.032367 -0.073915 0.039011 0.090253 -0.096470 0.043760 0.085255 0.064228 0.089805 -0.072966 -0.055214 -0.055795 0.008214 -0.081265 0.038435 -0.024616 0.035505 0.086562 -0.012886 -0.010384 0.024140 -0.043022 0.005677 0.092141 0.070185 -0.017961
 0.021388 -0.018501 0.062903 -0.030804 -0.004104 0.015401 0.024074 0.064386 0.014146 -0.066953 0.073830 -0.080743 0.020991 -0.098822 0.050689 0.070057 0.002871 0.001406 -0.031478 0.094793 0.073385 -0.075014 0.069529 -0.045104 -0.062255 0.052395 -0.004421 0.029917 0.040873 0.097342 -0.046870 -0.046980
 -0.001310 -0.077263 -0.053954 0.009145 -0.066816 -0.023745 0.046264 -0.075645 -0.053130 -0.020296 0.097328 0.072642 -0.030302 -0.075500 -0.010483 -0.039438 -0.020079 0.082893 -0.062570 -0.040585 -0.041889 0.098363 0.053746 -0.046989 -0.020743 0.039019 0.000290 0.068390 0.017495 0.024638 0.046180 -0.047443
 -0.057424 0.047909 0.022191 0.073903 0.042425 -0.063286 0.019084 0.056985 -0.056643 0.059443 -0.078559 0.092973 0.023707 -0.066921 0.042627 0.003825 -0.053129 0.018625 0.068495 -0.097177 -0.098883 0.046087 -0.098026 -0.055829 -0.015387 0.083234 -0.002262 0.068638 0.003921 0.042963 0.099262 -0.049051
 -0.038459 -0.014543 -0.054518 0.043523 -0.040626 -0.039529 -0.007114 -0.069597 -0.008319 -0.039511 0.041321 -0.086279 -0.083024 0.064084 0.088586 -0.084647 0.032738 0.048156 0.057417 -0.021860 -0.028042 -0.068419 -0.005670 0.090805 0.038642 -0.020628 0.098080 0.028990 -0.070608 0.093530 0.000934 -0.006180
 -0.085670 0.076413 0.065122 0.045391 0.008824 0.009876 -0.054427 -0.080237 0.033865 0.060467 0.059261 0.059965 0.081594 0.060124 0.058151 -0.042772 0.093337 -0.057736 0.009453 0.042651 0.032795 -0.032233 0.008680 -0.060399 -0.049669 -0.011673 0.055719 0.025247 0.059191 -0.079797 -0.073784 0.001449
 -0.013840 -0.036310 -0.073460 0.050702 0.052842 -0.086183 -0.025903 0.021026 -0.011397 -0.008017 0.078221 0.034175 0.058704 -0.029615 -0.018157 -0.034859 0.063565 -0.073723 0.032410 0.060206 -0.062355 0.066460 -0.033400 -0.031047 -0.005369 0.007144 -0.011468 -0.017653 -0.002206 0.026395 0.047135 0.040417
 -0.050906 0.016677 -0.057036 -0.008650 -0.060334 0.029356 0.076544 0.027999 -0.022490 0.022740 0.055802 0.085381 -0.074477 0.091839 -0.002459 0.003318 0.012852 -0.071440 -0.019893 0.030926 0.079337 0.044131 -0.004481 0.051143 -0.024859 -0.038844 0.081410 0.027650 -0.086152 0.014557 0.037472 0.024046
 -0.016616 -0.003444 0.081258 0.001463 0.005169 0.015075 -0.063715 -0.084242 -0.033207 -0.027643 -0.090581 -0.006743 0.034594 -0.050822 0.006562 -0.082843 0.038405 0.039415 0.044374 -0.024922 -0.045578 -0.046579 -0.097327 -0.087971 -0.089176 -0.082199 0.009815 0.022300 -0.041341 0.053789 0.087496 0.012167
 0.036814 -0.064661 0.017411 -0.049056 -0.077859 0.091535 0.054649 -0.055154 0.093356 -0.007323 0.089466 0.026418 -0.003504 0.084315 0.064533 -0.054464 0.023242 0.022062 0.016984 -0.078909 0.083952 -0.087285 -0.011754 0.085068 0.008101 -0.009436 0.020708 -0.071347 0.035173 -0.098812 -0.037130 -0.098812
 -0.097389 0.000539 -0.004501 -0.032445 0.006064 0.027817 0.096376 0.061953 0.061433 0.002028 -0.098306 -0.072027 -0.097899 0.087504 0.030486 -0.078436 -0.095058 -0.053049 -0.061354 -0.028181 0.051094 -0.068222 -0.032588 0.045758 0.032314 -0.087557 -0.084740 -0.037464 -0.043509 -0.062604 0.066890 -0.000982
 0.071843 0.004793 -0.036074 0.057047 0.013020 0.068943 -0.069017 -0.051573 0.057872 -0.047685 0.085583 -0.055396 0.094770 -0.012027 0.099481 -0.060407 0.091128 0.059000 0.009321 -0.053534 -0.008230 0.090992 0.070896 0.022838 0.060537 -0.074696 -0.012661 0.023890 0.039135 -0.085800 -0.097437 0.032559
 0.087482 0.023442 0.060465 -0.014952 0.098329 -0.002796 -0.073260 -0.010446 -0.003357 0.043449 0.022675 0.067493 0.023675 -0.042176 -0.070372 -0.044579 0.091483 -0.072235 -0.077575 0.080937 -0.025674 0.014541 0.094689 0.027016 -0.018762 0.081886 -0.016186 0.018020 0.032239 -0.066866 0.062000 -0.012676
 -0.035417 0.031468 -0.025717 -0.066640 -0.072377 -0.041068 0.061167 0.021419 -0.073514 -0.055882 -0.042537 0.040774 0.050379 0.084612 0.018162 -0.022290 -0.026994 0.061194 0.067156 -0.008811 -0.021956 0.005436 0.034956 -0.018533 0.044545 -0.007363 -0.067241 0.094395 -0.005374 0.008500 -0.060888 0.066589
 -0.073053 0.049240 0.013090 0.005759 0.074196 0.051171 -0.087903 0.021621 -0.022847 -0.072870 0.025435 -0.044447 0.022253 -0.063657 -0.061457 -0.093612 0.025511 0.045325 -0.070827 -0.071825 0.025458 -0.074411 -0.010592 -0.024614 -0.084349 -0.091035 0.076600 0.094807 -0.083807 0.001006 -0.071991 -0.044376
 0.029012 -0.028906 0.000358 0.042356 0.041847 0.047273 -0.012716 0.042189 -0.062101 -0.047507 0.061704 -0.059557 -0.068470 0.066038 -0.020544 0.032249 -0.058407 -0.019076 -0.092567 -0.075196 0.016532 0.079571 -0.013547 0.013543 0.074376 0.075761 -0.003782 0.068767 0.063592 -0.089648 0.032252 0.032170
 0.023817 -0.048258 -0.070614 0.031562 0.064529 0.038507 -0.073832 0.019764 -0.010808 -0.001801 -0.019790 0.031264 0.045000 -0.061416 0.097225 0.023815 -0.009010 0.025930 -0.035333 -0.074212 0.033704 0.089193 -0.046672 0.037789 0.085446 0.098903 0.044972 -0.078783 -0.043320 -0.017026 -0.029421 0.048357
 -0.079242 -0.007098 0.042529 0.093904 0.037973 0.048578 0.085785 0.077514 0.010705 -0.043795 -0.098830 0.083790 -0.030323 -0.066894 -0.094205 -0.005296 -0.011531 -0.067817 0.056841 -0.089123 -0.085485 -0.032038 -0.087785 -0.007719 -0.094984 -0.098842 -0.028167 0.080322 -0.054969 -0.043406 0.089271 -0.010665
 0.045388 -0.093271 -0.055369 0.068798 0.017789 -0.087293 -0.097558 -0.016370 0.099800 0.088538 -0.058854 0.030771 -0.087248 -0.020320 -0.048220 -0.048626 0.033244 -0.013722 0.042211 -0.068351 -0.091153 -0.049794 -0.044956 0.020559 -0.006510 -0.026250 0.098381 0.018940 -0.020969 -0.013009 0.024443 0.088336
 -0.062353 -0.057085 -0.030122 0.087656 -0.054216 0.008299 0.063675 -0.057838 0.017813 -0.087166 0.090553 -0.008291 0.028271 0.003822 -0.050929 0.040346 -0.026926 0.047032 -0.045119 -0.076244 -0.079518 -0.036427 0.026888 -0.050016 0.089445 -0.061910 -0.017447 -0.029636 -0.094599 -0.041738 0.049107 -0.082135
 -0.085705 -0.071442 0.051504 0.083854 -0.008520 -0.001301 -0.099919 -0.037229 0.034882 -0.084595 0.075949 0.073238 -0.051715 -0.059965 -0.035690 -0.096716 0.050566 0.054482 -0.022773 -0.010169 -0.088559 0.037491 0.071476 -0.079507 -0.074761 -0.056377 -0.066502 -0.042625 0.038248 -0.045394 -0.005532 -0.017791
 -0.063465 -0.027221 0.041413 -0.092174 0.044868 0.027245 -0.073944 0.079572 -0.018409 -0.066735 -0.012804 0.038478 0.018724 0.058690 -0.060858 -0.048456 -0.093555 -0.095361 0.023036 -0.029061 -0.051107 -0.094531 0.024230 0.004149 -0.073861 -0.050110 -0.089966 -0.084172 0.022266 0.068446 -0.094081 0.021194
 -0.099844 -0.062543 0.050686 -0.063610 -0.027183 0.099633 0.039598 0.004509 0.025719 -0.038152 0.065364 0.069219 -0.092035 0.028458 -0.085547 0.029969 -0.040455 0.012676 0.053992 0.088763 -0.053051 -0.022205 0.028723 -0.001135 0.090998 -0.048992 0.036744 0.009739 -0.083258 -0.061036 0.077474 -0.029536
 -0.051983 -0.077273 -0.032377 -0.099711 0.010630 0.037774 0.018797 -0.000297 -0.099394 -0.089761 0.044760 0.037427 -0.070304 -0.037598 0.059552 0.000595 -0.001809 -0.001302 -0.068150 0.013077 0.064095 -0.005308 0.074032 -0.042750 -0.097896 0.021958 -0.064644 -0.065984 -0.079428 0.060223 -0.048710 0.075846
 0.086678 0.072951 0.043714 0.072708 0.076697 0.053135 0.010246 0.060581 -0.099819 0.015615 0.063102 0.036428 -0.069820 0.086992 0.090704 -0.024710 -0.054208 -0.029768 -0.093390 -0.043126 0.078790 -0.053282 -0.027170 0.045071 0.091443 -0.013948 0.063561 0.067183 -0.098348 -0.088756 0.027679 -0.072485
 0.091829 -0.023321 -0.001742 -0.049223 0.026394 -0.016013 -0.015982 -0.059410 -0.050484 -0.041330 -0.050294 0.079057 0.061743 -0.041631 0.023884 -0.055287 -0.082270 0.089059 0.027498 -0.019549 -0.095764 0.061286 0.048364 0.051372 0.028335 0.035449 0.098117 0.077475 -0.061395 -0.023189 -0.014489 0.083799
 0.083076 0.062570 0.097396 0.031368 0.045494 0.006576 -0.083558 0.069178 0.058770 0.088862 0.052966 -0.065137 -0.055749 0.094421 -0.003307 -0.095679 -0.076925 0.025931 -0.027833 -0.099974 -0.037086 0.079530 0.049214 -0.034475 -0.039934 0.011155 0.072355 0.083023 0.055245 0.062867 0.054662 0.094002
 0.025375 0.032277 -0.076481 -0.046729 -0.006493 0.035405 -0.073934 -0.013095 -0.069995 0.029193 -0.021993 0.095033 -0.041214 -0.052668 0.039961 0.066282 0.087802 -0.094071 0.055277 0.052791 -0.027151 -0.098263 -0.069111 0.003926 0.096325 0.055689 -0.093201 -0.041304 -0.009999 0.017710 0.025607 -0.023872
 0.068516 -0.096734 -0.065308 0.040853 -0.067775 0.070808 0.043216 0.048722 -0.065796 0.054691 0.068284 0.023484 0.033616 0.097899 -0.080464 -0.025523 -0.045835 -0.072784 0.071600 0.039062 -0.098416 -0.065178 -0.037552 -0.061751 0.036993 -0.014763 0.038355 0.004556 -0.056599 -0.065740 0.085565 -0.064387
]
Total memory size for keys: rot_key_cnt = 25, rot_key_size = 314578800 bytes, total_key_size = 337647904 bytes
Total memory size for weight plain: cnt = 147, size = 229124440 bytes
RTLib functions         	       Count	      Elapse
--------------------    	    --------	    --------
FINALIZE_CONTEXT        	           1	    0.002846 sec
PREPARE_CONTEXT         	           1	    1.590573 sec
ENCODE_ARRAY            	         148	    0.898658 sec
NTT                     	        1114	    1.301780 sec
INTT                    	         188	    0.239950 sec
MAIN_GRAPH              	           1	    2.290961 sec
 HW_ADD                  	        1040	    0.064285 sec
 HW_MUL                  	         872	    0.256607 sec
 HW_ROT                  	         154	    0.012551 sec
 COPY_POLY               	           1	    0.000038 sec
 PRECOMP                 	          26	    0.450250 sec
 MOD_DOWN                	          52	    0.455221 sec
 FAST_DOT_PROD           	          52	    0.106774 sec
 RESCALE_POLY            	           6	    0.018650 sec
 COPY_CIPH               	          13	    0.007724 sec
 INIT_CIPH_SM_SC         	         188	    0.003738 sec
 INIT_CIPH_UP_SC         	         146	    0.017602 sec
 INIT_CIPH_DN_SC         	           3	    0.000166 sec
 PT_ENCODE               	         147	    0.893219 sec
MAIN_GRAPH              	   sub total	    2.286826 sec
3.95s 436940KB
Exit 0 - Check log: /app/ae_result/hpao/i16x32x32_ci16_co16_k3p1s1.lmr.log
LINK_EXEC RETV:0
LINK_EXEC CMD TIME:4.634057s
