FAST_DOT_PROD=0
/app/hpao_cmplr/bin/fhe_cmplr /app/model/i16x32x32_ci16_co32_k3p1s2.onnx -o /app/ae_tmp/i16x32x32_ci16_co32_k3p1s2.onnx.c -POLY:mef -P2C:cte:ctp:df_limit=819200 -VEC:conv_fast -VEC:ms=32768 -CKKS:N=65536 -P2C:df=/app/ae_tmp/i16x32x32_ci16_co32_k3p1s2.onnx.weight -CKKS:sk_hw=192 -O2A:ts -FHE_SCHEME:ts -VEC:ts -SIHE:ts -FHE_SCHEME:ts -POLY:ts -P2C:ts -CKKS:ts:q0=60:sf=56 -POLY:ts -P2C:ts -P2C:fp -SIHE:relu_vr_def=10
[/app/hpao_cmplr/bin/fhe_cmplr][ONNX2AIR][--] : phase_time = 0.000224 / 0.000378(s)
[/app/hpao_cmplr/bin/fhe_cmplr][SCHEME_INFO_ANALYZE][--] : phase_time = 0.000014 / 0.000399(s)
[/app/hpao_cmplr/bin/fhe_cmplr][VECTOR][--] : phase_time = 0.057207 / 0.057610(s)
[/app/hpao_cmplr/bin/fhe_cmplr][SIHE][--] : phase_time = 0.009808 / 0.067431(s)
[/app/hpao_cmplr/bin/fhe_cmplr][CKKS][--] : phase_time = 0.012961 / 0.080404(s)
[/app/hpao_cmplr/bin/fhe_cmplr][POLY][--] : phase_time = 0.064690 / 0.145104(s)
[/app/hpao_cmplr/bin/fhe_cmplr][POLY2C][--] : phase_time = 2.555982 / 2.701098(s)
COMPILE RETV:0
COMPILE CMD TIME:2.727517s
/app/hpao_cmplr i16x32x32_ci16_co32_k3p1s2.onnx /app/test/i16x32x32_ci16_co32_k3p1s2.c i16x32x32_ci16_co32_k3p1s2.onnx.c
ckks_param: _provider = 0, _poly_degree = 65536, _sec_level = 0, mul_depth = 6, _first_mod_size = 60, _scaling_mod_size = 56, _num_q_parts = 3, _num_p = 3, _num_rot_idx = 80,_hamming_wieght = 192
input(tensor): [
 -0.077059 -0.054434 0.086596 -0.071016 0.080707 0.098565 -0.049437 0.054257 0.059682 0.026481 0.009447 0.085578 -0.040057 0.055112 -0.048368 0.055198 0.032744 -0.050985 0.025565 -0.017566 -0.004838 -0.058496 0.035327 -0.017988 -0.019800 -0.064764 -0.022047 -0.040866 0.073214 -0.057593 0.031327 -0.094459
 0.028382 0.016626 -0.080752 -0.061615 -0.080445 -0.098205 -0.060258 -0.054016 0.051102 0.002896 0.048242 0.094426 -0.057570 -0.019658 0.049708 -0.043164 0.089217 0.039443 -0.009401 0.039420 -0.066826 0.024282 0.007481 -0.048878 0.016255 0.073846 -0.014253 -0.097551 0.049955 -0.055827 -0.080116 0.001874
 0.050978 0.001590 0.090397 -0.036917 0.019094 -0.084867 0.046931 0.090220 -0.041896 -0.007064 -0.028350 0.047166 -0.034073 0.022092 -0.050196 -0.087738 -0.075452 0.009544 -0.092621 -0.050449 0.019633 0.050289 0.017013 0.064015 -0.019691 -0.075818 0.027933 0.064721 -0.084883 -0.011120 0.065402 -0.047731
 -0.075535 0.020790 -0.001241 0.067845 -0.034881 0.040463 0.016859 0.001092 -0.040747 -0.043240 0.031264 -0.078376 0.070269 -0.011669 -0.075498 -0.013897 -0.076627 -0.076587 -0.094459 0.054406 -0.006694 -0.039680 0.010022 0.047883 -0.004348 -0.014399 0.010171 0.051960 0.021986 -0.036985 0.087976 0.013107
 -0.092652 -0.073885 -0.040397 0.084179 -0.092672 0.055716 -0.072453 -0.000146 0.033323 0.052531 -0.045593 -0.040298 0.006232 0.041812 0.004192 -0.038162 -0.016022 -0.036713 -0.034522 0.041069 -0.005592 0.000224 -0.045009 0.029198 0.096592 -0.084414 0.082605 0.090509 -0.078748 0.085443 0.029515 -0.022338
 0.098947 -0.085927 0.087834 -0.011397 -0.055118 0.043189 -0.029391 0.024766 0.078905 0.059161 0.032609 -0.002276 0.013838 -0.041034 -0.003954 0.051661 -0.027908 -0.025869 -0.061348 -0.012339 0.091948 0.017748 0.012457 -0.054498 -0.041252 -0.069055 -0.072691 0.023850 0.058579 -0.091845 -0.014481 0.093239
 -0.019620 0.022916 0.048983 0.036120 0.067140 -0.096565 0.086572 -0.088023 0.030252 -0.004771 -0.017730 -0.018222 -0.058338 0.060050 -0.017398 0.046600 0.078417 -0.087688 0.094339 0.016819 0.023696 -0.027272 0.079821 -0.078207 0.016745 0.088962 -0.003048 -0.067365 0.012638 0.045198 0.033796 -0.049674
 0.028905 -0.032475 0.063812 0.047437 0.052693 0.071049 0.010513 -0.050014 -0.003440 -0.043225 -0.086545 0.096712 0.037181 0.094429 -0.082680 0.076076 0.056105 0.005372 0.051769 0.014630 0.077142 -0.062475 -0.007986 0.074187 -0.003237 -0.001639 0.087782 -0.080097 0.043425 0.057347 0.059709 0.009551
 0.019613 -0.051404 0.029687 0.067849 0.017305 0.056420 -0.082072 0.036710 0.028398 -0.098865 0.057509 -0.091653 0.005565 0.001362 0.072135 0.046520 0.073402 -0.067152 -0.090192 0.084711 0.085985 0.076728 0.011105 -0.015891 0.016713 -0.051581 0.002862 -0.076698 -0.012308 -0.029295 -0.065066 0.028961
 -0.011466 0.060547 -0.035659 -0.055397 0.051817 0.029964 -0.044139 0.005295 -0.039077 0.020395 -0.087247 -0.019673 0.001419 -0.057192 -0.027754 0.009885 -0.020841 0.035052 0.012995 -0.038346 0.082240 0.097534 0.001049 0.082170 -0.038652 -0.010516 0.011989 0.021088 0.025359 0.057681 -0.030782 -0.041062
 -0.088285 -0.043984 -0.006023 -0.094200 -0.002333 -0.080394 0.061345 -0.010777 0.027143 0.049835 0.002991 0.060080 -0.053658 -0.005830 0.009088 0.089697 0.001312 -0.035067 -0.026031 -0.097156 -0.032134 -0.017301 0.063545 -0.031404 0.058228 -0.094919 0.049645 -0.049289 -0.089635 -0.003044 -0.040528 -0.038035
 0.073377 -0.091564 0.026315 -0.033607 -0.067617 0.012023 -0.089962 -0.035868 0.051620 0.057596 -0.005194 0.096172 -0.030274 0.079030 -0.037371 -0.066953 -0.086418 0.066038 -0.026171 0.051683 -0.027191 -0.067258 -0.019556 0.004811 0.071190 -0.043759 -0.025884 0.049427 -0.043309 -0.092725 -0.053887 -0.091541
 -0.003648 0.002073 0.055656 -0.005140 0.011502 0.022661 0.008685 -0.097628 -0.027044 0.045748 -0.099808 0.049062 -0.010292 0.045562 0.015476 0.000328 0.051372 0.097029 0.048893 0.021390 -0.002725 -0.003549 -0.044670 0.035492 0.017469 0.094005 0.044819 0.003893 0.033665 -0.001756 0.031269 0.044387
 0.054930 -0.046757 -0.027941 -0.026111 0.027958 -0.042638 0.028146 0.036216 -0.031873 0.028743 0.053089 -0.020119 0.065778 0.085122 -0.026449 -0.079958 -0.066839 -0.076549 0.066694 -0.068422 0.064124 0.042905 0.063688 0.004708 -0.036519 -0.050267 -0.031784 -0.032823 0.084829 0.097185 0.036529 -0.067473
 -0.009126 -0.038909 -0.064452 -0.064767 0.011518 -0.017553 0.023701 0.001133 -0.072827 -0.083392 -0.015835 -0.092972 0.008505 0.082892 0.043715 -0.002551 -0.011877 -0.006535 -0.062113 0.082182 -0.017389 0.047322 0.089584 -0.038328 0.022978 -0.059288 -0.036330 -0.007511 0.094658 0.088858 0.009020 0.015872
 0.033693 0.047124 -0.090925 0.053486 -0.088095 0.079716 0.035935 0.067599 0.021952 -0.076630 0.081549 -0.069032 0.021051 0.043608 -0.015062 -0.025767 0.057564 -0.033253 0.009890 -0.049507 -0.040409 0.022967 0.069523 -0.049833 0.081322 0.000714 -0.030506 0.034919 0.091144 -0.096446 -0.014828 -0.056028
 0.070410 -0.001203 0.000203 -0.008846 -0.098680 -0.089699 -0.014553 -0.069515 -0.085499 0.047524 -0.096443 0.014332 0.077779 -0.090754 0.087591 0.050587 0.066697 0.014439 -0.066909 -0.092132 -0.062379 -0.024513 0.054885 -0.020389 -0.080336 -0.031849 -0.066371 -0.067125 -0.047157 -0.040030 -0.029899 -0.058134
 0.048656 -0.039170 -0.006049 0.026415 0.078530 0.000526 0.002525 -0.040367 0.095427 0.078819 0.016189 0.002976 -0.024813 -0.044379 0.063494 0.025259 0.011339 -0.002118 -0.087242 -0.059467 0.009931 -0.075001 -0.056154 -0.076567 0.035813 -0.057425 -0.038915 0.000705 0.024292 -0.040016 0.087874 -0.028309
 0.008408 -0.021927 0.019212 -0.000148 -0.066619 -0.041588 0.024038 0.075151 0.008943 0.064549 0.033289 -0.024586 0.035244 0.008742 -0.081330 0.044507 0.041945 -0.029784 0.032974 0.040364 0.015714 0.092601 0.002558 0.061217 0.070872 0.052371 0.023825 0.010221 0.066770 0.084194 -0.055293 -0.057314
 0.010080 -0.010305 0.065063 0.039646 0.089284 0.033885 0.066459 -0.005261 0.060839 -0.060769 -0.011334 0.097285 -0.066467 -0.033949 0.021587 -0.040441 -0.085823 -0.077026 0.010596 -0.025742 -0.042837 -0.060653 0.045001 -0.015126 -0.003057 0.028835 -0.008833 0.072551 0.022737 -0.062671 0.018398 0.003298
 -0.039455 -0.002758 0.022002 0.036197 0.008750 -0.068723 -0.018961 0.054916 0.060670 -0.046763 0.096822 -0.000372 0.015041 0.077456 -0.094978 0.057205 -0.087589 0.052335 -0.069667 -0.068866 0.080550 -0.073595 0.089027 -0.004067 -0.019842 0.024339 0.067371 0.027917 0.028618 -0.092176 -0.031720 -0.046450
 -0.091143 -0.074055 -0.094310 -0.009399 0.097235 -0.078881 0.005713 -0.077601 -0.065124 0.043399 0.001444 0.052755 0.013280 -0.074872 0.095416 -0.021475 -0.089104 -0.048971 -0.012260 0.099620 -0.023772 -0.067437 0.006276 0.015959 -0.005650 -0.063868 0.032582 -0.038490 -0.012942 -0.068573 0.057070 -0.018528
 -0.014162 -0.040462 -0.093178 0.085217 0.071991 -0.045188 0.017869 0.049133 -0.095279 0.003420 0.015514 0.016593 -0.019792 -0.023844 -0.060002 0.082050 0.009865 -0.052999 0.015380 -0.005793 0.049473 0.036117 -0.004178 0.007828 0.098613 -0.055997 0.090746 0.011206 -0.014620 -0.045470 -0.093842 0.001639
 0.070133 0.052825 -0.060942 0.063586 -0.031134 0.075326 -0.033200 0.059177 -0.008886 -0.032946 -0.011268 0.009159 -0.045175 0.035010 -0.071348 0.039450 0.050418 0.098325 0.025296 -0.021428 0.017076 -0.010881 -0.051669 -0.043787 0.010933 0.005461 0.010432 0.031485 0.064457 -0.024661 0.043315 -0.029551
 0.086985 -0.067177 0.005437 -0.088755 0.022647 -0.065500 -0.016311 0.012470 0.043857 -0.069586 0.098610 -0.028111 0.077099 0.027260 -0.078522 -0.057300 -0.061561 -0.037772 -0.050566 0.030540 -0.017555 0.033748 0.035799 -0.016241 -0.005999 0.017781 -0.026811 -0.004674 -0.076128 -0.021603 -0.081893 0.029358
 0.077056 0.069992 -0.072408 -0.008907 0.063478 0.021093 0.066021 0.028088 0.030589 0.043443 0.071660 0.027706 0.091400 -0.048758 0.048469 0.081408 0.004251 -0.081204 0.068300 0.032075 -0.071962 -0.040154 0.072476 -0.055912 -0.066266 0.018986 -0.062287 0.075521 -0.083762 -0.028126 0.095287 0.004974
 0.066678 -0.001414 -0.000110 -0.019176 -0.011111 0.094568 -0.023354 0.087740 -0.045266 0.005344 -0.015554 0.008773 0.047774 -0.071739 0.073459 -0.052216 0.043402 -0.096382 0.074396 -0.076971 -0.089248 -0.000469 -0.035118 0.058137 -0.062949 0.079411 -0.080292 -0.016445 0.009473 0.073934 -0.033915 -0.020106
 -0.045739 0.078701 0.072555 -0.022216 -0.088336 0.004244 0.025140 -0.038004 -0.051172 -0.045631 -0.058545 0.030091 -0.085341 -0.013557 0.063076 -0.006560 -0.000306 0.009942 0.081952 -0.002797 0.005012 0.005213 -0.007413 -0.039602 0.007901 0.046320 0.047670 -0.001281 0.040545 0.015598 0.031361 0.030654
 0.085303 -0.096218 -0.032259 0.061546 -0.069734 0.053064 0.059243 -0.079542 -0.087534 -0.060845 0.065864 0.091423 0.055938 0.042948 0.036810 -0.031910 0.090405 0.093252 0.026560 -0.005459 0.056681 -0.089537 -0.034442 0.096947 0.004515 -0.051097 0.070870 0.059099 -0.051382 -0.071917 0.035737 0.028073
 -0.046294 -0.040808 0.049687 0.083820 0.027936 -0.000893 0.091581 -0.073628 -0.059112 0.007316 -0.013539 0.027707 0.030047 0.034481 0.082190 0.004203 0.056885 0.052349 -0.054236 0.055655 0.093334 0.017924 0.080397 -0.077132 0.011305 0.082975 0.091106 0.019748 -0.096406 -0.085619 -0.083840 -0.011439
 0.053564 0.067079 -0.032619 -0.048097 -0.073844 -0.085541 -0.090180 0.085355 0.097789 -0.087992 -0.027689 0.034832 0.061314 0.068203 0.042081 0.027427 0.075129 0.072900 -0.095186 -0.064745 -0.013132 0.028967 -0.066540 -0.046362 -0.095771 0.088698 0.057016 0.012582 -0.005523 0.005539 0.095509 -0.081163
 0.052178 -0.042766 -0.072406 0.056099 0.072323 0.075150 -0.010949 0.070089 -0.001258 -0.062532 -0.088593 -0.094069 -0.015817 -0.078856 -0.036906 -0.076854 0.062912 -0.071305 0.004402 0.009168 -0.043734 -0.017236 0.019982 -0.031191 -0.088393 -0.035363 0.013008 0.074588 0.096902 0.009751 0.072160 -0.027706
 -0.012351 -0.072898 -0.019522 -0.023273 0.027315 -0.060659 -0.034850 0.007510 -0.067823 -0.061573 -0.071568 -0.060432 -0.093785 -0.062082 0.082656 0.086894 0.071817 0.031492 0.063774 -0.057372 0.006247 -0.021840 0.075560 0.089624 0.021166 -0.021121 0.026059 -0.044483 -0.000327 -0.019467 0.043260 0.003481
 -0.054743 -0.084931 0.075772 0.004057 0.045719 0.038609 0.049355 -0.076007 -0.040432 -0.059058 -0.084407 -0.027412 -0.074947 -0.098133 -0.017364 -0.069228 -0.067905 0.040347 0.023120 0.005140 0.039100 -0.032514 -0.054036 -0.079072 -0.080084 0.065579 -0.047732 0.078305 -0.011703 0.083677 -0.027946 -0.066341
 -0.075893 -0.092583 -0.008111 -0.074431 0.096737 0.035327 -0.080403 -0.009596 0.023519 -0.020146 -0.064093 -0.066691 -0.045731 -0.052607 0.044352 0.023924 0.023016 0.015540 0.034648 0.017636 0.074522 0.075396 0.068599 -0.046627 0.011173 -0.058151 0.000528 0.090004 0.081605 -0.053888 0.060760 -0.052321
 -0.005151 0.077378 -0.010844 0.058625 -0.081774 0.078761 0.024187 -0.040843 -0.053135 0.099457 0.017218 -0.008404 -0.080370 0.049969 0.074125 0.080480 0.030073 -0.051439 -0.080272 0.086563 0.073819 -0.058104 -0.007760 0.035613 -0.086426 -0.016661 -0.096771 0.012429 0.076307 -0.010187 0.038802 -0.072155
 -0.091813 0.025554 -0.073834 -0.093417 -0.086867 0.081102 0.063273 0.093639 -0.005034 0.072662 -0.015804 0.099180 -0.089150 0.055116 -0.090845 0.061375 -0.092828 -0.023709 0.092876 -0.069706 0.097902 0.084465 -0.007921 -0.021841 0.000478 0.095848 0.011758 -0.030444 -0.053558 0.024783 0.035902 0.075941
 0.054567 0.042867 0.077178 -0.020714 0.012655 -0.018083 0.022270 -0.073972 0.059041 -0.077747 0.075402 -0.077211 0.057044 0.014676 -0.010874 0.012308 0.047581 -0.027462 0.006574 0.076224 -0.024280 0.051935 -0.092838 -0.005389 0.042824 -0.009177 0.086984 0.027601 -0.031102 0.047387 0.000770 -0.009338
 0.056210 0.091564 0.044672 -0.052239 -0.041846 0.076718 -0.011573 0.093592 0.063774 -0.077732 -0.062605 -0.066572 -0.085736 -0.043884 0.078955 0.034687 0.093706 -0.052321 0.031725 0.046759 -0.062020 -0.023873 -0.088508 0.057189 0.066824 -0.074616 -0.094010 -0.003594 0.015716 0.097091 0.092070 -0.052974
 0.001177 0.036936 0.029949 -0.078278 0.016968 0.021742 0.052124 -0.031417 0.069830 0.096683 0.029259 -0.072959 -0.081364 0.020585 -0.091732 0.003201 0.048647 0.010435 0.035231 0.042132 0.098866 -0.075766 0.083297 0.069716 0.020607 0.040455 -0.086612 -0.094881 -0.087747 -0.058169 -0.030285 -0.040629
 -0.067043 -0.012249 0.083506 -0.077477 0.015400 -0.073054 -0.050990 -0.051826 -0.039098 0.096435 0.022109 -0.090638 0.049768 0.007990 -0.009997 0.087201 -0.081377 -0.094091 -0.001148 0.074333 -0.009793 -0.066990 0.097173 -0.081864 0.026945 -0.005287 -0.085194 -0.079346 0.034451 -0.079552 0.015703 -0.016625
 -0.053587 -0.055647 0.003899 0.095026 0.055199 -0.057888 -0.003465 0.078389 -0.025430 -0.014384 -0.017098 -0.039363 0.073571 0.076289 0.029621 -0.092250 -0.083754 -0.065762 0.055544 -0.006515 0.042732 -0.047846 -0.010712 -0.061530 -0.044301 0.069057 -0.010585 -0.074791 -0.029787 0.088362 0.005487 -0.088892
 -0.057516 -0.070969 -0.075148 -0.022317 0.002703 0.080926 0.004340 0.058645 0.081952 0.017223 -0.001417 -0.019720 0.035375 0.084812 0.006759 -0.044717 0.099976 0.014238 0.023367 -0.004625 -0.073073 -0.025489 -0.021521 0.033817 0.028957 -0.013127 -0.020789 0.020959 -0.072567 -0.041444 -0.042624 0.081158
 -0.019632 -0.051371 -0.055305 0.028300 0.026267 -0.083604 -0.055684 -0.009208 0.040044 0.085595 0.045708 -0.038771 0.063122 -0.051674 -0.087103 -0.065613 -0.013251 -0.088660 -0.039518 0.020335 -0.076127 0.082202 0.015397 -0.093415 0.026490 0.021670 -0.077662 0.090559 0.041787 0.035662 -0.084343 -0.060042
 -0.001801 -0.016963 -0.009040 0.087168 0.089576 0.004041 -0.095009 0.086514 0.010040 -0.076016 -0.068493 0.054380 -0.049286 0.094059 0.029098 -0.082956 0.014664 0.076774 0.074887 0.018849 0.044579 -0.036935 0.076994 -0.067791 0.023546 0.098462 -0.074825 -0.049592 0.050513 -0.033367 -0.066373 -0.099769
 0.033239 0.075729 0.050729 0.012615 0.028835 0.068214 -0.008987 -0.048136 0.009223 -0.059210 -0.073751 0.006526 -0.007168 0.013154 0.000033 -0.015902 -0.049448 0.000472 -0.045560 0.039757 0.005918 0.007764 -0.096756 -0.021820 -0.071023 0.034827 0.005668 0.022744 -0.015633 0.000311 0.044898 0.023263
 0.092016 -0.030908 0.007202 -0.094589 -0.071606 -0.034050 0.053731 -0.028536 0.001816 0.066434 -0.018568 -0.026481 0.071652 0.031132 -0.069900 0.035146 -0.076088 -0.098665 0.040721 -0.006813 0.056949 -0.096398 0.042512 -0.064433 -0.001993 0.080610 -0.009667 -0.025878 0.075944 0.054150 -0.015247 0.034298
 0.087887 -0.069566 0.001118 0.024863 0.048607 0.049207 0.080255 0.004303 0.053191 -0.086275 -0.049630 0.039867 -0.055574 -0.067716 -0.053227 0.094012 0.039797 -0.015480 -0.077266 -0.008526 0.012819 0.076097 -0.085932 0.000503 -0.088397 -0.001888 -0.015585 -0.054433 -0.044033 -0.085906 0.018742 0.080019
 -0.006431 0.049306 -0.016830 0.082789 0.014665 0.016398 0.008956 -0.081192 -0.021877 0.041231 0.027004 -0.037727 0.099429 0.093267 -0.006698 0.048303 -0.087029 0.039294 -0.094181 -0.048580 -0.047005 -0.025200 -0.095884 0.066073 0.036483 -0.070568 0.052949 -0.097051 -0.030415 -0.006018 -0.087467 0.084081
 0.061219 -0.086940 0.018010 0.095706 -0.010111 -0.099297 -0.010902 -0.001157 -0.027348 -0.080564 0.066579 -0.069743 0.065576 -0.064017 -0.046976 -0.024622 0.036964 0.027375 0.027251 -0.029919 -0.018666 0.021082 -0.037257 -0.068005 -0.032198 0.071112 0.085820 0.087674 -0.025125 -0.070897 0.083104 0.080757
 0.015045 -0.027850 0.071984 0.063909 -0.019227 -0.037168 -0.026228 -0.058605 0.029718 -0.079514 0.072767 -0.013892 -0.000259 -0.055847 0.020872 -0.028849 -0.033304 -0.016401 -0.064634 0.006737 -0.084807 -0.072076 0.090205 0.061208 0.087197 0.013190 -0.096572 -0.045646 -0.033100 -0.015649 -0.074328 -0.096813
 0.045983 -0.074512 0.087863 -0.034094 -0.017286 -0.097688 0.041656 -0.080318 0.060769 0.085560 -0.024176 0.079175 0.065389 -0.020384 0.033063 -0.080911 0.044935 0.001973 -0.022870 -0.034526 -0.030440 0.092506 -0.052401 -0.079045 0.019977 -0.062382 0.039480 -0.004150 -0.050344 0.025191 -0.017198 0.020574
 0.061879 -0.037144 -0.089646 -0.067275 -0.091562 -0.078365 0.061057 -0.068769 0.052908 -0.002498 -0.004371 -0.075585 0.073961 -0.095230 0.019468 0.056031 -0.015312 -0.019972 -0.040856 -0.089682 0.008442 -0.052719 -0.011883 0.045095 0.039106 -0.072813 0.056875 -0.009356 -0.016608 -0.059474 -0.063220 -0.059851
 0.069312 -0.082413 0.014563 0.040932 0.043036 -0.004608 -0.065210 -0.037692 -0.081814 -0.053110 -0.000357 0.091925 0.027278 -0.083867 0.098389 -0.087155 -0.085871 0.054183 -0.016663 0.078559 -0.021696 0.047466 -0.083584 -0.001480 -0.089500 -0.072183 0.047312 0.007989 -0.039344 0.057647 0.093129 0.077662
 -0.015729 0.073849 0.028681 0.091470 -0.076914 0.066057 -0.049027 -0.036968 -0.083766 0.092026 -0.085582 -0.025282 0.071426 -0.026771 0.011887 -0.077550 -0.043204 -0.068160 0.047795 -0.040757 0.017190 -0.002754 -0.004156 -0.034826 0.020823 -0.091140 -0.081051 -0.037500 0.006033 -0.064317 -0.078654 0.082749
 -0.053692 -0.094364 0.008102 0.030137 -0.086504 0.010471 -0.087007 0.041788 -0.049768 0.058358 -0.015340 -0.066392 0.035683 -0.023991 0.010208 0.009865 0.085678 0.006978 -0.052343 0.012707 0.088528 0.068485 -0.011240 -0.006598 -0.021887 -0.074739 0.030913 0.079993 0.097074 0.054340 -0.029569 -0.099669
 0.076975 -0.037350 0.015311 -0.046918 0.004931 0.046958 0.091027 -0.079416 0.035059 0.028033 -0.059304 0.079738 -0.078796 0.047206 0.093650 -0.056489 -0.089660 0.044073 0.056679 0.050455 0.075148 -0.053485 0.016698 0.054042 0.036782 0.054447 0.082698 -0.082340 -0.066383 -0.065061 -0.024774 -0.000771
 -0.023481 -0.022833 0.066352 -0.010285 -0.020625 0.073273 -0.012156 0.067519 -0.054142 -0.020410 0.030742 0.072629 -0.077383 0.001019 0.025846 -0.025918 -0.056676 -0.023571 0.024885 -0.054224 0.041013 0.090906 0.067399 0.008582 0.058827 0.045307 0.001585 -0.049356 0.012459 0.094958 -0.000482 0.058935
 -0.069385 0.049571 -0.052955 -0.072819 -0.013675 -0.043570 -0.094169 0.070656 -0.012753 -0.012449 0.013597 -0.053894 -0.041155 0.049046 0.001962 0.062499 -0.090055 -0.039629 -0.083311 -0.056738 0.084450 0.045848 0.001669 -0.003709 0.088122 -0.022773 0.078239 0.046795 0.005949 0.012824 -0.080044 0.068013
 0.068901 -0.060827 0.063943 0.039947 0.031909 0.042058 -0.051063 0.001884 0.009167 -0.032865 0.090349 0.033373 -0.090194 0.023385 0.038564 -0.063464 -0.025398 0.055024 0.045088 0.088625 0.085706 -0.046796 -0.073777 0.003486 -0.085618 -0.066554 -0.051270 -0.056541 0.074366 -0.009907 -0.028023 0.068680
 0.016731 -0.054472 0.018479 -0.086032 0.072728 0.071067 0.051383 0.030284 0.055709 -0.062037 0.085945 -0.015795 0.066535 0.084212 -0.046030 -0.049367 0.021192 0.022421 0.030136 0.018254 -0.069683 -0.038222 -0.069320 0.029047 0.023632 -0.095688 0.049215 0.069323 0.016689 -0.077458 0.080023 -0.046251
 -0.032943 0.000540 0.075426 -0.004950 0.036885 -0.029438 -0.038084 -0.007712 0.044522 0.056679 -0.079445 -0.011627 -0.046301 -0.026900 0.045039 -0.005128 -0.047281 -0.004514 -0.055656 -0.017334 -0.082044 0.066663 -0.074983 -0.019178 -0.044681 0.009327 -0.070954 -0.055995 -0.029389 0.040924 0.055279 0.056647
 0.069676 0.021786 -0.058260 -0.076503 -0.037488 0.072724 -0.081157 -0.005832 0.092062 -0.009429 0.014877 0.000344 -0.026279 0.093990 0.073284 -0.043155 -0.036055 -0.055670 -0.008508 -0.007185 0.033109 0.060382 -0.096538 0.029041 0.045980 -0.084763 0.026133 0.095673 0.013138 0.086469 0.000576 0.044654
 -0.029592 -0.071787 0.064358 0.040796 0.023295 0.094447 -0.003924 -0.040612 0.016293 -0.052838 0.054224 -0.018018 0.024069 0.054287 -0.085317 -0.046741 0.038112 0.024105 -0.059417 -0.089702 0.014748 -0.088717 -0.013353 -0.064706 -0.058820 0.056726 -0.077873 -0.044439 0.012194 0.006156 -0.057766 -0.070789
 -0.053692 0.062909 -0.001325 0.000763 -0.033443 -0.087056 -0.059659 -0.033660 0.077415 0.006088 0.001610 -0.057595 -0.020081 0.099691 0.064554 -0.083460 -0.039021 -0.078765 0.055586 0.032831 -0.060254 -0.073352 -0.017455 -0.022445 0.098015 0.088271 -0.099307 -0.092350 0.015414 -0.095594 0.014185 0.035597
 0.009097 -0.077070 -0.041049 0.049927 -0.091558 0.069250 0.042941 0.056621 0.035407 0.089207 -0.004582 -0.079832 -0.067656 0.034375 -0.042449 0.074353 -0.067053 0.002448 -0.064789 -0.046539 0.050555 -0.011864 0.040510 0.094117 0.000305 0.010694 0.054109 -0.081705 0.058276 -0.043573 -0.018622 -0.095202
 -0.005025 -0.021575 0.064621 0.088456 0.016690 -0.073427 0.043593 -0.057615 0.099545 0.089112 -0.008637 -0.081097 0.028108 -0.030199 0.047011 -0.099130 -0.037985 0.019692 0.054900 0.037316 0.077278 0.055816 0.017768 0.022663 -0.030911 0.087071 -0.087559 -0.030747 0.061124 -0.061576 -0.036220 -0.019111
 0.088575 0.037711 0.094780 -0.005618 -0.001788 0.093437 -0.050627 -0.081068 0.056934 0.040030 -0.030489 -0.013365 -0.040759 0.034748 0.019524 -0.087708 -0.036560 -0.006457 -0.056490 -0.052978 -0.007471 0.050055 0.098205 0.036489 0.012278 0.025216 0.061177 0.006671 -0.025580 -0.054438 0.011398 -0.050124
 -0.079744 -0.033088 0.043244 -0.055230 0.033561 0.060343 -0.024216 0.081782 0.076312 0.050937 0.025296 -0.035699 0.009477 -0.066429 0.094927 0.003268 -0.071927 -0.034774 0.082545 -0.087665 -0.084716 0.011465 0.053006 0.086568 -0.096985 0.022045 0.074977 -0.091374 -0.034967 -0.001961 -0.096750 0.060527
 0.060088 -0.026732 -0.078931 -0.095544 -0.016756 0.018700 0.033450 -0.060765 -0.090204 -0.001813 -0.055674 -0.012508 0.081659 -0.019226 -0.078195 -0.043502 0.099239 0.078473 -0.084914 -0.049236 -0.091566 -0.025451 0.048296 -0.042516 0.083347 -0.067473 -0.005862 -0.084408 0.063266 0.054078 0.071169 -0.075399
 -0.093296 0.042924 -0.056382 -0.033816 -0.004668 0.017303 -0.094660 0.013272 0.014749 0.065435 -0.006574 -0.045554 0.032612 -0.029590 0.017123 0.085013 0.004377 -0.012024 -0.062140 -0.004532 -0.037016 0.055511 -0.070345 0.043476 0.029862 -0.091070 0.057988 -0.093963 -0.061787 -0.039263 0.094309 -0.084839
 -0.026185 -0.052707 0.092691 0.052915 -0.049675 0.047868 0.087419 -0.077431 0.055543 -0.033761 -0.004330 0.041255 -0.045010 -0.071193 -0.020357 -0.051287 -0.071105 0.085217 0.010456 -0.031970 -0.091112 0.016656 0.040318 -0.060351 -0.092034 0.021122 0.025885 0.074883 0.072793 -0.003656 -0.054566 0.013548
 0.086192 0.016908 -0.043056 -0.078914 0.035795 0.077126 -0.071164 -0.099311 0.052808 0.040733 -0.052855 -0.030556 -0.028964 -0.060384 0.072710 0.049664 0.018444 -0.077281 -0.059000 -0.036083 0.083632 -0.091595 -0.004596 0.045072 -0.028767 0.089654 0.049673 0.017140 0.067246 0.043878 -0.023181 -0.015885
 0.070400 0.089956 -0.016443 0.065632 -0.078511 -0.014087 -0.095945 -0.035983 0.080480 -0.043310 -0.001432 -0.094452 0.058019 0.027080 -0.021191 -0.018640 0.094765 0.004373 0.085210 0.097213 -0.058530 -0.080468 -0.070007 0.063906 -0.049052 -0.090388 -0.086112 -0.033650 0.093053 -0.012662 -0.034511 -0.091488
 0.026572 -0.033475 0.079670 -0.060081 0.086075 -0.044245 0.010695 -0.075687 -0.099318 0.074811 0.061505 0.040479 -0.077037 0.077302 -0.048012 0.020809 -0.065465 0.026556 -0.083082 -0.048653 -0.096620 -0.079079 -0.008335 0.092984 -0.076069 -0.079558 -0.074815 0.064698 0.035229 0.044552 -0.003874 0.088817
 -0.079168 -0.017112 -0.093444 -0.004905 -0.043198 -0.036558 -0.059474 -0.015363 -0.061191 -0.014376 -0.080264 -0.001956 -0.008574 0.022258 0.026511 -0.064792 -0.048191 -0.081034 0.074119 0.053128 0.049234 0.098825 0.026478 0.089131 -0.030194 0.070648 0.010750 0.050497 0.033466 0.005406 -0.025621 -0.093447
 0.044106 -0.004051 0.060547 0.050775 0.077816 -0.082564 -0.002508 0.030028 -0.047118 -0.021053 0.032637 0.063434 -0.011768 -0.068319 -0.099086 0.022820 -0.062643 -0.022676 -0.069407 0.030194 0.002279 0.088538 -0.076412 -0.046325 -0.023496 -0.062551 -0.037793 -0.054473 -0.064152 0.032708 0.087330 0.077967
 -0.029991 -0.064447 -0.020288 -0.055068 -0.016811 -0.017835 0.094758 0.027682 0.001681 0.094188 -0.018492 0.044309 -0.043584 0.002184 0.017373 -0.068870 0.023153 -0.038438 0.082599 0.058615 -0.081323 0.064943 -0.079373 0.078371 -0.082167 0.061126 0.010071 -0.087659 -0.012805 0.015265 0.095557 -0.064372
 0.097197 0.002542 0.067103 -0.011638 0.042625 -0.044296 -0.027440 0.038288 -0.056702 0.066688 -0.015022 -0.066317 0.048868 -0.053513 0.007024 0.069984 -0.022818 0.073634 -0.064537 -0.026975 -0.077548 0.047317 0.043716 -0.001569 -0.027344 -0.051334 0.077222 -0.049024 0.054417 0.042714 -0.039618 -0.078037
 -0.079101 -0.057676 0.040591 -0.060402 0.078081 0.034896 0.020954 0.091315 0.094440 0.056451 -0.006773 -0.041374 0.052519 -0.019199 -0.084988 -0.004440 0.075745 0.044805 0.041774 0.034526 -0.027312 0.084176 0.075658 0.068550 -0.033310 0.093732 -0.058932 -0.066053 0.090524 -0.081834 -0.019089 -0.018174
 -0.050415 0.071982 0.032558 -0.036448 -0.011525 0.059340 0.052226 -0.045820 0.058026 0.011237 -0.081389 -0.008803 -0.066284 0.061695 -0.059798 -0.050828 0.098292 0.025511 0.058956 0.032249 -0.038995 -0.097086 0.092169 -0.091094 0.071259 -0.029637 0.024789 0.047343 0.032517 -0.076906 -0.033819 0.090518
 0.009553 0.072058 0.029164 -0.095670 -0.088822 0.070523 -0.029290 -0.086138 0.007027 -0.061860 -0.082496 0.033908 0.084046 0.074780 0.036666 0.061018 0.031029 -0.060647 -0.003770 0.056866 -0.001422 0.000013 -0.052316 0.009942 0.046489 -0.034992 0.006905 -0.087756 -0.034536 -0.051403 -0.034701 0.047815
 0.081382 -0.021956 0.012259 -0.033387 -0.039117 0.091260 0.029983 -0.037147 -0.022219 -0.025487 -0.023635 0.021545 0.016877 0.005857 -0.056574 0.085278 -0.039944 0.096952 0.048500 -0.090536 0.049249 -0.026862 -0.055750 -0.079657 0.099212 0.043779 0.017689 0.033192 0.096185 0.075979 -0.090176 0.012242
 -0.092772 -0.084227 -0.096090 0.094320 -0.019304 -0.000154 -0.026465 0.085423 -0.073532 0.062154 0.005096 0.032286 -0.006421 -0.065043 0.095947 0.026251 0.028986 0.044353 -0.073005 0.082695 -0.053760 -0.033521 -0.024589 -0.005156 -0.032622 0.069359 -0.002445 -0.069273 -0.008141 0.096907 0.006086 -0.092201
 0.048757 0.062846 0.089461 -0.093909 -0.053526 0.004123 0.036449 0.080272 -0.054051 0.028333 -0.082379 -0.051267 -0.010940 0.031180 -0.098211 0.052569 0.042882 0.067846 -0.064471 -0.016806 -0.096098 0.046231 -0.063084 -0.037427 -0.082516 -0.032830 0.078330 0.012491 -0.064632 -0.098352 -0.055113 0.030036
 -0.093991 0.051324 -0.032937 0.038172 0.090225 -0.056027 -0.090895 -0.075454 -0.017365 0.069965 -0.072206 -0.011380 -0.026276 0.090512 -0.005555 0.086535 -0.023636 -0.094755 0.001188 0.029828 0.097695 0.023191 -0.028679 0.030632 -0.097750 -0.074235 -0.075748 -0.095814 -0.083279 0.052071 -0.073587 -0.013880
 0.074404 0.089828 0.029737 -0.003694 -0.088556 0.056319 0.009784 -0.004554 -0.010069 0.062484 -0.019957 -0.061245 -0.041431 -0.058877 0.022731 -0.009220 -0.050368 -0.003526 -0.053427 -0.033252 -0.091835 0.069480 0.098060 -0.044222 0.054251 -0.036360 0.035027 -0.054596 0.097360 -0.042052 0.051657 0.057465
 -0.069833 0.015905 0.021502 0.023462 -0.065831 0.021845 -0.062983 -0.019268 -0.053651 -0.057213 0.060397 0.004596 -0.067162 0.036593 0.060185 0.098876 0.031739 -0.084797 0.023408 0.018136 0.021268 0.037472 -0.054538 -0.070901 -0.054500 0.004073 0.070909 -0.034159 0.083405 0.077217 -0.069476 0.000292
 0.038591 0.035622 0.005887 0.058686 0.077092 0.040666 0.064837 0.089778 0.099699 0.063342 0.092755 0.049947 -0.073098 0.036904 -0.075974 0.009838 0.013646 0.004313 -0.080937 0.022575 -0.034646 -0.093492 0.054269 0.079909 0.084125 -0.013395 -0.047190 -0.027030 0.092956 0.036858 -0.080850 -0.007177
 -0.096709 -0.053496 0.053820 -0.095278 0.006610 0.073245 -0.094415 0.015542 0.091817 0.002254 -0.035294 0.055938 -0.044382 -0.054122 0.023782 0.004213 0.072448 0.052706 -0.088370 0.015272 -0.082716 0.080864 -0.060412 0.003715 -0.038975 0.003020 0.072769 -0.093122 -0.066661 0.081161 0.000713 0.004251
 -0.093703 0.092752 -0.049077 -0.098383 0.041027 -0.078678 -0.063935 0.086883 -0.068237 0.021910 0.010395 -0.070382 0.034899 0.081471 0.013780 -0.020959 0.008926 -0.051520 0.028541 -0.022722 -0.070813 -0.066155 0.082641 -0.053327 -0.081729 0.012495 -0.056815 0.011282 -0.005972 0.026670 0.083308 -0.098173
 -0.056183 -0.098123 0.014920 0.010191 0.043042 0.094655 0.087110 0.008302 0.031952 0.091358 -0.008150 -0.098955 0.078907 -0.051553 -0.017856 0.072404 -0.008144 -0.000038 -0.074101 -0.052761 -0.047594 0.053822 -0.001886 0.075731 0.019329 -0.088607 0.032423 0.089099 -0.020574 -0.001037 0.026208 0.017091
 -0.091061 0.024581 0.067417 0.060780 -0.010950 0.018194 0.002197 0.025056 0.012944 -0.062442 -0.000905 -0.016941 -0.030927 0.081834 0.089131 -0.037320 0.021215 0.064778 0.094231 -0.076230 -0.034337 0.072982 -0.097196 0.062506 0.010663 -0.093069 -0.063240 -0.021631 -0.045934 -0.078527 0.027158 -0.065215
 -0.015368 -0.048775 0.011192 0.083190 0.008344 -0.019139 -0.024259 -0.055662 -0.027607 -0.080316 0.038418 0.059667 0.012685 -0.054950 0.097264 0.086285 0.097126 -0.066660 -0.026163 0.069399 -0.050521 0.097097 0.081909 0.042274 0.007034 0.038860 -0.061922 0.072264 -0.076812 -0.099773 0.063960 0.035515
 -0.090297 0.078670 -0.032303 -0.010902 -0.074688 -0.037072 0.016309 0.024971 -0.015213 0.080110 0.085921 -0.041219 0.096883 0.007722 -0.093681 0.083153 0.093000 0.065337 -0.037739 0.043101 0.014214 -0.006044 0.089178 -0.065388 -0.054566 0.028378 0.061924 0.045679 -0.053588 -0.039571 -0.092895 0.019264
 -0.037338 -0.037759 0.046294 0.062165 0.095780 0.085916 0.066538 -0.089904 -0.055301 0.027939 -0.079669 -0.088911 -0.053305 0.014907 0.000327 0.015766 0.093022 0.056000 0.057640 0.038705 -0.071342 0.096654 0.000692 -0.072513 -0.013595 0.071986 -0.075077 0.061007 -0.074559 -0.048253 -0.021349 0.099661
 -0.049876 -0.082088 0.021670 0.006669 0.006970 -0.063587 0.047929 0.098721 0.065199 -0.027605 -0.025355 0.019448 0.040635 0.080189 -0.076379 0.023852 0.065182 0.003720 -0.001777 -0.067107 -0.055533 0.052164 0.091849 0.019258 -0.073981 -0.064660 -0.056751 0.072522 -0.072506 -0.033016 0.043695 0.085309
 -0.077166 -0.058021 -0.022009 0.020801 -0.078011 -0.047618 0.040564 0.084763 -0.055801 0.042727 0.034548 0.052380 -0.093886 -0.059267 -0.018986 -0.040205 0.064867 -0.099117 0.033752 -0.073162 -0.002574 -0.061831 0.002861 -0.081680 0.062078 0.069827 -0.034308 -0.089772 0.014333 0.096674 0.020725 0.020302
 0.070378 0.084072 0.087682 0.070271 0.061919 0.066229 -0.045433 -0.009511 -0.062009 -0.088137 0.070427 -0.069062 -0.020777 0.019977 0.000568 0.058614 0.089389 -0.066957 0.035602 -0.083972 -0.066929 -0.051063 0.038383 0.011551 -0.012248 -0.014871 -0.083427 0.052114 0.090753 -0.035774 -0.098177 -0.014506
 -0.008819 0.027515 0.084667 -0.047946 0.044627 -0.018092 -0.046835 0.096439 -0.034246 -0.074948 -0.091254 -0.040912 -0.049931 0.072161 0.085942 -0.000015 -0.077859 0.043093 0.009013 -0.094398 -0.043417 -0.037834 0.077943 -0.088194 0.094049 0.040840 0.082147 -0.064974 -0.080505 0.032181 0.065714 -0.048596
 -0.020308 -0.005099 -0.082494 -0.029766 -0.090606 0.043156 0.082012 -0.068858 0.066447 -0.059033 0.088765 -0.010775 -0.047598 0.035012 0.046454 0.077021 0.025185 -0.071450 0.086057 0.021910 0.021430 0.052164 -0.077068 -0.086483 -0.007358 0.026950 -0.078397 0.069574 -0.016302 -0.095063 -0.061456 0.023027
 0.035533 0.047059 -0.043750 0.088611 0.004388 -0.050746 -0.019284 0.031258 -0.060639 -0.083364 -0.073334 0.014098 0.056013 -0.016182 -0.001583 -0.047623 -0.034550 0.098717 -0.012111 0.055411 -0.040217 -0.039998 -0.096874 -0.030163 -0.098682 -0.025857 -0.045526 0.030137 -0.016152 0.007324 0.045461 0.024630
 0.013295 0.087906 -0.051169 0.053271 -0.013688 0.016630 0.047528 -0.008414 0.082110 0.041859 0.035990 -0.094075 -0.015321 -0.051019 -0.095415 -0.049466 0.043634 0.042249 -0.092228 0.075574 0.011741 0.051345 -0.038079 0.009457 0.027243 0.073581 -0.045897 -0.028076 0.044557 -0.068514 0.089817 0.026956
 0.090902 0.000126 0.074855 -0.061955 0.009391 0.022244 0.061278 0.031717 0.009325 0.078830 0.003273 0.073757 -0.093167 -0.068702 -0.072998 0.042149 -0.049981 0.059509 0.009185 -0.082379 0.095122 -0.069035 0.034732 0.084608 -0.020457 -0.061710 0.066449 0.020592 -0.088600 0.066498 -0.041325 0.094353
 -0.086694 -0.019941 -0.063895 0.099704 0.009585 0.073598 -0.018811 0.035873 0.022975 -0.030369 0.050632 -0.090328 -0.048758 0.044679 0.012922 -0.035738 -0.038169 0.012954 -0.003350 0.060491 0.087332 0.020417 0.063977 -0.097174 -0.045806 0.073767 -0.006885 -0.050448 0.076627 0.070499 -0.021830 0.010815
 0.000325 0.053247 -0.084790 0.010521 -0.010858 0.073265 0.075644 0.023666 -0.054423 0.081995 -0.074703 0.063307 -0.017822 -0.078979 0.069575 -0.059658 -0.047553 -0.020297 -0.059370 0.076787 0.008417 -0.035607 0.020690 0.049422 -0.020140 -0.097308 0.024397 0.034809 0.011922 0.049977 -0.028447 -0.040917
 -0.030783 -0.012195 0.075218 -0.037396 0.012540 0.006187 0.031212 -0.010364 0.041389 0.061191 0.013617 -0.035946 0.051202 0.011444 -0.037823 0.003307 0.000603 0.088981 -0.056911 0.010601 0.030147 -0.094623 0.006631 0.076346 0.062581 -0.039615 -0.011094 0.092074 0.063717 -0.091366 -0.078760 0.085563
 0.036681 0.000304 -0.009435 0.064906 0.020713 -0.098637 0.066493 -0.080286 0.068251 0.075479 0.017788 -0.050470 -0.024171 -0.045455 -0.006057 -0.092768 -0.043727 -0.011969 -0.041783 -0.071551 -0.061656 -0.075065 0.096139 0.033510 0.041367 -0.017914 -0.034163 -0.027034 0.058427 0.025553 -0.028572 0.000516
 -0.059010 -0.005634 -0.081216 0.005079 -0.013416 0.093233 0.054685 -0.068643 -0.043455 -0.011713 0.016996 0.001054 -0.068932 -0.027970 0.040152 -0.032221 0.061780 -0.033344 -0.046940 -0.015786 -0.032550 0.000415 -0.024611 0.099153 0.020023 -0.015512 0.055968 -0.076195 0.034747 -0.062241 -0.016131 -0.048185
 -0.000164 0.082124 0.069473 0.087297 -0.018748 0.050976 0.044511 0.078779 -0.098198 -0.086516 -0.039781 -0.059119 0.074649 -0.026513 -0.008401 -0.071679 -0.046798 0.055592 0.077551 -0.097383 -0.016561 0.042632 -0.018293 0.016991 0.077806 -0.074163 -0.083847 -0.012731 0.088482 -0.005440 0.072724 -0.091124
 -0.001464 -0.073306 0.061183 0.066438 0.081884 -0.030143 0.000228 -0.086638 0.075068 -0.084381 -0.056086 0.000763 -0.026676 0.054226 0.068506 0.072407 -0.036431 0.007836 0.078085 -0.030455 0.034852 0.016294 0.079309 -0.088366 0.000903 -0.083142 0.079239 0.024003 0.087787 -0.059825 0.091294 -0.054482
 -0.089465 0.068426 0.071997 -0.016141 0.056155 -0.020236 -0.007650 0.004102 0.063559 -0.018835 -0.087296 -0.078175 -0.045873 -0.020291 -0.097328 -0.058989 0.087467 0.015358 0.077902 -0.056135 -0.064124 -0.063455 -0.078910 0.075944 0.010917 -0.035864 0.018799 0.076993 -0.036916 0.034256 0.001789 -0.061201
 0.098643 -0.079910 0.042717 -0.019115 0.010373 0.021955 -0.083305 0.051081 0.036002 0.025083 0.089217 0.037878 -0.031574 0.045213 -0.047479 0.060481 -0.069245 0.077614 -0.017965 0.051230 -0.098267 -0.061929 -0.073345 0.038837 0.038579 -0.071747 0.001848 0.008201 0.012610 0.011503 -0.098255 -0.062304
 -0.051882 0.036972 0.049278 0.080440 0.007867 0.021761 -0.059718 0.042140 0.034342 0.073963 -0.089543 0.056361 0.031254 -0.049181 -0.010948 -0.023532 0.001596 0.020437 0.020236 -0.008311 0.015708 -0.080654 0.011503 0.066770 0.077684 0.072162 0.046986 -0.062763 -0.087651 0.013692 -0.016954 0.073348
 0.027713 -0.000371 0.025241 -0.006983 -0.082129 -0.078017 0.009767 0.061403 0.017312 -0.027776 0.008639 0.095884 -0.046422 0.044320 -0.052717 0.018516 0.085378 -0.075705 -0.064200 0.000154 0.091480 0.001185 -0.056856 0.071576 -0.028738 0.027773 -0.091301 0.043997 0.038352 -0.094671 0.039408 0.071399
 0.057140 0.028768 0.042796 0.067649 0.086931 0.096476 0.081542 0.029843 -0.029676 0.095446 0.034501 -0.062919 -0.094693 0.070896 0.062195 -0.020027 0.036113 0.079894 0.014796 0.006378 0.053641 -0.047083 -0.079950 -0.053172 0.076202 -0.017504 -0.008599 0.059311 0.071790 0.047034 -0.084008 0.087574
 0.072700 -0.045398 0.027007 0.037105 0.027028 0.009048 -0.012877 0.063411 -0.067572 -0.097192 -0.049153 0.085931 0.063265 -0.011733 -0.034574 0.076947 -0.017275 0.007913 0.084258 0.044920 0.054606 -0.091412 -0.067556 0.082739 0.002344 0.035796 -0.041591 -0.096353 0.016064 0.076999 -0.035960 -0.052286
 -0.062777 0.087596 -0.013752 0.070766 -0.059075 -0.025759 -0.049200 -0.093296 0.045164 -0.096512 0.087621 0.012526 0.096115 0.026674 0.029934 -0.088279 0.047793 0.052611 -0.034764 0.049745 0.036651 -0.037693 0.001668 -0.035093 -0.038284 -0.065473 0.033634 0.029544 -0.096355 0.017540 -0.080875 0.024457
 -0.088414 -0.064007 -0.019327 -0.047224 -0.082360 0.061197 0.097717 0.072688 -0.005196 -0.070839 0.008650 -0.004790 0.015788 -0.096797 -0.021086 0.022943 0.053530 -0.070269 0.023295 0.030960 -0.095728 -0.075761 -0.050828 0.011145 0.086285 -0.002595 -0.028767 -0.058693 0.051822 0.057395 0.096754 0.070284
 0.063388 -0.083731 -0.040512 0.088939 -0.074488 -0.064178 -0.060723 -0.020304 0.092083 0.077762 0.094712 0.003045 0.024303 -0.088465 0.025781 -0.083870 -0.009957 0.096765 -0.067039 0.003931 0.066275 0.071609 -0.007314 -0.050671 0.061892 -0.027542 -0.057672 -0.097377 0.013589 -0.029862 -0.077273 0.083246
 0.087196 0.073212 0.077755 -0.052690 -0.036418 -0.043000 0.060474 -0.015390 -0.016913 -0.081866 0.035231 -0.066030 0.006924 0.021758 0.047041 0.001171 0.008483 -0.048855 0.001206 0.085800 -0.058259 -0.022519 -0.043694 -0.056164 -0.024358 -0.007259 -0.058361 0.023819 0.010631 0.060537 -0.001524 -0.098491
 -0.065284 0.060393 0.043829 0.002362 0.003455 0.082721 0.012657 0.006414 0.010178 -0.045995 -0.013475 -0.083173 -0.048376 0.096356 0.057744 0.027844 -0.051650 -0.020745 0.036220 -0.067695 0.051335 -0.068659 0.050270 0.041992 0.052261 0.089433 0.076771 -0.094607 -0.087728 -0.069782 0.041334 -0.084308
 0.019380 0.048802 0.095197 0.098168 -0.053117 0.087000 -0.015804 0.033715 0.041351 0.078470 -0.052098 -0.079880 0.006553 0.032981 -0.036824 0.014185 0.086789 -0.036781 -0.033836 0.023714 -0.052124 0.054221 -0.068164 0.077400 0.095365 -0.012990 0.055124 -0.074419 0.064312 0.062054 0.074552 0.056236
 -0.045048 0.094849 0.087310 -0.062481 -0.065710 -0.005992 -0.087172 0.061843 0.045658 0.046667 0.036459 0.093077 -0.080349 0.013934 0.032385 -0.078330 0.083232 -0.004202 0.099169 0.032503 -0.055412 -0.081468 0.077542 0.099584 -0.007440 0.086117 0.076638 -0.023297 -0.032207 0.090100 0.085012 0.003683
 0.058317 -0.067149 -0.030272 0.071641 -0.095012 0.091039 -0.021707 -0.030447 -0.023209 -0.077612 -0.010324 -0.086763 0.090826 0.006613 0.044366 0.054351 0.018463 0.097096 -0.012750 -0.000269 -0.031278 -0.096088 0.082752 0.039006 0.068967 -0.072509 -0.088584 -0.048366 -0.078936 0.051925 0.082866 0.072931
 0.015752 -0.067022 0.010956 -0.082366 -0.092467 -0.041592 0.048584 0.045379 -0.009617 -0.098396 0.005676 0.002776 0.019947 0.019797 -0.076845 -0.076187 0.010918 0.088581 0.070662 -0.068304 -0.000419 0.027195 -0.011967 0.026861 -0.081363 -0.020084 -0.094798 -0.061351 0.041711 -0.092505 0.045945 -0.072976
 0.006014 -0.010852 0.037986 -0.077095 0.011678 -0.059327 0.047222 -0.071088 -0.014130 -0.006757 0.055274 -0.017918 0.024020 -0.069542 -0.087631 0.025637 -0.056291 0.044235 -0.042746 0.087141 0.048699 -0.080514 0.044634 -0.093842 -0.098597 0.065677 0.048169 -0.077670 0.084087 -0.077451 -0.030427 -0.024157
 -0.045755 0.071388 -0.072382 0.025855 0.047227 0.043620 0.014889 -0.012876 0.074462 0.022212 0.095074 0.072688 -0.045586 0.065692 0.047068 -0.064678 0.014889 -0.010355 -0.092319 -0.021647 -0.067971 -0.038839 0.081168 0.005474 -0.053825 0.044657 0.071656 0.053724 -0.055876 -0.042879 -0.048758 -0.069605
 -0.010851 0.001303 -0.069221 0.026875 0.077103 0.095084 0.036733 0.001729 0.053402 -0.011025 -0.085879 0.088434 0.065073 0.091116 0.063262 0.073365 0.045749 0.046777 -0.030788 0.024241 -0.094912 0.095940 0.042028 0.039447 0.040105 -0.070109 -0.056104 0.044870 -0.013413 -0.042270 0.072239 0.048807
 -0.034476 -0.087527 -0.059308 -0.092416 0.074365 -0.096900 -0.050570 0.009494 0.063287 -0.087217 -0.048247 0.030338 0.033012 -0.031985 -0.070813 -0.081089 0.005463 -0.050159 -0.098786 -0.088281 0.043591 0.070801 0.018861 0.099888 -0.007489 -0.001622 -0.086038 0.046131 0.039722 0.068789 -0.070544 -0.039974
 -0.009312 0.009036 0.011407 -0.063070 0.082675 0.045310 0.054688 0.069854 -0.098266 0.011349 -0.047154 -0.001094 0.078996 0.011657 -0.079507 -0.005600 0.042791 0.013731 -0.031156 0.046349 0.017277 -0.058111 0.042486 0.006401 -0.096864 -0.076345 0.003187 0.064022 0.089368 -0.027249 0.006618 -0.038366
 -0.016858 -0.095791 -0.090924 0.074320 0.081549 0.063245 0.054027 -0.033686 -0.000290 0.058560 -0.027119 -0.005845 0.018599 -0.085585 -0.001219 -0.023222 -0.013832 -0.063503 -0.080908 -0.091797 0.019354 -0.009696 -0.015527 -0.040174 0.005857 0.015702 0.009061 0.056001 0.016140 0.028260 0.040466 0.081954
 -0.018300 0.012199 -0.038270 -0.095435 -0.005563 -0.040397 0.073862 0.056523 0.067225 0.032711 0.066750 -0.073152 -0.029910 0.046777 0.074223 -0.055966 0.074833 0.080691 0.053942 -0.034099 -0.005398 0.086550 0.047018 -0.038809 0.070589 0.040972 -0.054876 0.031398 -0.051966 -0.038397 -0.098762 -0.071309
 0.090877 -0.045369 0.001623 -0.037384 0.066571 -0.060371 0.055651 0.002835 -0.065638 0.056989 -0.027108 0.013278 0.064760 -0.042527 0.054184 0.036466 0.028042 0.045283 0.008742 0.019914 0.092860 -0.095675 0.043140 0.016518 -0.087142 0.041229 -0.030608 0.097103 0.036446 0.006110 0.052913 0.054726
 -0.012606 -0.017153 0.019939 0.092005 0.061884 0.039115 0.013921 0.015836 -0.020629 -0.094277 0.000810 -0.091597 0.040578 0.063899 -0.006833 0.027647 0.024486 -0.021851 0.024479 0.096826 -0.091122 -0.040958 0.063905 -0.029697 -0.070169 0.062193 -0.025135 -0.099193 0.009545 -0.008129 -0.009600 -0.041317
 0.055985 -0.033949 0.058562 -0.049170 -0.092413 0.063116 -0.067952 -0.067319 0.010684 -0.036536 0.020067 -0.031330 -0.026552 -0.044817 -0.053316 0.084824 0.089103 0.094034 0.092321 -0.072881 0.062478 0.084559 -0.036828 -0.094901 -0.061105 -0.035074 0.038332 -0.052707 0.059232 -0.025231 -0.097976 -0.076951
 0.097840 0.018913 0.026441 -0.011520 0.069091 -0.038795 0.046000 0.092750 -0.003552 0.062403 -0.070282 -0.065591 0.031980 0.041075 0.052713 -0.027612 0.093353 -0.077350 -0.058637 0.044007 -0.033636 -0.006092 0.006189 0.008516 0.018454 -0.014978 -0.044390 0.074028 -0.063989 -0.035244 0.084184 0.095203
 -0.085046 0.068826 -0.017884 0.032137 -0.034971 0.056134 0.040660 0.003072 0.050961 0.064570 0.043536 -0.038422 0.056554 -0.016307 0.014934 -0.008651 -0.005472 -0.087156 -0.073043 -0.011749 0.052657 -0.058401 0.000701 -0.052617 0.084185 0.065451 -0.096085 0.046599 0.021680 0.076106 -0.091903 0.089120
 0.036910 -0.037303 -0.069200 -0.008062 0.088939 0.078599 -0.090716 0.035392 0.067621 0.016395 -0.092139 -0.069379 0.097803 0.025664 0.057672 0.075418 -0.032499 -0.058688 0.080629 -0.044906 0.044277 -0.041032 0.011070 -0.011632 0.009740 0.079853 -0.034364 0.002431 0.092698 0.019163 0.070725 -0.039533
 0.098137 0.036596 0.091432 -0.039799 -0.020909 -0.026579 0.009045 0.095967 0.032127 -0.076974 0.078458 0.097354 -0.011312 -0.049608 -0.089120 0.090052 0.036536 0.062061 0.065822 0.015115 -0.078318 0.087387 0.004550 -0.029332 0.014069 -0.079320 -0.035558 0.050456 0.011310 -0.022830 -0.071822 -0.057443
 0.072890 0.022629 0.085271 0.003774 -0.065784 -0.001451 0.020124 0.014052 0.042306 0.033194 -0.017784 -0.061272 0.017812 -0.087593 -0.002501 0.080130 -0.046295 -0.089217 -0.094427 0.078456 -0.096580 -0.042416 0.072802 -0.038086 0.056419 -0.044900 0.054762 -0.001602 0.085316 -0.035215 -0.030872 0.077007
 -0.023319 -0.098412 -0.004649 0.056380 0.078026 -0.071720 -0.008029 0.053549 0.090913 -0.086708 0.018366 -0.098112 0.065266 -0.079115 0.083598 0.037471 -0.064274 0.011347 -0.091911 -0.087055 -0.076106 -0.064648 0.085990 -0.081674 0.092482 0.061352 -0.045972 -0.022691 -0.053450 -0.042471 -0.063568 0.014991
 0.050080 -0.096288 -0.069203 0.098701 0.041354 0.029304 0.061720 -0.028441 -0.017460 0.098437 0.055974 0.015398 -0.080416 -0.060866 -0.035368 -0.058291 0.038805 -0.051262 0.041999 -0.007080 0.050884 0.083171 -0.008397 -0.021552 -0.027686 -0.019789 -0.015519 0.093623 -0.074970 -0.017896 -0.003186 -0.099189
 0.026422 0.053247 0.045549 0.031711 0.029483 -0.025190 0.061576 -0.063894 0.089860 0.029758 -0.094249 -0.045385 -0.024841 0.028525 -0.008501 -0.078698 0.082437 0.053498 0.059729 0.059436 -0.011407 -0.077851 -0.096256 -0.057033 -0.055780 0.004857 0.067804 -0.014388 0.025982 0.098943 -0.083851 0.054775
 0.049950 -0.057891 0.095032 -0.071843 -0.016935 -0.082456 -0.000927 -0.035889 -0.076453 -0.012738 0.075452 -0.054110 0.087000 -0.014997 -0.047741 0.078844 -0.015598 -0.023481 -0.095585 0.071965 -0.008433 -0.065519 0.085617 0.059509 0.068899 -0.077406 -0.060232 -0.053197 -0.081351 -0.061272 0.068827 -0.024032
 -0.032849 -0.084345 -0.084762 -0.078610 0.082519 0.044761 -0.006816 0.014486 0.015799 -0.067134 -0.091962 -0.000089 -0.089109 0.043654 0.072572 0.074675 0.001853 0.084292 0.031039 -0.074216 -0.043426 -0.092876 0.072205 -0.046157 -0.076336 -0.038629 -0.041676 0.014626 0.031102 0.075105 -0.023732 -0.017334
 0.016750 -0.021702 0.080173 0.096517 -0.083266 0.021553 -0.019931 -0.001950 0.007336 0.038352 -0.031851 -0.077259 0.047116 -0.099772 -0.051088 0.050107 0.069936 0.058228 -0.004950 -0.080412 -0.011431 0.034443 0.032181 -0.045369 -0.085814 0.050066 0.011202 -0.057327 0.065070 0.075937 0.031004 0.091141
 0.028367 0.077006 0.061646 0.060583 -0.096137 -0.067425 -0.084725 -0.066722 0.099293 0.062294 0.018999 0.060547 -0.009355 -0.078877 -0.086709 0.016795 -0.082331 0.069447 -0.032952 -0.000028 -0.034780 -0.013638 -0.023971 0.049811 0.065975 0.009969 -0.038535 0.081701 0.094031 -0.001003 -0.000431 -0.040079
 0.073071 -0.036895 0.009393 0.084073 -0.080596 -0.044744 0.002217 0.037699 0.025703 -0.084070 0.077304 -0.023795 0.041205 -0.078901 0.021328 -0.015579 -0.096581 -0.072302 -0.019972 0.086394 0.009198 0.075430 0.091438 0.025419 -0.069990 -0.004457 -0.028198 0.045600 0.032659 0.030425 0.006549 0.080700
 0.079986 0.000777 0.093262 -0.090559 0.019493 -0.078286 -0.020397 -0.038567 0.048311 -0.023283 -0.098760 -0.027158 0.072987 0.084869 -0.013329 -0.094814 -0.048476 0.067232 -0.088739 0.014013 0.072885 0.052792 -0.061886 0.023634 -0.084852 0.090266 -0.027921 0.022533 0.097371 0.058442 -0.024989 -0.059700
 -0.000231 0.020700 -0.026990 -0.085921 0.090494 0.085867 -0.052041 -0.091579 0.041777 0.018704 0.081118 0.026810 0.009543 -0.097802 -0.036761 -0.021205 0.067973 -0.069767 -0.023717 0.049354 -0.007875 -0.025796 -0.035238 -0.043260 -0.073596 0.070816 0.015934 0.081812 -0.055480 -0.077182 0.032134 0.099322
 0.087591 0.039734 -0.018136 0.049427 -0.096435 0.038408 -0.093405 0.018329 -0.072407 0.033538 0.078528 0.099962 0.013807 -0.060827 0.049400 0.088287 -0.041862 0.058914 0.080172 0.032636 -0.056985 -0.040055 0.068891 -0.052021 -0.016303 -0.004098 -0.032710 -0.005926 -0.092077 -0.017690 0.071781 -0.088804
 0.047115 0.051081 -0.056226 -0.064199 0.057849 -0.088837 -0.045503 0.060750 0.085187 0.013588 0.038190 0.058709 0.084731 0.006547 -0.033293 -0.079261 0.075629 -0.044630 -0.090329 -0.093527 0.071667 -0.049410 0.026661 0.044736 -0.097787 -0.012286 0.039852 0.077822 0.089278 -0.010887 -0.089451 0.092803
 -0.069295 0.020046 0.014676 -0.060367 0.045494 -0.046162 0.079846 -0.012728 0.056351 -0.045126 -0.097662 -0.090265 0.012248 -0.043397 -0.003508 -0.000703 -0.010117 -0.044743 0.041010 -0.085361 0.024661 -0.053833 -0.075303 -0.089967 0.006672 0.040471 -0.087596 0.021711 0.051949 -0.054994 -0.005020 0.090885
 0.061045 0.078589 -0.010150 0.074416 -0.064734 -0.093199 -0.043809 -0.037305 0.080287 0.022987 0.073035 0.086100 -0.017803 -0.008944 0.036379 -0.036070 -0.008654 -0.036633 -0.034196 -0.042690 -0.006694 -0.040699 -0.094032 -0.040678 -0.020757 0.065442 -0.006503 -0.033229 0.003675 0.058953 -0.058693 0.051653
 0.056485 0.074921 -0.007454 0.079183 -0.031043 0.062994 0.047912 0.024197 -0.074836 0.064039 -0.092188 -0.032465 -0.013405 0.058257 0.052709 -0.027613 -0.082567 0.065997 -0.011724 -0.054760 -0.080536 -0.013986 -0.062437 0.027333 -0.013971 0.099030 0.009874 -0.019473 -0.074839 0.096096 0.071326 -0.082997
 -0.079800 0.056802 0.097983 -0.068786 0.066731 -0.071249 0.085573 -0.039675 -0.064390 0.079258 0.037577 0.097279 0.094616 0.021869 0.090250 0.081031 -0.077428 -0.093320 0.052235 -0.069192 0.055181 -0.072545 -0.030813 0.067641 0.077706 -0.016131 0.013363 0.076024 0.045194 0.034738 0.073220 0.080859
 -0.022331 -0.042285 -0.088480 0.097530 0.082872 0.057045 0.072478 0.061260 0.031174 -0.024496 -0.041570 0.012870 -0.027221 -0.059066 -0.047441 0.047066 0.042239 -0.007960 -0.062340 0.000008 0.011088 -0.043056 0.073433 0.061513 -0.030430 0.012656 -0.037643 0.075507 0.082912 0.080127 0.015573 -0.052191
 -0.096783 0.036591 -0.008949 -0.001300 0.017565 -0.077539 -0.065053 0.085149 0.088275 -0.041656 -0.025062 -0.050554 0.087413 -0.053572 -0.034744 -0.035880 0.086740 -0.040707 -0.001268 0.062878 -0.041905 0.028723 0.041915 -0.014689 0.047481 -0.019971 0.082114 -0.091698 0.088738 0.004592 0.060886 -0.067635
 0.027833 -0.043382 -0.059653 -0.095044 -0.023284 -0.054482 0.080588 -0.034560 0.034137 -0.052850 0.017131 -0.084866 -0.099979 0.013228 -0.091688 0.012297 0.073380 -0.029120 -0.072352 -0.076476 -0.086542 -0.059908 0.064976 -0.091264 0.026253 0.059245 -0.084179 0.063095 -0.037757 -0.028522 0.049918 0.069212
 0.081965 -0.026105 -0.082263 -0.033313 -0.035836 0.078087 -0.069116 -0.045670 -0.028481 0.077734 0.069877 -0.051340 0.013378 -0.080043 -0.038603 -0.057579 -0.014512 0.036924 -0.060250 -0.004548 0.053192 -0.033504 0.004832 -0.089931 -0.056503 -0.034295 -0.043491 -0.012482 0.086190 -0.068090 0.008636 -0.026556
 -0.087253 -0.030085 -0.069454 0.030256 -0.017476 -0.037180 -0.055219 -0.050580 -0.028495 0.077464 -0.034869 0.010483 -0.087313 -0.039306 0.047403 -0.057072 -0.033709 0.021325 -0.066667 0.046697 -0.046087 -0.025582 -0.008962 0.052525 0.047826 -0.051031 0.041509 0.093851 -0.065414 -0.004997 0.096982 0.053592
 -0.012544 -0.099173 0.052451 0.004076 0.071118 0.099057 0.078401 -0.009478 0.089589 -0.058147 -0.052723 -0.012990 0.000491 0.068944 0.064483 0.000665 -0.068479 -0.006425 -0.043329 -0.087919 0.067623 0.033663 -0.062836 0.099754 -0.016339 -0.038650 -0.068764 -0.083225 -0.016166 0.097008 0.037502 -0.016399
 -0.005311 -0.056513 -0.075575 0.048415 -0.043160 0.021926 0.034851 -0.020793 0.042493 -0.056786 -0.022057 0.087173 -0.072449 -0.036227 0.050383 0.055487 0.061233 -0.017785 0.004212 0.092779 -0.013185 0.002888 -0.074715 -0.075102 -0.051165 0.034681 0.095170 -0.088598 -0.024275 -0.042540 -0.002435 -0.011674
 0.009643 0.002040 0.008706 -0.041981 0.061212 -0.007661 0.017049 -0.032721 -0.076412 -0.090299 -0.041705 0.079458 0.037775 -0.030382 -0.003743 0.057732 0.027959 0.059064 0.059772 -0.056379 0.026396 0.086396 -0.067858 0.042040 0.047429 -0.027232 0.018381 0.013018 0.087536 0.074970 -0.028852 -0.035646
 -0.097666 -0.039746 -0.084177 -0.046771 -0.027138 0.028638 -0.043293 0.053096 -0.058143 -0.026527 -0.060325 -0.022054 0.066243 -0.097164 0.016077 -0.089942 0.024063 -0.056899 0.083884 0.054068 -0.053298 0.016383 0.051466 -0.000889 -0.045505 -0.003415 0.055897 -0.009750 0.097442 0.012118 -0.034399 0.099302
 -0.035998 0.011715 0.054750 -0.092734 0.092234 0.046768 0.025487 0.012052 0.084766 0.034991 0.001852 -0.055417 0.070503 -0.023504 0.015802 -0.013015 -0.015880 -0.034178 -0.064257 -0.096875 0.083104 0.036376 -0.072572 -0.081408 -0.099407 0.017785 0.049058 -0.046903 0.099716 -0.091416 0.064470 -0.002195
 -0.045998 0.041524 -0.025333 -0.039565 -0.097170 -0.083218 -0.032275 0.046775 0.093108 -0.022089 0.082856 -0.013405 -0.015301 -0.046729 -0.044919 0.054270 0.084537 0.054518 -0.065034 0.093890 0.061757 -0.022900 0.078292 0.049495 -0.096467 -0.022726 -0.093459 0.040553 0.047340 0.085202 -0.040410 -0.037337
 -0.007802 0.023920 -0.045318 -0.035263 -0.017192 0.000485 0.066633 -0.051839 0.052835 0.066942 -0.029945 -0.038390 0.052217 -0.048417 -0.088121 -0.003164 0.083222 0.027709 -0.097881 0.081824 0.059598 0.040272 -0.027284 0.044497 -0.079803 -0.025120 -0.019648 -0.059556 -0.083027 -0.032165 0.096334 0.071917
 0.031011 0.029649 0.066519 -0.054408 0.083349 0.001657 0.089867 -0.090762 -0.033707 0.011103 0.090992 0.062444 -0.027498 -0.027547 -0.010161 -0.002918 -0.040727 0.091508 -0.023518 0.035431 0.048579 -0.083328 0.033559 0.005640 -0.079327 0.033930 -0.083272 0.008400 0.021760 0.020528 0.065399 -0.086078
 -0.089869 0.002983 0.059662 0.039004 0.002109 -0.097938 0.047719 -0.080826 0.081213 0.003668 0.048198 -0.043374 0.059520 0.010352 0.070461 0.056649 -0.040465 -0.053257 -0.072330 -0.000772 0.039000 -0.018161 0.010334 0.077089 0.025327 0.011093 0.038224 0.055152 0.088628 0.024158 -0.023784 -0.092110
 -0.021769 0.001472 -0.004902 -0.034620 0.066984 -0.048884 -0.070092 -0.018846 -0.009402 0.084552 0.058122 0.020435 0.074494 -0.084283 -0.096355 -0.090587 -0.005055 0.058706 0.040387 0.030763 0.070518 0.041743 -0.000883 -0.016812 0.049270 0.002138 0.042997 0.050293 -0.041467 -0.068167 -0.093698 -0.082496
 -0.022065 -0.086286 -0.007204 -0.060551 -0.061114 -0.097749 0.001558 -0.093782 0.061497 -0.097472 0.036228 0.090409 0.031570 0.037527 0.020066 0.011545 0.004636 0.087739 0.069146 0.026011 0.041741 -0.089677 0.023468 -0.040879 0.089169 -0.078732 -0.098242 0.063436 -0.023228 -0.046205 0.007841 -0.034740
 0.007036 0.071378 -0.015697 -0.058664 -0.001792 0.070913 0.075136 0.045645 -0.099865 -0.018839 -0.054205 -0.013163 -0.072480 -0.087610 -0.020637 -0.001293 -0.035785 -0.010625 -0.006476 0.061234 0.024944 -0.056435 -0.016089 0.052566 0.009775 0.022882 0.088707 -0.015920 0.098661 -0.075887 -0.056416 -0.038802
 -0.026918 0.012814 0.042412 0.024139 -0.039714 0.045831 -0.035384 -0.080351 0.088916 -0.059409 0.011233 -0.073270 0.069653 0.044959 -0.099306 -0.001393 -0.052581 -0.066679 0.057691 0.088281 -0.070855 -0.066952 0.097933 -0.047001 -0.055455 -0.092792 -0.013971 -0.086541 0.064466 0.082656 0.032697 -0.090438
 0.092878 0.078740 0.056350 -0.023771 -0.015995 -0.083618 0.087558 0.092066 -0.027195 0.041930 0.002957 0.087057 -0.091879 0.061877 0.012534 -0.041646 0.020275 -0.064740 0.075436 -0.043427 -0.046045 -0.057590 -0.092613 -0.095649 0.008203 0.082368 -0.020595 0.032721 0.034970 0.027395 0.096835 -0.012693
 0.082900 0.062231 0.051442 -0.087860 0.026248 0.065174 -0.096707 -0.058152 -0.022335 0.005659 -0.065468 0.077720 -0.063293 0.028454 -0.004120 0.095275 0.096934 -0.079358 0.039619 -0.089688 0.031838 -0.076923 -0.081033 -0.032475 -0.097342 -0.072909 -0.063363 -0.029227 -0.067773 -0.076637 -0.019910 0.089521
 -0.036436 0.025145 0.053179 0.095547 -0.027723 -0.025658 -0.077730 0.016971 -0.019891 0.096995 -0.067805 -0.026519 0.040207 -0.091624 0.068726 0.066434 0.058652 -0.039964 -0.046291 -0.069542 -0.074333 -0.043291 -0.075499 -0.058326 -0.005519 0.095006 -0.059974 -0.045656 -0.086756 0.005311 0.008721 0.079822
 -0.082567 -0.038885 -0.049297 0.005189 0.081163 0.017612 -0.031636 -0.075061 0.061561 0.027288 0.002737 -0.006896 0.040428 0.010726 0.029763 0.035416 -0.054157 0.060769 0.090128 0.056321 -0.069293 -0.071110 0.034754 -0.022859 -0.085808 -0.062772 0.043450 -0.056662 0.037509 0.036494 0.062928 0.058579
 -0.010796 0.025643 0.051386 0.038669 0.089530 0.023038 -0.024423 0.010345 0.072221 -0.093138 0.050830 -0.084762 0.001978 -0.050919 -0.008187 0.030511 -0.037364 -0.069410 0.056133 0.006027 0.017935 0.076678 0.080625 -0.052990 0.087242 0.033608 -0.095420 -0.000167 0.029985 0.050437 0.077031 0.088893
 0.032004 0.097911 0.023920 -0.087659 -0.074400 0.092757 0.055425 0.032806 -0.022432 0.006445 -0.038517 0.056413 -0.021949 -0.028706 -0.035188 0.053976 0.047684 0.043340 -0.003771 -0.098218 -0.097690 0.021357 -0.055252 0.051334 0.082368 0.010354 -0.007609 0.060663 -0.022774 0.057201 0.004722 -0.075928
 -0.059720 -0.029628 0.075234 0.080781 0.032791 0.055740 0.096621 0.078842 0.043834 0.066229 0.068532 -0.087301 -0.051524 -0.024690 0.014474 0.038983 0.031901 -0.048450 0.073676 -0.036882 0.030177 -0.080863 0.073810 -0.059981 -0.093983 0.035839 -0.068355 0.095888 0.017777 0.083583 0.046195 -0.012946
 0.087127 -0.068864 0.018452 -0.084169 0.086809 -0.058357 0.072768 -0.052932 0.041117 0.004918 -0.092974 0.059831 0.090618 0.022049 -0.010566 -0.065287 0.070444 -0.068860 0.089001 0.047304 0.073026 -0.070061 0.013600 0.068461 -0.005729 0.058436 0.055690 0.029356 -0.051864 0.025462 0.048171 0.019953
 -0.090456 0.073826 0.014351 -0.082178 -0.017970 0.074771 -0.047535 -0.055139 -0.017198 -0.064762 0.012728 0.035461 -0.091329 -0.040739 -0.007928 0.070253 0.086635 -0.033028 0.075826 0.008337 -0.044486 -0.090633 -0.068555 0.067516 0.019245 0.024504 0.006578 -0.020178 -0.068687 -0.032094 -0.024809 0.093755
 -0.055480 0.082187 0.014765 0.015078 0.076820 0.055884 -0.075615 -0.071552 0.046845 -0.012004 0.008437 -0.065910 -0.022310 -0.001192 -0.008157 0.060742 -0.052303 -0.034519 -0.048320 0.046871 0.047791 0.024439 -0.083519 0.027816 -0.094469 -0.008805 0.024171 0.031797 -0.020387 -0.048263 0.089543 -0.029952
 0.042704 -0.045296 -0.079962 -0.057218 -0.056354 0.070096 0.093030 -0.026547 -0.095744 0.037282 0.073826 -0.007409 -0.099797 -0.050088 0.055227 -0.016509 0.052350 -0.048441 0.019485 -0.027654 -0.053749 0.089586 0.011015 -0.042681 0.095560 -0.095157 0.055318 0.021062 0.019213 0.069484 -0.021109 -0.001844
 -0.098200 0.059413 -0.098506 0.060584 0.095922 -0.063125 0.008223 -0.060554 -0.021226 -0.090716 -0.042479 0.018608 -0.050758 -0.020611 -0.024446 -0.068271 -0.076254 0.098953 0.067651 0.011475 -0.032793 0.005214 -0.034092 0.011967 0.039924 0.094646 0.076245 -0.012007 -0.085290 0.004403 -0.062948 0.088180
 -0.090225 0.033087 -0.024011 -0.085001 -0.017322 -0.065536 0.076983 0.057260 0.012291 -0.070352 -0.097965 0.093990 0.054162 0.007862 0.079647 0.044002 -0.011421 0.021775 0.062495 0.051468 -0.007630 0.066989 0.005255 -0.040440 -0.025218 -0.046158 0.006547 -0.044116 0.026531 -0.052597 -0.040093 0.000253
 -0.028023 -0.028137 0.007787 -0.042963 -0.021562 -0.085477 0.057585 0.010029 0.011301 0.015356 -0.054727 -0.020319 -0.042574 0.003517 0.065394 -0.079173 -0.003531 0.070128 0.007135 -0.026987 -0.014427 0.011746 -0.064731 -0.033404 0.092057 0.026099 -0.048000 -0.092366 -0.023068 0.074445 -0.096465 0.009090
 -0.099874 -0.044721 -0.017114 0.087175 0.080732 0.046980 -0.058223 -0.023846 0.062227 -0.068596 -0.068981 -0.029939 0.013212 -0.020558 -0.085215 0.099875 -0.007376 0.067709 -0.015029 -0.065660 -0.035594 -0.082053 0.086633 0.067346 -0.040296 0.089122 -0.060289 0.081194 0.057449 -0.091684 -0.032495 -0.068742
 -0.099882 -0.038773 -0.073893 0.058164 0.032841 -0.046982 0.001424 -0.072307 -0.057688 -0.056551 0.009920 0.052650 -0.042696 -0.074799 0.071149 -0.077703 -0.007686 0.068773 0.091024 0.051919 0.049977 -0.083310 -0.089980 0.065802 0.070849 -0.018588 0.045323 -0.010591 0.076886 -0.096277 0.061489 -0.073189
 -0.007088 -0.062059 -0.084543 -0.022738 -0.079793 0.054904 0.052618 0.078061 -0.090698 0.016671 0.018273 -0.047513 -0.019391 0.098698 0.002738 0.069003 0.083970 0.016849 0.060659 0.062266 0.091882 -0.007372 -0.015639 -0.038207 0.061921 0.010199 -0.080450 -0.010258 0.086966 0.024549 -0.035422 -0.019630
 -0.091760 0.067180 0.099013 -0.025264 -0.083384 -0.050153 -0.088769 0.094570 -0.091135 -0.038778 0.081399 0.038465 -0.009686 -0.018517 0.088487 -0.088928 0.042374 0.048342 0.069635 0.010007 -0.027120 -0.054331 0.020629 -0.083173 0.064200 0.017528 -0.096920 0.017371 0.028226 0.024295 -0.088816 -0.085499
 -0.012407 -0.042526 0.032584 0.059366 -0.026479 0.040702 0.094957 -0.007933 -0.018590 -0.072435 -0.000221 -0.015061 0.077195 -0.041044 0.022641 0.001628 -0.052625 -0.038428 -0.044460 -0.003330 0.083257 -0.093568 -0.015168 0.003274 -0.054242 0.081958 -0.083671 -0.006650 -0.025846 -0.036945 -0.015078 -0.041349
 0.056579 -0.011155 -0.048336 0.059787 0.075443 -0.045102 0.015753 0.000400 0.072107 0.089626 0.071947 0.074041 0.004448 -0.078940 0.042395 0.018164 0.085649 -0.028875 0.073474 -0.090999 -0.089419 0.035245 -0.066414 -0.067255 -0.096482 0.064852 -0.019352 -0.017688 -0.050706 0.041141 0.060875 -0.022279
 -0.060364 -0.014126 -0.089592 -0.083076 0.022301 0.008955 0.019204 -0.043833 0.026540 -0.038894 0.038986 0.084050 -0.054054 -0.080569 0.040105 -0.031452 0.098246 0.013833 -0.055927 -0.002646 0.019801 -0.031638 0.028160 0.063654 0.015562 -0.071628 -0.079293 -0.085359 -0.059378 -0.096890 -0.070634 -0.022796
 -0.080901 -0.026426 -0.096085 0.000847 0.012263 0.020119 -0.074385 -0.095019 -0.085903 0.052986 0.076787 -0.014845 -0.067314 0.076642 -0.055502 0.062075 -0.078891 0.001672 -0.075604 -0.084262 0.030381 0.067319 -0.017627 -0.075260 -0.057859 0.048599 -0.025664 -0.037189 0.044143 -0.023490 0.035644 0.042758
 -0.030876 0.027318 0.035125 0.058317 0.039297 -0.063730 0.003671 -0.071052 0.065740 0.096993 -0.074049 -0.048237 0.065389 0.088768 0.022494 -0.060002 0.062395 -0.011854 -0.048828 0.060022 0.024490 0.045716 -0.080652 0.061572 0.029874 0.024429 0.057546 0.085802 -0.001690 -0.051646 -0.064843 0.054143
 0.049664 -0.080572 -0.074154 0.075598 0.057500 0.030198 -0.067939 -0.036932 0.003281 -0.043658 -0.096043 0.003821 0.076183 -0.002246 0.019115 0.069053 -0.089549 0.036138 0.006566 0.050597 -0.063836 -0.092520 0.080208 0.088505 0.064884 0.021144 0.040218 0.080662 0.036953 -0.006586 -0.005798 0.067177
 -0.016206 0.014729 0.020656 0.034481 -0.065367 0.044801 0.008772 -0.049589 -0.075992 0.066910 0.002761 0.036403 -0.064474 0.023543 0.041529 0.093712 0.061826 -0.054322 -0.086854 0.000243 -0.084439 -0.090879 0.049474 -0.078008 -0.059316 -0.010837 0.006722 0.059057 -0.066307 0.035325 -0.072593 0.066726
 0.059292 0.029133 -0.021929 -0.081983 -0.060468 -0.046030 -0.053762 0.070068 0.075297 -0.094605 -0.073598 0.031980 -0.037311 -0.083893 -0.040093 -0.010890 -0.076584 -0.009566 -0.024630 0.050578 0.019186 0.073509 0.032715 0.051439 0.090310 -0.054407 0.013310 -0.021269 0.032407 0.019962 -0.036348 0.086759
 -0.054065 -0.037687 -0.065052 0.016916 0.051523 -0.074145 0.093683 0.053551 -0.078074 0.055459 0.028846 -0.021168 0.009684 -0.097432 0.077186 0.005766 0.096618 0.019435 -0.099902 0.044104 -0.043559 0.019864 -0.030014 0.021051 -0.019769 0.034869 0.018659 0.070867 0.012109 -0.001456 -0.065082 -0.083211
 0.066402 -0.091821 0.086257 0.097666 0.091865 0.089930 -0.052193 0.023315 0.053587 -0.043926 0.020764 -0.016667 0.095213 0.044760 -0.082282 0.082147 -0.010313 -0.017140 -0.041908 -0.084541 0.089539 -0.027861 -0.059666 -0.005219 0.049339 0.052667 -0.078288 -0.075498 -0.068246 -0.072812 0.066394 -0.071218
 -0.092995 -0.069559 0.070354 -0.015325 -0.033822 -0.087360 0.015708 -0.042813 -0.075373 0.053156 -0.071057 0.010661 0.024741 0.071570 0.050635 0.054507 -0.000442 0.083190 0.038657 0.018615 -0.003812 -0.069919 0.013221 -0.089949 -0.028652 -0.033987 0.037055 0.004108 0.025363 0.021287 -0.049053 -0.092989
 0.091329 -0.008628 -0.040359 -0.008780 0.019138 -0.070318 0.082138 0.018270 -0.010707 -0.077143 0.057602 0.038003 0.073297 -0.096983 -0.086693 0.031973 0.022627 0.074845 -0.084542 -0.081664 0.002924 -0.017552 0.062109 0.037575 -0.095912 0.018431 -0.035262 -0.056946 0.096254 0.012850 -0.065455 0.080892
 0.040699 -0.092352 -0.079370 0.010930 0.081052 0.046610 0.075865 0.046152 0.007732 0.095783 -0.044241 -0.097821 0.009641 -0.040511 0.053796 -0.058629 -0.094310 -0.046292 -0.043497 0.046708 -0.092745 0.094987 -0.014856 0.019780 -0.013092 0.059510 0.070158 -0.073718 -0.060758 0.094947 -0.022752 -0.077188
 -0.076330 -0.077433 0.097729 -0.068170 -0.040422 -0.052948 0.005819 -0.077665 0.009576 -0.007835 0.017868 0.057355 -0.085064 0.098695 -0.007280 -0.020397 0.049537 -0.083407 -0.076673 0.003803 0.062936 0.035202 -0.037978 -0.092428 0.062419 -0.083146 0.058504 0.026945 -0.084977 -0.068464 -0.049746 -0.039167
 -0.044885 0.008053 0.000035 0.031875 -0.039416 0.084961 0.025265 0.023104 0.096694 -0.080336 0.040629 -0.050321 0.038260 0.083888 0.031639 -0.070388 0.089771 0.085114 -0.095974 0.069483 -0.033393 0.082098 0.028549 -0.097928 -0.069458 0.088898 0.055450 -0.038984 0.027381 0.072190 0.070801 0.056219
 -0.053040 0.051081 0.060020 -0.089935 0.016297 0.089068 0.043832 -0.029940 0.039734 -0.001831 0.092889 -0.061899 0.016235 -0.045985 0.036598 -0.097918 0.078184 0.077020 -0.021442 -0.005659 0.082198 0.070571 -0.033559 -0.009487 -0.062800 -0.034359 -0.060232 -0.085504 0.092694 -0.099740 0.032265 -0.022094
 0.092341 0.059822 0.007307 -0.040754 0.019888 0.097967 0.086258 0.088527 -0.094088 0.045787 0.023027 -0.056048 0.006101 -0.067811 -0.066968 0.059743 -0.004854 -0.011279 0.042980 0.010305 -0.058776 0.021022 -0.032559 -0.053188 0.086677 -0.047926 -0.039567 0.042759 0.046850 -0.067153 0.010790 -0.001340
 0.026542 -0.020339 0.008733 -0.095039 0.005652 0.023327 -0.076382 0.058114 0.093427 0.067545 -0.063038 -0.042680 0.016109 -0.091785 0.079699 -0.038916 0.018346 -0.096319 0.058303 0.021198 0.002993 -0.077359 0.005823 0.027878 0.075602 0.047048 0.078528 0.077232 -0.070387 0.001956 0.033251 0.093092
 -0.001324 -0.080408 -0.021597 -0.019089 0.019546 0.090218 0.054404 -0.099376 0.018920 -0.023707 0.047738 0.097023 -0.016626 -0.074628 0.090229 -0.087623 -0.041509 -0.079896 0.003283 -0.014321 -0.037351 -0.011344 0.004523 -0.004755 -0.072813 0.071511 -0.053155 0.060900 -0.051359 -0.068201 0.067711 0.075276
 0.029761 0.031521 0.006512 -0.064332 -0.092569 -0.094376 -0.011656 -0.026078 0.094018 -0.091749 0.064594 0.094792 -0.028995 -0.091911 0.006467 0.042251 0.093180 -0.064916 -0.087267 -0.073067 -0.031022 -0.041182 0.013206 0.037195 -0.093244 -0.001966 -0.008029 -0.017778 -0.076002 0.091161 0.004911 -0.010996
 0.096619 -0.073492 0.075988 0.045508 0.024242 -0.004409 -0.037609 0.054719 0.088796 -0.055881 0.017639 0.048908 0.047246 -0.076340 -0.086823 -0.087047 -0.088165 -0.084788 -0.078990 -0.062524 -0.056719 0.099003 0.008644 -0.057366 0.050892 0.013308 -0.064550 -0.098019 -0.000942 -0.086376 -0.001735 -0.002487
 0.016960 0.049473 0.060518 0.095530 0.096141 0.041061 0.013204 0.056275 -0.039173 -0.041535 -0.079392 -0.004708 0.086110 -0.033386 0.001452 -0.001976 0.066342 0.045943 -0.056638 -0.013400 -0.002164 -0.022797 0.061577 -0.082869 0.075083 0.098364 -0.064449 0.085878 0.060957 -0.035286 0.006324 -0.001667
 -0.002544 -0.089274 0.092812 0.073913 0.063291 -0.077772 0.034219 0.048745 0.052640 0.010662 -0.076578 0.023293 -0.008003 -0.088565 -0.002932 -0.091165 0.032300 -0.087636 0.001599 -0.008753 0.012132 0.096948 0.073313 0.048393 0.083633 -0.031947 -0.084522 0.091486 0.092833 0.035911 0.001925 -0.048946
 0.009498 0.008312 -0.020040 0.079889 -0.062342 0.047505 -0.089756 -0.000305 0.080602 -0.055019 -0.013003 -0.038868 -0.033521 -0.023846 -0.092371 -0.093594 -0.057854 0.031322 0.060693 0.067281 0.076237 0.096703 0.057831 -0.012049 0.050984 -0.022700 0.096555 -0.026431 -0.007389 -0.090516 0.065356 0.052351
 0.052835 0.016487 0.026431 0.003116 -0.043844 0.031420 0.009528 -0.039000 0.043994 -0.047087 -0.091628 0.062406 -0.077677 -0.013586 -0.062752 0.015813 0.068413 -0.035520 0.078924 0.086427 0.057519 -0.078905 -0.047550 0.062728 0.026276 0.015783 0.054013 0.008449 -0.013025 -0.012719 0.039867 0.057097
 -0.002028 0.057952 -0.007486 -0.059048 -0.053637 -0.077150 0.031434 0.022911 -0.058255 0.003377 0.078661 0.081681 -0.023336 0.044105 0.033152 -0.002618 0.018489 -0.088681 -0.090364 -0.061505 -0.059719 -0.074333 -0.079797 -0.073921 -0.068380 0.073464 -0.075656 0.037929 0.013758 0.070073 -0.007433 -0.016392
 -0.079039 -0.036798 -0.012293 0.010792 0.094023 0.000841 -0.002702 0.001395 -0.080944 -0.053467 0.085126 -0.054120 -0.066291 0.076315 -0.055213 -0.093493 -0.016251 0.034275 -0.062839 -0.088029 0.029283 -0.009396 -0.092535 0.040113 0.033925 0.069021 -0.028718 0.050819 -0.047763 0.083211 0.068120 0.059539
 0.098416 -0.039549 0.013419 0.005720 -0.037150 0.083067 0.066753 -0.027289 0.028910 -0.003916 -0.070102 0.042689 -0.018477 0.088856 0.097955 -0.078960 0.023385 -0.015922 -0.022132 0.000190 0.062937 0.049317 0.040049 -0.044414 0.061582 -0.018846 0.018405 -0.077472 0.081736 0.036152 0.008955 -0.050666
 -0.069839 0.014896 0.045230 0.015629 -0.004380 0.059283 -0.005971 0.032586 0.070422 0.082464 -0.060246 0.080371 -0.055314 0.043264 0.025487 -0.072219 0.002022 -0.059541 -0.058243 -0.033731 0.009166 -0.041641 0.036814 0.019067 -0.062662 0.023375 -0.060652 0.009105 -0.084704 0.078335 0.073573 -0.075748
 0.005835 0.009576 -0.049964 0.034485 -0.010011 -0.010469 -0.056145 0.040105 0.021464 -0.032451 -0.072410 0.001128 0.050583 0.050660 0.027676 -0.013159 -0.045629 0.060459 0.044053 0.008344 0.079051 0.029121 0.080894 0.008224 -0.013128 -0.041295 -0.068948 -0.097281 -0.015992 0.001382 0.050620 -0.055652
 0.098801 0.024292 0.039839 0.044087 -0.083685 -0.025528 -0.083482 -0.041730 -0.092513 -0.007539 0.028917 -0.096295 0.076531 -0.006024 0.000148 -0.069279 -0.020730 0.043354 0.022570 0.094059 0.070510 -0.003757 0.024836 0.065053 0.006017 0.008096 0.030704 -0.018735 -0.006954 -0.085950 0.060305 0.090706
 -0.030666 0.029716 -0.062833 -0.003026 -0.079755 -0.070032 -0.053039 0.003385 -0.038444 -0.066615 0.014434 -0.074141 0.091608 -0.027522 0.020006 0.099263 0.069178 0.090612 0.023467 0.096045 0.001853 0.000393 -0.065357 0.044897 0.059333 0.088314 0.035342 -0.021419 0.096633 -0.014010 0.012086 -0.065443
 -0.099737 -0.033688 -0.011460 -0.071310 0.051052 -0.008749 -0.044422 -0.038670 -0.010487 -0.084266 0.039768 -0.065252 -0.082188 -0.044866 -0.072572 -0.075070 -0.037384 -0.031046 0.017715 0.099297 -0.088996 -0.015025 0.044172 -0.084685 -0.045975 -0.070886 -0.045566 0.024822 -0.078886 0.029669 -0.032078 0.070110
 -0.097776 -0.060469 -0.042224 -0.086218 0.091671 0.032569 0.037285 0.018764 -0.049744 -0.065771 -0.070360 -0.068380 0.031848 0.003637 -0.000214 0.082934 -0.047203 -0.023677 0.073182 -0.027471 0.070304 -0.097907 -0.007085 -0.071997 -0.052503 0.025416 0.050411 -0.073208 0.028593 -0.047734 -0.060743 -0.096148
 -0.001723 -0.049866 0.020643 -0.048928 0.062068 0.095743 0.074662 0.013124 -0.062346 -0.054423 -0.097616 0.061524 0.021375 0.072358 0.019700 0.007299 -0.095281 0.091238 -0.023521 0.001154 0.079145 0.090531 0.015052 -0.074972 -0.087789 0.074467 0.018711 0.079233 -0.036688 0.074493 -0.005520 0.056413
 0.052371 0.073138 -0.036343 -0.087481 -0.015569 -0.063794 -0.089876 0.005509 -0.029898 0.084844 0.088586 -0.014368 0.034697 -0.026301 0.015847 -0.045889 0.092268 0.029647 0.026484 -0.057478 0.012395 -0.013236 0.028916 0.074245 -0.082220 -0.076668 -0.055393 -0.045034 0.073477 0.087910 0.086760 0.039645
 -0.080254 -0.096275 0.063971 0.045496 0.093759 -0.033220 0.000596 0.006043 -0.057522 -0.043304 0.048335 -0.034378 -0.096379 0.023196 0.075197 0.038112 0.017236 -0.089547 -0.087293 0.018856 0.081763 0.018149 0.073577 -0.040716 0.068610 0.009040 -0.096281 -0.083880 0.016611 -0.003341 -0.028486 0.005736
 -0.015657 0.077170 -0.032137 -0.031970 -0.039503 0.048549 -0.077875 -0.068356 -0.091447 -0.069571 0.065674 0.065508 -0.093873 -0.013941 -0.083388 -0.024402 0.002005 0.025022 -0.092974 0.090674 -0.093452 -0.094191 -0.065236 -0.092660 -0.068049 -0.079649 -0.092291 -0.037022 0.069740 -0.072388 0.082770 -0.032481
 -0.015182 0.040814 0.039607 0.083172 -0.033568 0.017836 0.018575 -0.055825 -0.002124 0.041261 0.094361 -0.035507 -0.005354 0.051080 0.046557 -0.080872 0.043018 -0.010435 0.040730 0.000492 -0.063828 -0.024334 -0.057302 -0.084795 -0.067332 -0.089920 -0.062919 0.078131 0.059249 -0.069266 -0.082269 -0.024124
 -0.023911 -0.019547 -0.014833 0.042980 0.001261 0.074481 0.070124 0.084480 0.078855 0.043914 -0.013774 0.034313 0.073685 0.007674 -0.060090 -0.012708 -0.094971 0.022759 0.054260 0.071827 -0.064820 -0.062908 0.009190 -0.049195 0.041522 0.069059 0.033073 -0.028023 0.037195 -0.025545 -0.081116 -0.055787
 -0.009198 0.096094 0.023636 -0.057627 0.093016 0.070022 -0.010071 0.011862 -0.068810 -0.053544 0.029616 0.021224 -0.044062 0.072430 -0.036752 0.096045 -0.089232 0.047932 0.072366 0.069641 0.019825 0.070812 -0.082204 -0.057700 0.022478 0.005228 0.069142 0.091473 -0.025120 -0.006501 -0.076690 0.022568
 0.099228 -0.062338 -0.079075 0.019380 0.080038 0.054305 -0.027972 -0.042999 -0.091423 -0.022022 0.005571 0.087861 -0.098034 0.005839 -0.011515 -0.063196 0.049453 0.059919 -0.066597 0.051288 0.058399 -0.033658 0.089556 -0.086555 0.018473 0.057442 -0.081178 -0.098153 0.003851 0.065193 -0.083126 0.060547
 0.076784 -0.045787 -0.005678 -0.089362 -0.052039 0.079360 -0.098721 0.061995 -0.029945 -0.067386 -0.069457 -0.096596 0.069578 0.021123 0.008484 0.084785 0.028494 -0.032036 0.073229 0.051915 -0.035915 -0.048311 0.098750 -0.004958 0.076896 0.017779 -0.097117 0.059577 -0.099777 -0.038101 -0.045175 0.045657
 0.067855 -0.003874 -0.097503 0.079021 0.045969 -0.050809 -0.077519 0.030113 0.078118 0.009541 0.080107 0.024065 -0.035657 -0.040636 -0.046387 0.049069 0.008512 0.055604 0.056577 0.006102 -0.033454 0.073592 -0.066103 0.071010 -0.041726 -0.049853 0.010181 -0.043942 -0.050806 -0.051789 -0.083241 0.098244
 -0.027557 0.022034 0.044409 0.058285 -0.016815 -0.040011 0.072422 -0.060554 0.038536 -0.018973 -0.008884 0.011051 -0.064680 -0.041885 0.055031 0.094839 -0.025405 -0.052981 -0.062756 -0.080982 0.031012 0.036615 0.066240 0.095688 -0.068194 0.018642 -0.089624 -0.008552 -0.046726 0.002587 0.038592 0.029485
 0.058973 0.050509 0.075759 0.050625 -0.021436 0.075557 -0.025542 -0.082415 -0.062247 -0.036370 0.020768 -0.042666 -0.099023 -0.019690 -0.068702 0.069221 -0.033681 0.063686 -0.033654 0.056818 -0.016447 0.038980 -0.069312 -0.037577 0.061230 0.029902 0.017614 -0.031075 -0.046781 0.030391 0.027602 -0.042997
 0.046306 -0.098880 0.051626 -0.038561 0.026003 0.094750 -0.066054 0.088041 0.094287 0.033359 -0.087880 0.069817 0.096613 0.067126 0.042232 -0.018012 0.040675 0.024836 0.083694 -0.067538 0.004150 -0.094111 0.041340 -0.063710 -0.095951 -0.064359 0.014283 0.004142 -0.082901 0.039122 -0.068749 -0.003449
 -0.078419 -0.050549 -0.021963 -0.070752 -0.077878 -0.040093 0.037019 0.055486 -0.021291 -0.068753 -0.056412 -0.082788 -0.011338 -0.016192 -0.041399 -0.079838 -0.076093 -0.081023 0.034506 0.069159 0.081171 0.082805 0.099167 -0.069843 -0.097136 0.040491 0.050935 0.077050 -0.035904 -0.010236 -0.022619 0.023844
 0.078327 -0.018504 -0.095125 -0.070517 -0.097907 0.021274 0.057782 0.017843 -0.085624 -0.064083 0.036461 -0.034047 0.050293 -0.020274 0.071927 0.039630 0.086959 0.082146 -0.034632 0.012811 0.083201 -0.015150 -0.054517 0.095538 0.046671 -0.057679 -0.037405 -0.040395 0.004635 0.073077 0.065589 -0.003574
 -0.036321 -0.014743 0.050897 -0.007241 0.038875 -0.076414 0.024189 -0.008998 0.022261 -0.099842 0.026949 0.064791 -0.028273 0.054536 -0.074733 0.008096 -0.032977 -0.086104 0.025585 0.072492 0.064595 0.068097 -0.086775 -0.096306 0.069020 0.081942 -0.021286 0.002659 0.008475 0.038886 0.031594 -0.074510
 0.045948 -0.048506 0.043562 -0.081274 -0.055899 0.006043 -0.059656 -0.041316 -0.076334 -0.028675 0.038970 -0.012671 0.016270 -0.098728 0.028207 0.030823 0.049414 0.078052 0.091848 -0.021909 -0.072816 -0.004783 0.034704 0.020254 -0.023534 -0.037656 -0.025803 -0.092080 -0.002159 0.052633 0.028169 0.005191
 -0.053598 0.077164 -0.035270 -0.002828 -0.085493 -0.053924 -0.015214 0.007197 -0.054473 -0.038177 0.097012 0.034091 0.004791 0.001254 -0.047311 0.033028 -0.053648 0.001683 0.058043 -0.007105 0.080838 0.072982 0.016557 -0.086014 0.038522 -0.058772 -0.083431 0.097661 -0.094484 0.033283 0.074404 -0.048824
 0.005477 -0.071843 -0.078309 0.004246 0.049733 0.002173 -0.033602 0.056613 -0.060475 -0.045536 -0.068753 0.084149 -0.029231 -0.092913 0.087195 0.081777 -0.045508 0.027459 0.003533 -0.037894 -0.012541 -0.005945 -0.064242 0.009651 0.021933 0.046662 -0.075427 -0.045010 -0.082522 -0.083459 -0.034008 -0.064666
 -0.013837 -0.086792 0.026053 -0.066280 -0.002657 -0.084133 0.056911 -0.031474 0.069938 0.007086 -0.075495 -0.071756 -0.044648 0.047185 0.040533 0.002815 0.007696 0.005004 -0.052409 0.013500 -0.060230 -0.020718 0.038828 -0.082178 -0.090783 0.023997 0.016381 -0.043624 -0.023595 -0.015070 0.037484 0.057427
 0.045023 -0.060952 0.096540 -0.090914 -0.040926 0.020213 -0.074492 0.032013 0.065914 -0.064771 0.084613 0.051432 0.072323 -0.021780 0.074788 0.008064 0.084453 -0.087559 0.056496 0.044329 -0.010042 0.067415 -0.058161 0.052970 -0.085047 -0.045078 -0.080779 0.079442 -0.082518 -0.016504 0.052151 -0.008578
 0.082572 -0.079948 -0.057551 -0.002208 -0.030691 -0.070786 0.034686 0.057304 0.097915 -0.057417 -0.043854 -0.090280 -0.074435 0.038977 -0.027548 0.038178 0.027518 0.014438 0.057165 0.080478 0.063872 -0.032964 0.091628 0.066269 0.016329 -0.039566 -0.000268 0.095005 -0.067746 -0.091607 0.059587 -0.017929
 0.058811 -0.055621 -0.049739 -0.095825 0.028247 0.094328 -0.010973 0.089268 -0.042558 0.000492 -0.061828 0.085474 -0.005129 -0.001055 -0.019102 -0.031103 0.079292 -0.098525 0.053919 -0.049112 0.083504 0.013344 0.002621 -0.013492 0.082631 0.002075 -0.024620 0.009229 0.037237 0.056027 0.034025 0.065046
 -0.075252 -0.037431 0.093304 -0.040529 0.094271 0.073146 0.078621 0.015891 0.034122 -0.025313 0.069196 0.075450 -0.048142 0.070568 0.089648 -0.052161 0.018880 -0.096248 -0.020860 -0.068169 -0.092793 -0.080092 -0.082295 0.029802 0.097883 0.029685 0.032477 -0.006979 -0.070076 0.077539 0.048526 -0.093627
 0.039798 -0.028694 0.078014 -0.049265 -0.025117 0.081960 -0.009004 0.060386 0.032840 -0.030160 0.038355 -0.023273 -0.085469 0.069521 0.044871 -0.055094 0.043430 -0.080125 -0.089787 0.056719 0.011913 0.076114 -0.083815 -0.095663 0.098216 -0.078199 0.079595 0.063768 0.091062 -0.049313 0.086043 0.040685
 -0.082692 0.014869 -0.063517 -0.065319 -0.045949 -0.056536 -0.014732 0.029040 0.058570 -0.012037 -0.096001 0.005273 0.014822 -0.030501 -0.078074 0.004083 -0.077208 0.084624 0.073014 0.081872 -0.048299 -0.001600 0.032439 0.081383 0.016996 -0.091810 -0.064309 -0.007780 0.051310 0.036684 -0.057466 -0.087285
 0.082933 0.093409 -0.033764 0.022251 -0.003314 -0.004541 0.007851 -0.081844 0.089282 -0.074071 -0.073656 -0.072219 0.055929 -0.084743 0.059467 0.013129 0.022478 0.034622 0.015555 -0.047549 0.052893 0.065023 0.055490 0.006636 -0.026942 -0.000497 -0.099744 0.006072 0.081441 -0.071907 0.058806 0.074136
 0.068826 0.012454 -0.089114 -0.071642 0.051522 -0.050238 -0.009345 0.077256 -0.030736 0.064737 0.086636 0.034795 0.083719 0.062236 -0.042414 -0.000791 -0.040355 0.025481 0.058018 -0.021887 -0.099663 -0.007185 -0.070705 -0.085636 0.058359 0.069825 -0.097936 -0.077393 -0.054627 0.091644 0.074548 0.033793
 -0.087937 -0.071279 0.090580 -0.088520 -0.001028 0.056052 -0.097733 0.012051 0.000235 0.076484 0.096958 -0.020837 0.020364 -0.051839 0.096390 -0.065612 -0.088133 -0.015165 -0.049109 0.005850 0.041008 0.034707 0.089486 0.001024 0.000772 -0.081665 0.000783 -0.081778 -0.034213 -0.098181 -0.019159 -0.075799
 0.064541 -0.058753 0.026304 0.066230 -0.099135 0.007023 0.070377 -0.066830 0.088580 0.092394 0.067981 0.054034 0.080142 -0.000169 0.079433 -0.070697 0.037331 -0.076446 0.015207 0.085732 0.013797 -0.009971 0.077331 0.071922 -0.037169 -0.090942 0.061907 -0.012711 0.094319 0.070953 -0.071551 0.096170
 0.071208 0.084968 0.004422 -0.032640 0.067364 0.004856 -0.086358 0.059899 -0.024354 -0.081889 -0.048358 0.027309 -0.025353 -0.089236 0.068026 -0.029815 -0.034463 0.000350 -0.017064 -0.071718 0.097952 -0.045721 0.048215 0.009606 -0.042964 0.031721 0.052120 -0.037377 0.039712 -0.010895 -0.044374 -0.060154
 0.072706 -0.067399 0.065734 0.044986 -0.072301 -0.079885 0.035013 0.077049 -0.003560 0.095504 -0.082327 -0.073747 -0.045799 -0.000621 0.018498 -0.062507 -0.037773 0.021369 -0.019460 0.061592 -0.020497 0.071746 -0.005992 -0.092172 -0.085480 -0.004784 -0.081899 0.019606 0.060607 0.016429 -0.045558 -0.011327
 0.092152 0.099373 -0.069965 0.085707 0.045536 0.075394 -0.074517 0.087917 0.043323 -0.004206 -0.084005 -0.052164 -0.066133 0.039814 0.000679 -0.071663 -0.029720 0.039802 0.035392 0.027511 -0.028639 0.095822 0.024516 -0.053632 -0.042785 -0.029213 0.057922 -0.087577 0.047752 0.076578 -0.030728 0.084511
 0.032962 -0.086842 -0.024703 -0.007852 0.047814 0.080122 -0.012947 0.079163 -0.046477 0.091709 0.030905 0.012725 -0.073732 0.012136 0.026889 0.091113 -0.021992 0.029405 0.083721 -0.078517 -0.037365 -0.020907 0.053638 0.002482 0.050850 -0.042381 -0.005879 0.020025 -0.038218 -0.093777 -0.045066 0.040679
 -0.006493 -0.073656 -0.094873 -0.012523 0.018763 0.005376 0.097023 0.055524 0.054833 0.023115 -0.074466 0.038632 -0.014712 0.055601 0.054981 0.074068 0.017517 0.045815 -0.070847 0.046911 -0.058814 -0.017183 0.017460 -0.094595 -0.045265 0.057369 0.065137 -0.093073 0.024865 0.077968 -0.078281 -0.024678
 0.055650 -0.030413 -0.022829 -0.057622 0.086405 -0.083599 -0.023399 -0.073158 0.047055 -0.062822 0.075709 -0.059553 -0.016666 -0.008516 -0.000885 -0.042851 -0.023823 -0.051477 0.058809 0.082566 -0.011439 0.028941 0.090961 0.027700 0.069104 -0.078552 -0.063809 0.085104 0.037734 0.003112 0.046096 0.005222
 0.069691 0.006709 -0.002175 -0.065152 -0.092879 0.063778 -0.097981 0.037387 -0.005362 -0.069363 -0.060501 0.006733 -0.073789 -0.098017 -0.056016 0.073896 -0.083887 -0.067413 -0.003184 -0.019804 -0.056906 0.068644 0.095675 -0.083016 0.072726 0.019562 -0.059624 0.011516 0.021650 -0.026602 0.056465 -0.019414
 -0.050144 0.084735 -0.003608 -0.039084 -0.066964 -0.095516 0.004021 -0.047282 -0.023040 -0.007354 0.071555 0.000610 -0.061521 0.067536 -0.057859 -0.006258 0.045835 -0.090305 0.008974 -0.058802 -0.016942 0.094368 0.054096 -0.063570 0.056992 0.095223 0.051437 -0.033408 -0.061081 -0.004930 0.086888 0.001711
 -0.003704 0.047338 -0.022105 -0.018500 -0.041487 0.011890 0.043221 0.084444 -0.076941 -0.087717 -0.092394 0.049242 0.046326 -0.096770 -0.013474 -0.076585 -0.082111 0.018081 -0.075656 -0.083456 0.034595 0.052507 -0.059748 -0.006056 0.078940 0.092977 0.022828 0.082141 0.046655 -0.001976 0.048082 -0.081280
 -0.056558 -0.061945 0.010292 0.013028 -0.055318 0.083686 0.058636 -0.022233 0.044269 0.089543 0.019568 -0.078816 0.008304 0.025470 0.081805 0.099821 0.091920 0.002809 -0.031339 0.009536 0.071071 -0.058273 -0.098563 0.058616 -0.092777 -0.040707 0.020895 0.054153 -0.063340 -0.097105 0.021543 0.063119
 0.027854 0.038202 0.001639 0.018155 0.025611 0.001186 -0.059546 0.063723 0.000703 -0.036617 -0.091560 -0.005951 -0.036008 -0.040410 0.066411 0.094443 0.016599 0.060488 -0.028650 -0.046141 -0.007247 0.098678 -0.076008 0.063028 -0.037040 0.023021 -0.061544 0.035778 0.049327 -0.065047 0.077938 -0.027760
 -0.037331 0.075538 -0.013166 0.025044 -0.005990 0.044849 -0.038762 -0.048797 -0.085943 -0.028444 0.075839 0.034645 0.005236 0.038815 -0.075719 -0.029246 -0.018026 0.057687 -0.093756 -0.033796 -0.070593 0.017078 -0.007879 0.005213 -0.043077 0.016115 0.021013 -0.087422 -0.093041 -0.071989 0.086355 -0.047913
 0.081488 -0.047014 0.031029 0.020362 0.062493 0.019430 0.043456 0.049242 -0.052720 -0.026417 0.082842 -0.004956 -0.033407 0.070896 -0.039477 -0.058692 -0.050553 -0.062812 -0.073915 0.039791 -0.028389 -0.001789 -0.004046 0.037103 0.017879 0.094350 -0.041897 -0.033499 0.017435 0.091606 -0.039593 0.089651
 -0.020772 -0.074549 -0.006406 -0.024914 0.086964 0.065077 -0.088173 0.032544 -0.069108 -0.080609 0.020012 0.074277 0.030782 -0.014419 0.035666 -0.082133 0.066426 0.041557 0.034892 -0.026497 -0.037579 0.001180 0.020494 0.021597 0.017988 0.051126 0.002936 -0.047557 -0.012257 -0.038406 -0.080398 0.096189
 -0.074890 -0.037581 -0.010580 0.022695 0.020421 0.096813 -0.011709 0.036745 -0.009310 0.038292 0.071030 -0.077886 -0.095119 -0.082587 -0.067454 0.053251 0.018452 0.060431 -0.079883 -0.003577 0.068773 -0.036329 0.067941 -0.070273 0.027212 -0.097904 0.003799 0.070568 -0.020900 0.081086 0.019614 -0.062835
 0.006597 -0.061460 0.025238 -0.087919 -0.034622 0.023400 0.028095 0.062782 0.047290 0.062059 0.092591 -0.099686 -0.028479 0.043331 -0.066050 -0.054610 0.087146 0.069102 0.068194 -0.023192 0.053916 0.076991 -0.029129 -0.096281 0.004640 0.024984 -0.055196 -0.093313 0.061275 -0.038685 -0.028283 0.034895
 0.086643 0.041266 -0.095448 0.068864 0.039259 0.094852 0.017957 0.024403 0.000180 0.005256 -0.085268 0.037970 0.061524 0.078003 0.038644 0.077693 -0.007753 0.048087 -0.086721 0.062106 -0.075989 0.053405 -0.030904 -0.002424 -0.045316 -0.006542 -0.052267 0.030821 -0.019503 0.022832 -0.028818 0.022811
 0.044770 0.058173 -0.052410 -0.075304 -0.092958 -0.093231 0.007495 0.039275 0.086550 0.062674 0.069927 0.063242 -0.044606 -0.099136 0.077890 -0.098384 -0.081217 0.069690 0.085613 -0.091650 0.036977 -0.098482 -0.002419 0.094430 0.098403 0.070697 0.016571 0.052793 -0.071656 -0.016857 -0.046424 -0.030477
 -0.027514 0.031551 0.041319 0.087337 -0.084890 0.084924 -0.097873 -0.087076 -0.079624 -0.076228 0.016258 0.096112 -0.011779 -0.062357 -0.075449 -0.035386 0.011323 -0.077353 -0.091447 0.013803 -0.011324 0.048950 -0.099662 0.009969 -0.054529 0.058066 -0.036405 -0.051921 -0.051112 0.014486 0.005229 0.063582
 -0.038058 0.081108 -0.062039 0.049816 0.057930 0.058955 0.089131 0.092382 0.077563 0.012255 -0.015827 0.061498 0.017393 -0.061877 0.069547 0.076300 0.001228 0.073121 0.073439 0.097299 0.010806 -0.032779 0.056778 -0.052503 0.091086 -0.007432 -0.078336 -0.071651 -0.084545 -0.031767 0.069496 0.072158
 -0.030658 -0.060008 -0.027133 -0.025301 0.017641 0.099238 0.087983 -0.030297 -0.021178 0.023049 0.069275 -0.007852 -0.026703 0.028816 -0.062848 0.075223 -0.029287 0.064575 0.043766 -0.000479 -0.002547 -0.099897 -0.042938 0.003367 -0.046196 0.001867 -0.016356 -0.094089 0.027893 0.087471 0.034918 -0.046653
 0.070601 0.074982 -0.056323 -0.028033 -0.031578 -0.037917 -0.063776 -0.034864 -0.081370 -0.049263 -0.048980 -0.099947 -0.095668 -0.060752 -0.043379 0.055292 -0.078596 -0.071732 -0.050509 -0.069448 0.080367 -0.042106 0.016147 -0.012490 0.085760 0.058885 -0.048025 0.028741 0.041228 0.009413 -0.036402 0.003873
 0.090120 0.023907 0.095572 -0.027212 -0.044168 0.017913 -0.061766 0.051797 -0.016180 -0.074281 -0.007504 -0.088914 -0.042035 0.094355 0.093850 -0.022742 -0.003454 0.039334 -0.020368 -0.056004 -0.034878 0.075626 -0.085703 0.095405 -0.064330 -0.032806 0.077331 0.094685 -0.045375 0.066531 -0.095733 0.057992
 0.059036 -0.090819 -0.091824 -0.084610 0.088913 -0.081542 -0.054932 -0.019000 0.095414 -0.040880 0.069750 -0.086343 0.085064 0.081119 -0.055809 0.000934 0.030345 -0.037673 0.014310 -0.073028 0.034460 -0.020123 0.034099 0.019034 0.007404 -0.011271 -0.031189 0.040487 -0.096620 0.002012 0.084182 0.018630
 0.057386 -0.058983 0.035621 0.007547 0.033618 0.010208 -0.039180 0.059302 0.030130 -0.043771 0.067687 -0.050359 0.021627 -0.007654 -0.009718 0.034841 -0.014472 0.032017 0.094540 0.048326 -0.017102 -0.079217 -0.029479 0.060863 -0.093647 -0.037243 0.088494 0.037207 0.033534 0.086068 0.000923 -0.038206
 -0.061551 0.000827 0.045861 -0.060077 0.047163 0.042207 -0.042070 0.050190 -0.006156 0.035720 0.077823 0.094164 0.006544 0.041271 0.014597 -0.036129 -0.020639 0.005934 -0.064227 -0.041499 0.041043 -0.026373 0.012312 -0.063909 0.075078 0.079923 -0.023519 0.080137 -0.090135 0.083714 0.075839 -0.060859
 0.048023 -0.051451 0.059059 -0.092704 -0.083012 0.045912 -0.022369 -0.070850 -0.072255 0.085517 -0.081224 -0.069743 0.044991 0.039121 0.062366 -0.053757 -0.042687 0.088445 0.093875 -0.075878 0.073290 -0.015254 0.061148 0.022087 -0.013253 -0.052323 -0.059159 0.024815 -0.091200 -0.020304 0.035684 -0.042836
 -0.015612 -0.088617 -0.039000 0.081948 -0.030398 0.073303 0.086268 0.044013 0.059311 0.055628 -0.091637 -0.096089 0.032785 0.044370 0.006148 0.077926 0.062737 0.038449 -0.092521 0.022066 -0.070654 -0.028990 -0.038082 -0.093707 -0.069804 -0.098708 -0.014362 0.003224 0.055988 -0.080973 0.000639 -0.029435
 -0.097229 -0.093248 -0.077349 0.016614 -0.039139 -0.038027 -0.004098 -0.000088 -0.022336 -0.079177 -0.050239 -0.062980 0.084316 -0.035368 -0.010457 -0.040572 0.035898 0.070195 -0.090840 0.036436 -0.002266 -0.005791 0.097372 0.007013 -0.028105 -0.015101 0.095481 -0.073697 0.060363 0.016270 0.060430 -0.053636
 -0.036702 -0.032245 -0.096051 0.014295 -0.000188 0.017532 -0.031551 -0.091601 -0.077615 0.003038 -0.062490 -0.060661 -0.032796 0.062821 0.042885 -0.045145 -0.069844 0.021722 -0.058870 -0.091130 0.001497 -0.090346 0.015515 0.032850 -0.036415 0.068771 -0.008462 0.017369 -0.012418 -0.085272 -0.035057 -0.095479
 -0.074250 -0.098677 0.048707 0.040765 0.008490 0.073361 0.042255 -0.027077 -0.063473 0.019197 0.099306 -0.056216 -0.032483 0.031911 -0.000599 0.059436 -0.004490 -0.065647 -0.008430 -0.096313 0.019823 0.079321 -0.065938 0.052191 -0.034189 0.039559 -0.038668 -0.003454 -0.004717 -0.021398 0.071289 0.034843
 -0.057242 0.060627 0.092713 0.022057 0.016701 0.016257 -0.060909 -0.069182 0.094011 -0.092855 -0.018565 -0.052077 0.019534 0.051023 0.013047 -0.075582 -0.078954 0.061713 0.060749 0.078387 -0.058891 -0.061977 0.098038 -0.064374 0.077637 -0.040444 -0.030808 -0.008241 -0.011928 -0.059224 -0.042267 0.093012
 0.084579 0.083040 -0.088873 -0.090083 -0.012851 -0.047229 0.030422 -0.098501 0.088643 -0.013175 0.092946 0.020780 0.059115 -0.052640 0.081881 -0.062254 0.038637 0.076062 -0.086215 0.098719 0.022074 0.037107 0.061609 -0.060298 0.061088 -0.099294 0.078038 0.053128 0.025431 0.062284 -0.098946 0.036411
 -0.037534 -0.096740 0.087222 -0.063907 -0.000851 -0.083800 -0.073675 0.086591 0.047514 0.021050 0.084015 -0.018177 0.068945 0.050010 0.021815 0.069840 -0.029945 -0.064938 -0.058670 0.062338 0.080810 0.059247 0.074493 0.065757 -0.069918 -0.047524 0.087805 0.049487 0.062086 0.046528 -0.094525 0.068695
 -0.019497 -0.097932 -0.082719 0.049133 0.099178 0.094514 -0.071344 -0.091046 -0.005610 -0.003260 0.012852 -0.008610 0.084011 -0.031038 -0.065021 -0.030826 -0.023270 -0.046700 -0.080090 0.095758 0.049248 0.014901 -0.062356 0.001824 0.082556 -0.012869 -0.073244 -0.029529 -0.061406 0.081278 0.008903 -0.015737
 -0.028907 -0.064148 -0.021206 0.041780 0.010705 0.081656 0.027729 0.072486 -0.090554 -0.054670 0.035146 0.046155 0.040099 0.092533 -0.041946 -0.067852 -0.089719 -0.067785 0.095832 -0.086536 0.084129 -0.029387 -0.087512 -0.032381 -0.072285 0.085153 0.064102 -0.021590 0.097100 0.053868 -0.005910 -0.008211
 0.063337 0.025660 0.041968 -0.086308 -0.098868 -0.057823 -0.094739 0.008876 -0.088578 0.017399 0.036329 0.056531 0.091907 -0.027157 -0.092702 0.013485 -0.063935 -0.027701 0.003762 -0.024540 0.010565 -0.011503 0.078857 -0.080284 0.099093 -0.098378 0.007494 -0.080031 0.029224 -0.086727 0.031452 0.074210
 -0.025806 0.089929 -0.014315 0.085001 0.031873 -0.047840 0.017438 0.088325 0.013988 0.081101 0.016663 -0.043247 0.060557 -0.044716 -0.056199 0.053539 0.033172 0.018459 0.040881 -0.060585 -0.063178 -0.030961 0.050481 -0.045694 0.072247 -0.067770 -0.083405 -0.043433 -0.099930 -0.010347 0.011507 0.084087
 0.019900 -0.084072 0.053970 -0.015923 0.044620 -0.067897 -0.063207 -0.073982 -0.021901 -0.050114 -0.093867 0.064718 0.006517 -0.078928 -0.037633 -0.034549 -0.068063 0.070752 0.075293 -0.065589 0.071631 -0.084647 -0.041884 -0.058722 -0.018493 -0.065994 0.027718 0.043861 -0.010822 -0.042607 -0.079546 0.009942
 -0.058743 0.074674 -0.072564 0.078683 0.017636 0.091928 -0.018581 0.038290 0.041195 0.065654 -0.056911 0.089505 -0.095333 -0.016089 0.095201 0.067250 0.013089 0.043470 0.045318 -0.081951 0.065017 0.088110 0.082316 0.068402 0.077462 0.001400 0.062401 -0.031301 0.073578 -0.081244 -0.009183 0.077998
 0.021900 0.032787 0.064693 -0.009643 -0.001597 -0.060862 -0.035258 0.079079 -0.091153 -0.049853 0.075014 -0.006813 0.050804 0.092268 0.031028 -0.020154 -0.097921 0.068630 -0.000166 0.033116 -0.092533 0.069554 0.023849 0.096365 -0.010893 -0.067427 -0.056510 -0.059945 -0.067862 0.068420 -0.067345 -0.009734
 0.093498 -0.043206 0.095660 0.087770 -0.092412 -0.065040 0.047736 -0.003529 -0.033502 0.059553 0.090032 0.099016 -0.075670 0.031289 -0.001921 -0.026216 -0.026826 0.096184 -0.063076 0.082900 -0.033687 -0.030413 -0.045025 -0.032506 -0.011939 -0.043305 -0.011319 -0.094076 -0.030943 -0.045589 -0.053067 0.004030
 0.094941 0.081284 0.082124 -0.044095 -0.062635 0.000087 0.086820 0.053511 -0.006244 0.091358 -0.020488 0.033310 -0.018055 0.066047 -0.033233 -0.080526 -0.071647 -0.059925 -0.040159 0.096470 0.058534 0.011056 -0.092052 -0.015625 0.044169 -0.013188 -0.007108 -0.032292 0.028999 0.079553 0.087883 -0.021937
 0.000484 0.091825 0.028234 -0.042014 -0.091722 0.063108 0.000769 -0.018606 0.016004 0.042879 0.052050 -0.051481 -0.021052 -0.087031 0.066580 0.077718 0.068789 -0.028386 -0.094717 -0.011503 -0.058013 -0.077871 -0.044716 0.000584 -0.029015 0.055020 0.008207 0.032341 -0.035860 -0.096061 -0.073844 0.015460
 0.090106 0.068888 -0.041838 -0.067432 0.011608 -0.064433 -0.031265 -0.071209 0.092556 0.027118 -0.046011 0.093072 0.008842 -0.004427 0.013706 0.043932 -0.054123 0.027043 -0.084026 -0.019723 0.035591 -0.054933 0.099852 0.022091 -0.053633 0.023240 -0.057141 0.010215 -0.067009 -0.078943 -0.030267 0.034661
 0.021929 -0.073010 -0.090348 0.075494 0.067914 -0.063050 0.064925 0.025552 0.059714 0.020728 -0.039026 0.053580 0.050020 0.076387 -0.083918 0.083999 -0.023132 0.038889 -0.052009 -0.091223 0.018619 0.060176 0.081408 0.043400 -0.069719 0.099650 0.078248 -0.008876 -0.081281 0.098933 0.051381 -0.016123
 0.085878 -0.050538 -0.089188 -0.049787 0.079909 0.032344 0.015252 -0.031114 -0.002229 0.061185 0.083440 -0.000529 -0.015533 -0.005240 -0.028411 0.001141 -0.099654 0.074255 0.052725 -0.057903 -0.064900 -0.065255 0.070330 0.090625 -0.024499 0.023279 -0.009544 -0.032978 0.083671 -0.092277 -0.093770 0.055967
 -0.020123 -0.067603 0.062089 0.055220 0.029555 -0.094967 0.057488 0.063015 0.083013 0.068589 -0.032054 -0.072957 -0.060523 0.018952 0.030452 0.088642 -0.096735 0.056154 0.038791 -0.083800 -0.025108 0.039024 0.034129 -0.066887 -0.092518 0.088114 -0.090411 -0.056690 -0.079345 0.004657 0.033395 -0.093420
 0.084392 0.020630 -0.032411 0.088508 -0.064913 -0.091822 0.085364 0.057953 0.016259 -0.048292 0.056059 -0.012123 0.060387 0.043320 0.053436 -0.027442 -0.053696 -0.069836 0.092952 0.001454 0.093234 0.017082 0.017394 0.041457 -0.034486 0.071270 -0.088494 -0.010886 0.066658 -0.054292 -0.030632 -0.075051
 -0.006250 0.079448 -0.032762 -0.084940 -0.081886 -0.043619 -0.018268 0.018917 0.092911 0.045881 -0.087911 -0.001002 -0.071240 0.024067 -0.025262 0.015718 -0.015002 0.049339 0.059550 0.014588 0.085400 -0.011457 0.029108 -0.097463 -0.075312 0.092940 -0.070417 0.072818 -0.053303 -0.024417 0.063303 0.044832
 -0.096030 0.000612 0.002592 0.022870 0.021457 -0.016479 -0.014403 0.042994 0.025536 -0.097291 0.083673 -0.024459 -0.004845 -0.062945 0.021210 -0.062538 -0.095443 0.005346 -0.043614 -0.036223 -0.070466 -0.079049 0.076497 -0.067227 0.039034 0.012113 0.053847 0.054213 0.012302 -0.024734 -0.006586 0.083061
 0.002508 0.013799 0.002621 -0.016430 -0.036172 0.000933 -0.024921 -0.038354 0.035642 0.002782 -0.057649 0.084214 0.056342 -0.074494 0.020607 -0.041839 -0.095510 0.057774 0.059624 0.022205 -0.045740 0.048154 0.048671 -0.009714 -0.072098 -0.056581 0.060561 -0.077596 0.032217 -0.071770 -0.008696 -0.090346
 -0.057216 0.091355 0.084258 0.066442 0.046467 0.064611 0.086776 0.083736 -0.070916 -0.096527 -0.069344 -0.080922 -0.061085 0.047787 0.099992 -0.029646 -0.080037 0.053016 0.026140 0.013601 0.036251 -0.082308 0.006952 0.000060 0.010902 0.046042 0.012615 0.030864 0.094319 -0.082985 0.006997 0.090622
 0.097624 0.069238 -0.087208 -0.041498 0.071883 0.052651 -0.088373 -0.013062 0.063153 -0.012064 0.029748 -0.036460 0.064463 -0.069853 -0.088475 -0.049904 0.083859 -0.097789 0.022230 -0.018867 -0.094986 -0.011714 -0.004430 0.064223 0.087303 0.086802 0.032506 0.016937 0.057206 0.084073 -0.023412 -0.043007
 -0.082220 0.074455 -0.051437 0.098354 -0.048054 0.013027 0.093569 -0.094571 0.079983 -0.012562 0.032996 0.057076 0.047030 0.057429 0.063788 -0.063236 -0.016388 -0.024026 -0.051981 -0.066684 -0.068950 0.055615 -0.024325 -0.077391 0.082922 -0.088201 -0.080403 -0.004313 0.091076 -0.061968 -0.080563 -0.050717
 0.083656 -0.086265 -0.017490 -0.074371 0.055419 0.070272 0.061963 0.042488 -0.056459 0.008793 0.091574 0.038017 0.016131 -0.048176 -0.042723 -0.099898 -0.033190 0.055524 -0.054231 -0.060138 0.006124 0.070045 -0.094217 0.052426 -0.071988 -0.084800 -0.047587 0.049123 -0.053301 0.059357 0.018314 0.067747
 -0.054030 0.038183 0.032604 0.070856 -0.002035 -0.052389 0.019785 -0.044028 0.091284 -0.049916 -0.074798 0.023838 -0.000472 -0.058330 -0.027393 0.045281 0.068294 -0.008339 -0.062192 -0.056205 -0.010807 -0.054761 0.095361 -0.035590 -0.068541 0.011247 0.098053 0.006073 -0.037793 -0.044909 0.034776 0.008804
 0.079753 -0.046593 0.020941 0.002521 -0.000301 0.000107 0.092291 0.007846 -0.030206 -0.056069 -0.096642 -0.042518 0.019957 -0.094623 -0.097722 -0.006940 0.047782 -0.038064 -0.000971 0.018434 0.022329 -0.006107 -0.032221 -0.066381 -0.035231 0.087342 0.021721 0.079550 -0.023771 0.011217 -0.029002 -0.062679
 0.040254 0.002237 0.058762 0.084799 0.029897 0.032523 0.068805 0.001632 0.090219 0.061908 -0.085448 0.001268 0.029304 -0.055672 -0.030888 0.036264 -0.048866 -0.068415 0.012133 0.059517 -0.030119 0.073450 0.032803 -0.022163 -0.007461 -0.075162 -0.099555 -0.018174 0.036112 0.062851 -0.088356 -0.031101
 0.043936 -0.009286 0.017015 0.038512 -0.013822 -0.076184 0.020488 0.086260 -0.047398 0.049100 0.083079 0.002164 0.025164 -0.042961 -0.038696 0.071708 0.084013 -0.048298 -0.035377 -0.048514 -0.052154 -0.068453 0.036067 0.097002 0.008400 0.085912 -0.016166 -0.032390 -0.008606 0.048502 -0.069273 0.058469
 -0.015998 0.087434 -0.018199 -0.067098 0.077180 -0.069766 0.087963 -0.020090 -0.048160 0.017720 -0.076910 -0.006729 0.042929 -0.099934 0.088213 0.068418 -0.048134 0.066550 0.005821 0.085538 0.009531 -0.072124 -0.061285 0.034028 -0.073144 -0.048136 0.054950 0.096205 -0.086142 -0.091209 -0.092259 0.086044
 0.076472 -0.089023 -0.079020 -0.058619 0.000147 0.015346 0.079752 -0.039960 0.072215 0.098596 0.035452 0.034780 0.096896 0.027468 -0.082937 -0.073024 -0.021332 -0.083372 -0.001458 0.011737 0.064019 0.029617 -0.000114 -0.094737 -0.019433 -0.032977 -0.094361 -0.082956 0.099713 -0.074426 -0.001043 -0.073497
 -0.098095 0.029185 -0.094729 -0.013134 -0.074421 0.054698 0.074584 -0.058513 0.092240 0.030786 -0.089707 0.019949 0.090047 -0.046570 -0.099793 0.098501 -0.025366 -0.059962 -0.009100 -0.076877 -0.077025 -0.044823 0.008590 -0.071509 0.001256 -0.079338 -0.057351 0.083454 0.095613 0.095390 -0.000294 0.089172
 -0.083922 -0.035818 0.046093 0.041866 -0.085134 -0.093544 -0.010266 0.080829 -0.049500 -0.033477 -0.059029 0.002657 -0.023959 -0.020494 0.062511 -0.022226 -0.000620 0.024598 0.012368 0.059116 -0.096746 0.076583 0.042378 0.044256 -0.006000 -0.016824 0.060205 0.050284 0.094291 -0.056014 -0.004205 -0.084048
 -0.022475 0.072675 -0.094990 -0.095770 -0.007888 0.051140 0.026848 -0.068613 -0.008646 -0.003210 -0.038872 -0.093834 -0.076467 0.047084 0.005275 0.024613 -0.022276 0.085333 -0.029509 0.079245 0.054468 -0.016137 -0.058691 -0.033576 0.062513 -0.014063 0.029863 -0.020768 -0.004692 -0.075486 0.057203 0.000874
 0.034019 -0.014328 -0.004251 -0.040361 0.049940 0.061243 -0.098963 0.025231 -0.004286 0.034738 0.067502 0.072258 0.091379 0.056037 0.037020 0.053287 -0.001323 -0.050443 0.099056 0.011480 0.001200 0.036815 0.035121 0.025636 0.038617 0.020360 0.000447 0.040855 -0.019259 -0.088234 -0.061642 0.021477
 0.097326 -0.000034 -0.041316 0.094173 -0.008628 -0.059227 -0.023067 -0.084403 0.065807 0.072466 0.094628 0.031606 -0.096246 0.071423 -0.089864 0.063570 -0.079189 -0.020170 0.037752 -0.039476 -0.028183 0.007931 0.056007 -0.021762 -0.011899 0.062473 0.031068 -0.034239 0.027175 0.003028 0.038369 0.068449
 0.017544 -0.069389 0.035611 0.081613 0.049775 -0.039005 0.079957 -0.055463 -0.073583 0.099267 -0.089211 -0.088396 0.021343 -0.080457 -0.045337 -0.075420 -0.009042 0.059579 -0.038274 0.045598 0.053048 -0.085943 0.044027 0.064853 0.079536 -0.050601 -0.069928 0.019812 0.006828 0.000388 0.046586 -0.067183
 0.020995 0.094624 -0.052918 -0.056781 -0.024784 0.022868 0.065726 0.014784 -0.082352 -0.049973 -0.025115 -0.030149 0.089724 -0.061099 -0.090326 0.077143 -0.037985 -0.006991 0.090018 0.060780 -0.010862 -0.089547 -0.016082 0.042412 0.070016 0.073211 -0.017533 0.095321 0.064143 0.052926 0.095898 -0.060485
 -0.089760 -0.009331 -0.088176 -0.075493 0.073326 -0.034822 -0.018388 0.061722 -0.029097 -0.079761 0.020337 -0.068059 0.074769 -0.042613 0.054777 0.028397 -0.025232 -0.083900 -0.002751 -0.025010 0.076233 0.051543 -0.078257 -0.074216 -0.093403 0.040786 0.089444 0.092962 -0.008068 -0.038351 -0.051910 -0.077910
 -0.073901 -0.058944 -0.063549 0.095322 0.069802 0.083622 -0.070018 0.015452 0.013700 -0.086043 -0.022454 -0.042236 0.046325 -0.031241 0.088123 -0.048823 0.091074 -0.019979 -0.080205 -0.047039 -0.064201 -0.015247 -0.078019 0.047773 0.078144 -0.072790 -0.037691 0.096292 0.038180 0.046966 0.024392 0.053304
 -0.099622 -0.093806 -0.012192 -0.056366 -0.086080 -0.047218 -0.017129 -0.012035 -0.055140 0.076034 0.076237 0.082304 0.018424 0.096010 -0.051935 0.083122 0.022669 0.028921 0.089929 -0.002418 0.076592 -0.081767 0.090871 -0.035715 -0.023347 -0.015210 -0.026364 -0.014801 -0.051844 -0.088438 -0.083456 0.014604
 -0.095010 -0.049520 0.016045 0.035997 -0.065711 -0.081969 0.003166 -0.068629 -0.077207 -0.048923 -0.052842 0.074867 -0.075330 -0.062327 -0.005090 0.059133 0.057859 -0.024761 -0.068912 -0.060673 -0.045634 0.074976 -0.057269 0.024891 0.038384 0.003650 0.088698 -0.093689 0.095646 -0.038869 0.072314 -0.071235
 -0.061324 -0.020652 0.075430 0.092329 -0.031997 -0.014576 0.025769 -0.082569 -0.019194 -0.067030 0.053822 0.088611 0.061903 -0.014323 0.075784 -0.023635 -0.077708 -0.076072 -0.035840 0.008055 -0.015207 -0.046609 0.003910 0.015430 0.089966 0.065622 0.046287 -0.052345 -0.081989 -0.005856 0.080090 -0.079029
 -0.066204 0.052430 0.057273 -0.037429 -0.015705 -0.016756 -0.052558 0.014560 -0.018351 0.059493 0.052925 -0.000469 0.063539 0.016926 -0.031289 -0.083332 -0.034807 -0.060103 -0.062811 0.016857 0.057851 0.035941 0.096872 -0.013115 0.099529 0.039828 0.004495 -0.057999 -0.010640 0.023578 0.057601 -0.011734
 -0.035402 -0.081985 -0.041962 -0.015970 0.017712 -0.005779 0.027081 0.047706 0.064695 0.050411 0.095660 -0.029499 0.029325 -0.060067 0.037074 0.090254 -0.017917 0.078073 -0.066377 -0.008647 0.099874 0.024235 -0.011775 -0.005544 -0.045452 0.033789 -0.061410 -0.002809 0.061692 0.093173 0.002383 -0.025707
 -0.063004 -0.003993 -0.093830 -0.025667 -0.005807 -0.056565 0.080309 0.050051 -0.090860 0.066380 0.044314 0.009057 -0.072027 0.029054 -0.098225 -0.090643 -0.084055 -0.049626 0.000409 0.096639 -0.008815 0.070183 0.003706 -0.038380 -0.098878 0.033074 -0.090751 0.008814 0.040574 -0.073165 0.035828 -0.002007
 -0.083091 0.037239 0.056765 -0.052960 0.058363 -0.023407 -0.009796 -0.038044 -0.059843 0.046092 0.043358 0.046576 0.040148 -0.073082 0.009951 0.080861 0.031177 0.098124 0.055992 -0.031466 0.089649 -0.007559 -0.065364 -0.064951 -0.092990 0.069801 -0.038451 -0.087288 0.047025 0.093311 0.093915 0.084792
 -0.058275 0.025043 -0.011779 0.070886 -0.046779 0.071451 0.020046 -0.099719 0.077469 0.010607 0.088831 -0.059238 -0.005712 -0.013061 0.090949 -0.085083 0.057110 0.082921 0.072411 0.039792 -0.085107 0.084382 0.043276 -0.024989 -0.042219 0.013059 -0.043118 -0.082011 0.031977 -0.003290 0.036019 0.052487
 0.000598 -0.068989 -0.085081 0.081493 0.042908 0.031539 -0.068981 -0.084202 -0.098088 -0.036020 -0.043986 0.086024 0.044382 0.067621 -0.072467 -0.064551 -0.082978 0.021796 -0.084130 -0.058643 -0.083161 -0.060794 0.073418 -0.023807 -0.079560 0.057998 0.046252 0.083510 0.031872 -0.007368 0.059883 -0.046948
 0.016196 0.040599 0.040168 0.022102 0.000479 0.013438 0.091071 0.033529 -0.044133 0.012275 -0.085190 -0.077434 -0.094494 -0.072516 0.066299 0.099151 -0.030632 0.058706 0.043250 -0.029861 0.014146 -0.053422 -0.003709 -0.066568 -0.036453 0.009293 0.036857 0.027643 0.020819 -0.098106 -0.077219 -0.012297
 -0.042347 -0.086415 -0.023777 0.007236 0.037535 0.013332 -0.028859 0.098303 -0.074872 0.023054 0.096359 0.065612 -0.087971 0.099152 -0.098323 -0.071008 -0.015391 -0.079662 0.021824 -0.055088 0.068344 0.070442 -0.082345 0.059404 0.029768 -0.012986 -0.040469 -0.008978 0.048647 -0.001374 0.026319 -0.014403
 0.045474 0.095798 0.085431 0.081173 0.031305 0.050103 -0.010400 -0.052552 -0.052092 0.046154 0.002295 -0.070872 0.000432 0.043110 0.058499 -0.004708 -0.095167 -0.084660 -0.099688 -0.029065 -0.099408 0.020514 -0.014289 -0.061240 0.064626 0.037831 0.030917 -0.082055 -0.088477 0.053295 -0.061299 -0.043558
 -0.016217 0.034006 0.098076 -0.011965 0.012602 0.056115 -0.006546 0.041486 0.016158 0.033141 0.003051 -0.007958 0.091081 0.051070 0.012908 0.056985 -0.095572 0.057500 0.012843 -0.076470 0.086794 0.089531 0.080273 -0.033600 0.081096 -0.035496 -0.024531 -0.067492 -0.051380 0.039223 0.033839 0.058971
 -0.080290 0.027200 0.002335 0.051263 -0.065855 -0.074852 -0.035685 0.036973 0.034132 0.087288 -0.012739 -0.040860 0.011657 -0.036724 -0.037574 0.064402 -0.003264 -0.085409 0.079858 -0.038670 -0.061591 0.022518 -0.089224 0.071506 0.011051 -0.029153 0.081445 -0.080128 -0.010056 0.095132 -0.077338 -0.015127
 0.057181 0.037663 -0.068769 -0.078761 0.096937 -0.058371 0.042732 -0.099411 0.019288 0.000841 -0.034748 -0.018679 -0.000390 -0.060788 -0.043226 -0.086564 0.026988 -0.012996 -0.007495 -0.093374 0.026906 -0.038834 0.046569 -0.063593 -0.085397 0.061297 0.088154 -0.077901 -0.063818 -0.064060 -0.031382 0.018397
 0.081381 0.026461 0.095843 0.081497 -0.002569 0.090700 0.044750 -0.071741 -0.047958 0.085392 0.086038 -0.001168 0.069342 0.031314 -0.066453 -0.045984 0.098097 0.005147 0.099109 -0.017128 0.006739 0.076481 -0.002543 0.010960 0.038249 0.003760 0.054565 -0.099695 -0.066002 -0.034860 0.062557 -0.041179
 -0.049153 0.069290 -0.097000 -0.000118 -0.078309 0.013977 0.077484 -0.047765 0.003281 -0.088890 0.012110 0.060217 -0.095370 0.090377 0.052602 0.016294 0.027905 0.095966 -0.025007 -0.052219 -0.028708 -0.086009 0.094685 -0.080421 -0.016005 0.014994 -0.050035 0.067347 0.044619 0.037036 -0.067133 -0.042044
 0.014538 0.055217 0.016548 0.005486 -0.052487 0.069614 0.076520 0.027667 0.023760 -0.022383 0.064377 0.068800 0.030865 0.016185 0.056083 -0.044964 0.042506 0.050710 -0.044444 0.039402 -0.055295 -0.049066 0.019204 0.056400 0.082321 -0.045125 0.099421 -0.011948 -0.086835 -0.051533 0.074168 0.021649
 -0.018142 -0.081502 -0.030412 -0.003167 -0.043556 -0.030543 -0.011060 0.053685 0.030409 -0.083679 0.034333 0.086861 -0.098244 -0.090066 -0.039480 0.046143 -0.068425 0.019404 -0.004313 0.080459 -0.008698 0.070814 -0.073789 0.039350 0.087154 -0.007407 0.040351 0.084588 -0.039496 0.024903 0.049036 0.086307
 -0.039748 0.086382 -0.009331 -0.059636 -0.039625 -0.011452 0.069667 -0.035806 -0.022133 0.074645 -0.049453 -0.075473 0.069016 0.080228 -0.090749 -0.059591 -0.010531 0.033111 0.041772 -0.014277 0.069901 0.095719 0.080949 -0.098966 -0.064283 0.015547 0.092473 -0.071993 0.012365 -0.012023 0.019297 -0.032556
 -0.085303 -0.087852 0.031783 -0.057101 0.064644 -0.055670 0.001415 0.057062 0.051362 -0.047626 -0.094309 0.002357 -0.009974 0.046226 -0.045981 -0.036958 -0.056617 0.094101 0.073205 0.083993 0.023877 -0.053520 -0.074302 0.018609 -0.020366 -0.063373 -0.049274 -0.048253 -0.040620 0.003226 0.083731 0.060931
 0.068553 0.002528 0.015833 0.002448 0.058777 0.003339 -0.088852 -0.092530 0.034018 -0.026542 0.044107 0.000459 0.087156 0.082483 0.075546 0.044686 0.009386 -0.097591 -0.014656 -0.014855 0.007107 -0.031657 0.038851 0.006185 -0.091462 0.069530 0.049546 -0.001718 -0.002880 0.046857 -0.026778 -0.006648
 0.042506 0.071244 0.056008 -0.073818 -0.027508 -0.042337 -0.065868 -0.013727 -0.047253 0.046893 0.005734 -0.003839 0.089214 -0.057979 -0.013655 0.040710 0.034744 0.094897 -0.040231 0.034444 0.023389 0.047905 -0.073294 -0.006249 0.065377 0.077238 0.052860 0.037679 -0.077200 -0.079057 0.068886 0.028691
 -0.091009 -0.059823 0.015473 0.034895 0.055887 -0.058661 0.026882 0.027835 0.036648 0.088938 -0.029944 -0.069934 -0.007528 0.064971 -0.002143 -0.060129 0.086276 0.019566 0.022212 0.056871 -0.098335 -0.079623 -0.024032 -0.019842 -0.046216 0.050046 0.063829 -0.039263 0.010342 0.044855 -0.043069 -0.008189
 0.019666 0.043672 0.083683 0.024444 0.066277 0.094226 -0.068471 0.062336 0.003580 -0.040434 0.097118 -0.078478 -0.035950 0.057595 0.037239 0.073757 0.003739 -0.054086 0.066837 0.093120 -0.063581 -0.050141 0.072994 -0.097203 0.096835 0.011210 -0.011446 0.040705 -0.028868 -0.081162 -0.051591 -0.065903
 -0.015722 0.000604 0.077138 -0.049014 0.009240 -0.071506 -0.015786 0.082220 0.042176 0.070507 0.070779 0.007848 0.070566 -0.032664 0.008523 -0.016399 -0.074159 -0.074498 -0.006781 -0.004060 0.094447 -0.013665 0.037125 0.057752 -0.068063 0.076628 0.071150 0.092965 -0.037387 0.019280 0.002960 0.016396
 0.058798 -0.044587 -0.018987 -0.052854 -0.049916 -0.068478 0.049490 0.077629 -0.067709 0.080354 0.010633 0.066207 -0.012749 0.029887 -0.045281 0.023038 -0.006334 -0.017489 0.035318 -0.086565 -0.007710 0.045486 0.053330 -0.043967 -0.010365 0.047033 0.078072 -0.074477 -0.052524 -0.076485 0.056819 -0.012063
 -0.026231 -0.086111 0.052159 0.034622 0.019728 -0.021160 -0.011709 0.041151 0.014009 0.070943 0.061689 -0.070014 -0.077289 0.005746 0.010788 0.094097 0.056739 -0.037377 0.040510 -0.060682 -0.048263 -0.056475 -0.087403 -0.096755 0.037508 0.034586 -0.085967 0.042932 -0.090301 0.033929 0.099978 -0.036411
 0.063942 0.048905 -0.097759 -0.067431 0.048715 -0.002036 -0.081668 -0.083545 0.081649 -0.047475 -0.093803 -0.076898 -0.063117 0.030673 -0.080063 0.060976 0.025845 0.098681 0.045999 0.029221 0.007228 0.083170 0.009839 -0.034329 -0.012631 0.065323 -0.022122 0.031347 -0.082502 -0.049242 -0.034862 -0.003488
 -0.081411 -0.099864 -0.024248 0.021107 0.035533 0.046266 0.085991 -0.088818 -0.035166 0.001895 -0.015309 -0.089684 0.062901 0.088452 0.001731 -0.000206 0.069513 0.004753 0.079782 -0.080896 -0.093515 0.083920 -0.081597 0.024800 0.062063 0.015821 0.000043 0.093205 -0.010032 0.027217 -0.079325 0.044736
 -0.087348 -0.070043 0.017407 0.066026 0.013556 -0.057802 0.039568 0.063043 0.085757 -0.030981 -0.014868 0.064659 -0.092166 0.052862 -0.060402 0.025685 0.062202 0.059392 0.050584 0.023552 -0.006901 -0.031178 -0.086419 0.001249 -0.064825 0.074806 -0.000781 0.090503 -0.087242 0.062307 0.030547 0.016540
 -0.033133 0.053403 0.034020 -0.055645 -0.006663 -0.058995 -0.040872 -0.070147 -0.087752 0.034871 -0.090642 0.073247 0.077078 0.011132 -0.094597 0.018510 -0.065116 0.098504 -0.086981 0.054370 -0.008421 0.023058 -0.010325 0.001440 -0.045247 0.039614 0.018885 -0.001328 -0.035080 -0.087400 0.067871 -0.079587
 0.071072 -0.039118 0.094777 0.067488 -0.055427 -0.045565 0.079663 -0.079199 -0.037387 0.057379 0.077794 0.009392 -0.034271 -0.004593 0.050325 0.033106 0.038939 -0.010250 0.025718 0.096309 -0.002534 0.075147 -0.072395 -0.077703 0.039853 0.076033 -0.025178 0.097955 -0.068216 0.004114 0.011325 -0.060336
 0.024333 0.081738 -0.038413 -0.020034 -0.072840 -0.013126 -0.033585 -0.059726 0.080012 0.021840 0.074711 0.047843 -0.038360 -0.092069 0.032660 -0.038396 0.003390 -0.014984 0.023547 0.093133 0.019118 -0.060951 0.069232 0.087341 0.086086 -0.004991 0.081498 0.000715 -0.048869 -0.045673 -0.074629 -0.006350
 -0.031359 0.064800 -0.095426 -0.042898 -0.010358 -0.053732 -0.065576 -0.095417 -0.053564 0.025835 -0.001674 -0.099516 -0.034342 0.076087 -0.044403 -0.014250 -0.082005 0.096543 -0.068846 0.023110 -0.019694 0.018044 0.036370 0.080174 -0.035806 -0.054946 -0.069502 0.000746 0.028558 -0.094557 0.077824 0.073625
 -0.021760 -0.064221 -0.027199 0.039896 -0.031459 0.010814 -0.046871 0.031341 -0.086350 0.010159 -0.017677 0.035977 -0.064718 -0.031327 0.088351 0.078655 -0.093791 0.092450 0.098296 -0.010116 0.003365 -0.032795 -0.090927 0.087538 0.046304 -0.037243 0.017575 -0.093166 -0.065725 -0.082261 -0.057693 0.010172
 0.038241 -0.033897 0.074398 -0.083650 -0.010560 -0.091573 -0.027036 0.072910 0.029654 -0.079154 0.049873 0.079448 0.022967 -0.082176 -0.011432 0.039944 0.069772 0.049127 -0.086652 -0.025829 -0.048347 0.008850 0.038777 -0.010015 -0.052310 0.071620 -0.057606 -0.088464 -0.032451 0.022532 0.087523 0.038334
 0.073621 -0.095165 0.042726 -0.022526 -0.015083 0.058581 0.019765 0.015429 0.044285 0.098335 0.087922 0.067040 -0.046258 0.085521 -0.092695 0.043293 -0.075472 -0.020275 -0.002049 -0.070531 -0.055550 -0.090046 0.043349 0.062045 0.071713 -0.059848 0.047711 0.075143 -0.041484 0.081325 -0.068302 0.073906
 -0.064862 0.039058 -0.008218 -0.048002 0.047793 0.036560 -0.009879 -0.047836 0.005277 0.000956 -0.074228 -0.018731 -0.096066 0.057031 -0.056938 -0.089435 -0.089683 0.014726 0.053803 -0.009675 0.018166 0.074558 0.083319 0.029289 0.018368 0.027194 0.055880 0.019753 0.036474 -0.053202 -0.004326 0.083494
 0.024685 -0.059723 0.024550 0.075025 0.000598 0.071082 -0.017885 0.063013 0.076781 -0.083301 0.085462 0.063972 0.026165 0.022293 0.066708 0.034609 0.080341 -0.083316 -0.076251 -0.042046 -0.027395 0.020896 -0.004654 -0.049826 -0.027696 0.053012 -0.004103 -0.091296 0.052334 -0.042616 0.014298 -0.056788
 0.024204 -0.072130 0.025089 -0.010502 0.010257 0.046465 -0.078591 -0.059316 0.043179 -0.068134 -0.078637 0.082987 0.081365 0.045081 -0.008223 0.055634 -0.037051 0.041439 0.030514 0.062321 -0.008518 -0.035841 0.076785 0.058012 -0.030736 0.016239 -0.094000 0.046686 0.011787 -0.015352 0.029523 0.037724
 0.077016 0.063929 -0.016312 0.019155 0.024742 -0.031359 -0.002742 0.023407 -0.051876 0.018239 0.099519 -0.022219 0.090417 0.067890 -0.021590 -0.025682 0.034309 -0.027614 0.075557 0.008611 -0.012660 -0.056806 0.027739 0.041920 -0.037737 -0.070113 -0.020302 0.094953 -0.065965 -0.016474 0.086878 -0.092610
 -0.078605 -0.072002 0.019516 -0.073095 -0.048356 0.009651 -0.017759 -0.061590 -0.046048 0.023351 -0.090120 -0.018292 0.012542 0.022110 -0.045187 -0.095278 0.044142 -0.008266 -0.091309 0.012514 -0.024534 0.037113 0.062190 -0.000224 -0.062639 -0.090338 -0.063463 -0.054400 -0.050804 -0.080866 -0.005933 0.062460
 -0.093888 0.090027 -0.074838 0.074457 -0.069731 0.036961 0.081851 0.073930 0.056705 -0.042288 0.069972 -0.092984 0.095274 0.000504 -0.050046 -0.090400 -0.064426 -0.057453 -0.042076 -0.035894 0.025447 0.097074 -0.093355 -0.082726 0.096541 0.050191 0.048926 0.037323 0.028708 -0.063151 -0.048386 0.073239
 0.014240 -0.051944 -0.067404 -0.026269 -0.055442 -0.034175 -0.035674 0.014826 0.087923 0.068921 -0.021313 -0.058115 0.057208 0.025822 -0.085666 0.083910 -0.019217 -0.063653 0.034935 -0.027356 -0.041474 -0.032056 -0.065986 -0.054813 -0.070910 0.006679 -0.061585 0.004482 0.003491 -0.026278 0.047195 0.083511
 -0.038732 0.017093 0.017026 0.022637 -0.000290 -0.045847 -0.023060 0.076950 0.092099 0.076990 -0.098853 -0.073226 0.016323 0.022105 -0.010839 0.001686 0.086549 -0.058877 0.057036 0.062596 0.025692 0.010147 0.053836 -0.067300 -0.041763 0.006345 -0.031758 0.050408 -0.023527 -0.009895 0.098762 -0.058304
 0.017269 -0.053434 -0.030338 -0.000726 -0.039835 -0.008380 -0.013153 -0.001096 0.022027 -0.042801 0.072098 0.095489 0.025839 0.021721 -0.050395 -0.039090 -0.025727 0.053826 0.086914 -0.009953 0.026921 0.022219 -0.004278 0.071329 -0.046376 0.096753 -0.096126 0.092328 -0.085304 0.084378 -0.082608 0.085693
 0.031684 -0.015178 0.064921 -0.047143 -0.047635 0.085246 -0.043975 0.013637 -0.044520 0.073398 -0.054551 -0.014524 -0.068927 0.046042 0.063820 -0.094512 -0.028753 0.011472 0.072026 0.046710 -0.040542 0.081427 0.009583 0.096607 0.081618 -0.098926 0.053533 0.018770 -0.076948 0.081796 0.079636 0.010034
 -0.086881 0.005664 0.047068 -0.022213 0.004883 -0.043637 0.054079 0.034694 0.088418 -0.093446 -0.012420 -0.084888 -0.001217 -0.083382 0.028860 0.099401 0.081840 -0.036556 -0.045612 0.072412 -0.056709 0.052042 -0.065187 -0.076657 -0.037199 -0.096707 0.098077 -0.075373 0.075313 -0.012166 0.055310 -0.030696
 -0.022590 -0.031647 -0.034708 -0.048548 0.045557 -0.023836 -0.028290 0.056910 -0.067686 0.061659 0.008390 0.040845 0.082266 -0.059931 -0.024738 0.049961 0.038217 0.032440 0.044602 -0.004338 0.089535 0.062194 0.035265 -0.043526 0.030289 0.084062 0.081726 0.098659 0.048302 0.064739 -0.034983 -0.046824
 -0.011627 0.084484 0.043417 -0.007659 -0.054062 -0.008060 0.003632 0.024953 -0.071159 0.090916 -0.007203 0.092569 -0.072412 -0.096371 0.091004 0.036143 0.034456 -0.028149 -0.040434 -0.004749 0.016701 -0.045059 0.049599 -0.088214 0.008158 0.085007 0.054242 -0.064440 0.054793 0.008055 0.089418 -0.005114
 -0.035011 0.005555 -0.087899 0.006408 0.081612 0.016984 0.097282 0.058147 -0.065722 -0.015577 -0.061359 -0.061962 0.076901 0.092180 0.042047 -0.072826 -0.032559 0.025930 0.002053 -0.049544 0.057691 0.005107 -0.078606 -0.053918 -0.034903 -0.072324 0.067677 0.048747 -0.050050 0.099833 -0.070702 -0.097617
 0.041588 0.092736 0.038924 -0.038929 0.056596 0.062756 -0.011707 -0.035388 0.019491 0.001658 -0.056692 0.001834 -0.038743 0.097524 -0.023503 0.078192 0.026519 -0.043125 0.083803 -0.035876 -0.070955 -0.038248 0.077685 0.047958 -0.063992 -0.003555 -0.025526 -0.005090 -0.036210 -0.002015 -0.061226 -0.097367
 0.034268 -0.038249 0.043991 0.035993 0.014002 0.002207 -0.007196 0.085948 -0.024680 0.019477 -0.007781 -0.064485 -0.066804 -0.045301 -0.000237 -0.079953 -0.082271 0.026863 -0.065076 -0.064724 -0.088196 0.025724 0.017597 0.084734 0.061735 0.084213 -0.073001 -0.020004 0.092765 0.005146 0.007723 -0.047456
 -0.091163 0.093028 -0.070529 -0.086400 -0.059752 -0.087533 -0.006583 0.077136 0.072552 0.054614 0.094154 0.094029 -0.066646 -0.057172 -0.074106 -0.034337 0.017584 0.002423 -0.078339 0.060911 0.062862 -0.070142 -0.010681 -0.059891 -0.056992 -0.011031 -0.063712 0.090601 -0.026577 0.098511 -0.015948 -0.098251
 0.095773 -0.094624 -0.041454 -0.096747 0.002594 -0.022708 0.046150 -0.047941 0.096356 0.044504 -0.069700 0.004274 0.037655 -0.037332 -0.061253 0.005225 -0.040104 -0.089535 0.005122 -0.052645 -0.069861 0.063391 0.033221 0.041162 0.087338 -0.053211 -0.087717 0.075910 0.038869 -0.041413 0.011907 -0.025019
 -0.032495 -0.067364 -0.047617 0.084153 0.099307 0.096793 -0.091500 0.097026 -0.074930 0.078283 -0.057139 -0.042400 -0.062630 -0.098993 -0.016256 -0.017756 0.015954 -0.068676 -0.071976 -0.083409 0.012787 0.019706 -0.088726 0.039439 0.085798 -0.056760 -0.046926 0.026340 -0.048647 0.005561 0.038954 0.031794
 -0.090888 0.079347 -0.005991 -0.089283 0.096551 0.042667 -0.050677 0.040076 0.018386 0.019190 0.093680 0.024199 0.024874 -0.015962 -0.012651 -0.046565 0.079069 0.037493 0.004095 0.040492 0.013845 0.084324 -0.089507 0.072952 0.096275 0.012333 -0.030234 0.010953 -0.049586 -0.029231 -0.095277 -0.097375
 -0.007939 -0.036380 -0.089493 0.046815 -0.002876 -0.028298 -0.001950 -0.085828 -0.036108 0.068875 0.039809 0.010353 -0.059409 0.011451 0.075538 -0.013713 -0.097012 -0.044308 0.092549 0.099862 0.048350 -0.063988 -0.007609 0.097603 -0.031462 -0.055237 -0.091556 0.099171 0.082376 -0.093296 0.042893 0.045803
 -0.053525 0.047970 -0.071883 -0.000771 -0.006006 -0.083124 0.066367 0.039065 0.043338 0.019858 0.020518 0.063180 -0.049946 0.001173 0.073990 -0.028438 -0.090834 0.034323 0.014081 -0.055382 -0.080472 -0.017533 0.072603 -0.051402 0.056716 -0.003268 -0.077062 -0.080898 0.067117 -0.059641 0.015083 -0.041027
 -0.082716 -0.065195 0.076938 -0.008786 0.092490 0.002902 -0.069355 0.002709 0.068333 0.007784 -0.033025 -0.078689 -0.060804 -0.023956 -0.056865 -0.004202 0.096106 0.026163 0.058207 -0.037180 0.070781 -0.081369 -0.097619 -0.083862 0.056409 -0.071942 -0.025341 -0.001782 0.043870 -0.092851 0.084490 0.032377
 0.027947 -0.077028 -0.013554 0.061654 -0.033116 0.030754 0.011543 0.061676 0.085130 0.099358 -0.004174 0.034288 -0.085118 -0.094683 -0.098240 -0.076332 0.095148 -0.070039 0.086815 0.060525 0.032634 0.085964 0.032582 -0.012065 -0.081949 -0.098540 0.013172 0.072635 0.047539 -0.057216 -0.050497 0.015419
 0.021054 -0.038089 -0.044398 0.077428 -0.059229 0.038438 0.036394 0.053646 -0.037856 0.007682 0.056058 0.019664 -0.001005 0.096939 0.069202 0.046425 0.072403 0.015426 0.046360 -0.041352 -0.018730 -0.027300 0.086541 0.019847 0.088931 -0.000505 -0.009233 0.031007 -0.009402 -0.072966 0.006596 -0.046424
 0.031927 0.017128 -0.039687 -0.025184 -0.005459 -0.027747 0.085667 0.039457 0.087976 -0.088496 0.058134 -0.043984 0.024890 0.052976 0.054063 0.073140 -0.061439 -0.056244 -0.021276 0.096853 -0.093197 -0.040661 0.075049 0.077664 0.029040 0.071350 0.066665 0.026721 0.082117 -0.097582 -0.000272 0.044163
 -0.082054 0.037954 -0.092815 0.046267 -0.045862 0.011937 0.067434 0.000265 0.057457 -0.014812 -0.002465 0.042728 -0.022610 0.016901 0.013799 0.042407 0.098907 -0.008397 -0.014600 -0.092769 -0.026444 0.040261 0.088080 0.075402 0.045420 0.042084 0.011273 -0.004837 -0.081856 -0.081007 -0.077211 0.001513
 -0.037937 -0.073684 -0.025641 0.014408 -0.005102 0.056929 0.038092 -0.054836 -0.057374 0.057107 0.042853 0.089287 -0.092998 -0.032396 -0.041512 0.052333 -0.043553 -0.073207 0.032676 0.066781 -0.028546 0.042297 0.064288 -0.003211 -0.059225 0.002606 0.070086 0.043385 -0.042313 0.022417 0.023963 0.045796
 0.016094 0.099182 0.031646 -0.032810 -0.089850 0.051021 0.022898 -0.009362 0.003161 -0.005677 -0.071463 0.067592 -0.076914 0.009360 -0.000453 -0.010378 0.040070 0.043951 -0.051971 -0.070745 -0.074929 0.030516 0.047245 -0.081470 -0.065054 0.008609 0.080851 0.004668 0.001436 0.060551 0.056943 0.036684
 -0.033042 -0.013338 -0.083831 0.017473 0.060650 -0.014980 -0.059620 -0.087163 -0.074891 0.000525 0.036258 -0.054771 0.044038 0.005657 0.024286 -0.061409 -0.031747 0.060461 -0.022756 -0.083564 0.029544 -0.081208 -0.059951 0.028171 0.031173 0.099897 -0.072026 -0.093596 0.076298 0.069937 -0.097250 -0.017958
 0.081364 -0.069495 -0.027393 0.042534 -0.012101 -0.048830 0.090268 -0.046981 -0.001345 -0.013669 0.036605 -0.098019 -0.064018 0.007317 -0.098806 0.014788 -0.015648 -0.092189 0.075625 0.081173 0.075583 0.076047 0.029066 0.038172 0.095288 0.018856 -0.039286 0.042097 0.009338 0.003805 -0.093919 0.092237
 0.001914 -0.001296 -0.052695 -0.044360 -0.052638 0.071477 -0.022343 -0.008196 -0.021953 -0.033091 -0.087406 -0.093648 -0.098579 0.035363 0.032702 -0.018604 -0.045880 0.051251 0.035788 -0.057836 0.072082 -0.036681 0.015071 -0.022601 0.094544 0.092088 0.074142 0.044082 0.042806 0.081684 -0.067517 0.068967
 0.043922 0.089204 -0.053306 0.073535 -0.055451 0.048129 0.001934 -0.060155 0.043558 0.029568 0.082161 0.010364 -0.093066 0.052813 -0.004719 0.001278 -0.086116 -0.075909 0.067202 0.019340 0.051882 -0.064697 -0.020430 0.080243 -0.050347 -0.077928 -0.003744 -0.072416 0.095737 -0.096120 0.061749 -0.028264
 0.026409 -0.006171 -0.084010 -0.022095 -0.044309 0.055981 0.004251 -0.072483 -0.073870 -0.091778 -0.027805 0.060956 -0.052200 -0.094406 0.070199 -0.025471 0.009973 -0.040082 -0.087612 0.067767 -0.029045 -0.086409 0.030781 0.036957 -0.019459 0.089246 0.039867 0.014789 0.048127 0.034789 -0.085446 -0.094192
 0.050444 0.049188 -0.091562 -0.013499 0.042062 -0.021950 0.014354 0.069751 -0.002033 -0.072740 0.047469 -0.045325 0.024099 -0.013092 -0.057000 0.081326 0.084438 0.014298 -0.087795 0.030294 0.009012 0.099707 0.083327 -0.038148 0.028701 -0.062374 0.090450 0.016700 -0.083298 0.025029 0.067129 -0.029475
 -0.028550 0.080777 0.022601 0.066354 0.022964 -0.097988 -0.093971 -0.077348 -0.035852 0.026168 0.014590 0.025682 0.011873 0.055663 -0.086223 0.013194 -0.064721 0.094779 0.062647 0.072457 -0.054506 -0.091373 0.024289 0.058603 0.057591 -0.085359 0.046362 -0.055519 0.017198 -0.002944 0.088633 -0.089546
 -0.059823 -0.032758 -0.021939 0.031052 -0.035986 0.037559 -0.090159 -0.024031 -0.034454 0.099436 -0.085440 0.053167 0.045687 -0.038290 0.062316 0.078828 0.035083 0.087334 0.084244 0.006545 -0.094238 0.050924 -0.000584 0.014840 -0.089279 0.086263 -0.017077 -0.092156 -0.026226 0.027735 0.092849 0.031733
 0.005549 -0.043219 -0.090709 -0.012643 -0.081519 0.097729 0.031229 0.021852 0.025484 -0.091956 -0.063793 0.032017 -0.041492 -0.026323 0.083449 0.031212 0.021495 0.063582 0.071235 -0.014560 -0.094491 0.081612 -0.050165 -0.014534 -0.038875 0.089728 0.019445 0.092457 -0.007044 -0.085581 0.034281 0.052176
 0.087170 -0.057114 0.087130 -0.037766 -0.007310 -0.052392 -0.001956 0.012032 0.027787 -0.086746 0.089367 -0.068658 0.052939 -0.027621 -0.092104 -0.001780 -0.054704 -0.019049 0.019271 -0.036406 -0.090142 -0.024073 0.030549 -0.018284 -0.014865 0.094645 -0.025883 -0.022849 -0.067369 -0.078705 -0.098046 0.067949
 0.024612 0.039786 -0.075572 -0.092743 -0.046039 -0.022692 -0.021532 0.079121 0.036257 0.097337 0.032789 0.030929 0.038250 -0.023459 0.027237 0.014032 -0.036666 -0.040130 -0.060680 -0.007562 -0.032739 0.073287 -0.007692 -0.080536 -0.087377 -0.003013 0.062636 0.087335 0.059708 0.080885 0.066015 0.019697
 -0.041156 0.011171 -0.072863 -0.065006 0.022247 0.061969 0.028141 0.056061 0.072180 -0.049598 -0.031271 -0.028587 -0.043964 0.078169 -0.054326 -0.093555 -0.075016 -0.093104 0.009323 -0.006776 -0.058208 0.001234 -0.011996 -0.085193 -0.000089 -0.076642 -0.087989 0.013707 0.032457 0.040177 0.060140 0.004537
 -0.015553 0.002361 -0.021114 -0.082678 0.018010 0.032499 0.021348 0.065828 -0.018839 0.048882 -0.020816 -0.059287 0.048496 0.098787 -0.016670 0.095057 0.090757 0.058033 -0.005549 -0.054776 -0.083393 0.049052 -0.053616 0.048148 -0.060504 0.029927 0.010919 -0.083716 0.054532 0.085385 -0.092054 -0.013416
 0.071040 0.030071 0.023335 0.096592 0.087931 -0.038011 -0.047586 0.020546 -0.087209 -0.057083 -0.056771 -0.057274 -0.077331 -0.050542 -0.083733 -0.063656 0.047640 0.085961 0.067895 0.026563 0.080008 -0.039033 -0.095100 -0.000728 0.075503 -0.097891 -0.018827 -0.009768 0.070780 0.031855 -0.024808 -0.095831
 0.007235 0.057777 -0.008902 -0.098091 -0.015177 -0.021076 0.021419 -0.040432 0.047209 -0.011207 0.001361 0.054042 0.042847 0.072079 0.051547 -0.088675 0.072181 -0.030217 0.017473 0.067790 -0.043429 -0.063376 0.087474 0.044343 0.083461 0.075367 0.087406 -0.013313 0.008210 -0.065251 -0.044842 -0.014730
 -0.016278 0.035305 -0.077334 -0.054266 0.055224 -0.047778 0.024558 0.007920 -0.030482 -0.098161 0.039406 0.069754 -0.066646 -0.050747 -0.098293 0.084711 0.010841 -0.067371 0.032407 0.070243 0.074414 0.051083 -0.037199 0.074911 0.020730 0.082528 0.077352 0.091383 0.088211 0.051432 0.085926 0.067448
 -0.043338 0.096238 0.083477 -0.045819 0.059486 0.038138 -0.038656 0.070302 0.018533 0.072910 0.064139 -0.021452 0.058770 0.038047 -0.036401 0.062958 0.075447 0.083574 0.087221 -0.020734 -0.062950 -0.028443 -0.089578 0.002357 -0.047090 -0.075996 -0.064328 0.064443 -0.081510 0.072339 -0.052193 -0.090337
 0.090626 -0.000866 -0.028235 -0.024244 -0.057253 0.057115 0.003156 0.013429 -0.047136 -0.046742 -0.076952 0.043500 0.016686 -0.031255 0.073369 0.034066 -0.059552 0.023864 -0.044350 0.068928 0.048871 0.014260 -0.016842 -0.036181 0.079063 -0.051100 -0.049243 -0.074115 0.082917 -0.029218 0.069399 -0.061125
 -0.063392 0.062263 -0.076136 0.087283 -0.041959 -0.063343 -0.040172 0.022787 0.034995 -0.001528 -0.040073 -0.054368 -0.042877 0.057150 0.035622 -0.025311 0.052244 0.086084 -0.062710 0.077438 0.047450 0.039603 -0.097279 0.028106 0.071984 0.031370 0.001523 0.015946 -0.016472 -0.087570 0.047572 -0.060564
 -0.042626 -0.019306 0.082006 0.014603 -0.048041 -0.003666 0.019339 0.003501 -0.017680 -0.066257 -0.033630 0.093096 0.066391 0.096294 0.023681 0.081822 0.059389 0.051300 0.082189 -0.033842 0.000489 -0.051814 0.006904 0.031182 -0.041318 -0.027339 0.057426 -0.012160 -0.075963 -0.064383 -0.021210 0.043645
 -0.060757 -0.055013 0.032408 0.089816 0.024704 -0.070402 -0.034516 0.039348 0.027888 0.020148 0.020348 -0.085591 0.068625 -0.098694 -0.035799 0.067864 -0.041903 -0.013174 -0.064324 -0.069753 -0.093986 -0.051238 -0.099856 -0.017044 0.062349 0.066067 0.094414 -0.083489 0.032260 0.002617 -0.098126 0.093396
 -0.059124 0.082888 0.085795 0.027080 -0.047503 0.027361 -0.075131 -0.056058 -0.052673 0.065948 -0.065635 -0.031163 -0.076280 -0.043450 0.041654 -0.078557 -0.080329 -0.082169 0.005448 -0.009380 -0.019633 -0.078782 0.090784 -0.004887 -0.009524 0.075036 0.088689 -0.031841 -0.079764 -0.008363 0.045531 -0.008734
 -0.095971 0.009576 0.010501 -0.038414 -0.099818 0.083684 -0.007878 -0.070052 0.025699 0.018697 -0.074223 -0.081193 0.013595 -0.067876 -0.039275 0.000439 0.009229 -0.095795 -0.011029 0.036166 -0.005022 -0.032383 -0.004832 -0.093480 -0.056977 0.044427 -0.036300 0.041866 0.078770 -0.064377 0.052625 0.034467
 0.051417 0.055633 0.001831 0.023019 -0.077083 0.094643 0.029563 -0.086365 -0.020992 -0.078923 0.086131 -0.023543 0.053778 0.026294 0.067187 -0.007023 0.042388 0.043637 -0.041965 0.078864 -0.069472 0.030763 -0.066507 0.003444 0.088493 -0.021166 0.016010 0.072696 0.050776 0.049375 0.006500 0.071905
 0.038214 0.084343 0.013884 0.032690 0.077559 -0.003272 -0.052027 -0.045228 0.099536 -0.004617 -0.012568 0.064700 0.057077 -0.068472 0.080984 0.089085 0.071196 -0.020083 -0.000063 -0.073819 0.052727 -0.027473 0.063719 -0.057699 0.068359 -0.083802 -0.002411 -0.087637 0.057570 0.021475 -0.085021 -0.040602
 0.099525 -0.068736 -0.064011 0.064537 -0.086834 0.050660 0.083003 -0.027984 0.001693 0.013610 0.086630 0.059627 0.044585 -0.071429 -0.069553 0.064789 -0.045564 -0.078975 -0.029399 0.075430 0.028642 -0.059830 -0.097281 -0.089068 -0.000424 -0.050032 0.014451 0.021779 0.069616 -0.069601 0.089069 0.035601
 -0.085800 -0.017276 -0.096593 0.067589 0.098828 0.028590 -0.002256 0.038067 -0.025761 -0.097401 -0.032919 -0.084114 0.053275 -0.093733 -0.066988 0.004540 -0.047802 -0.035031 0.053373 0.079633 0.025032 0.082930 -0.038178 0.068353 0.011996 0.082565 -0.093943 0.031746 -0.054463 -0.052131 -0.067397 0.095448
 -0.085725 -0.088221 0.073147 -0.030438 0.079289 0.035155 0.016878 -0.057046 0.099628 -0.000859 0.025969 0.014583 -0.019554 -0.022248 -0.002248 0.001723 0.027252 0.095157 -0.090963 -0.073386 0.044619 0.035818 0.048531 -0.090180 -0.059013 -0.000123 0.007516 0.007308 -0.087479 0.019715 0.070838 -0.057352
 -0.022264 -0.002144 -0.083610 -0.007355 -0.032754 -0.023298 0.091743 -0.030906 -0.055716 -0.043574 0.085688 0.039240 0.000858 0.027526 -0.032364 0.022333 -0.029057 0.043777 0.091631 0.089326 -0.057504 0.054399 -0.033191 0.000109 0.004851 0.056597 0.032892 0.062384 -0.027477 0.030211 0.058249 -0.098499
 -0.098750 -0.062539 -0.069165 0.086799 -0.039850 0.052633 -0.015393 0.020468 0.009054 -0.034155 0.024474 0.020028 0.072937 -0.068059 -0.078641 -0.011622 -0.040497 -0.015902 -0.010248 0.008920 0.043850 0.068338 -0.016495 -0.061567 0.048483 0.008683 0.054858 0.075975 0.040114 -0.024641 -0.036277 -0.086587
 -0.019167 0.041534 0.094998 0.037072 -0.084152 0.038132 -0.086900 0.022925 0.003052 -0.038282 0.031179 0.032738 -0.047304 -0.079858 -0.084996 -0.005484 -0.038696 0.049182 -0.054242 -0.097842 0.024830 0.011740 0.099071 0.025066 0.083493 0.050215 -0.006074 -0.057951 -0.058162 -0.066096 -0.052832 0.031303
 0.037649 -0.007505 -0.043685 0.030352 0.074657 -0.068774 0.098654 0.076978 -0.054514 0.049286 -0.069023 0.029195 -0.009229 0.005473 0.083323 -0.020560 0.047878 0.051004 0.043533 -0.056681 -0.002240 -0.083235 0.046241 0.012164 0.074569 0.008607 -0.065375 -0.071025 0.047307 0.013227 0.074101 -0.095758
 -0.090930 -0.052040 0.093894 -0.009426 -0.042162 0.099564 -0.052373 0.041007 0.031109 0.083252 -0.012185 0.041513 -0.057660 -0.031954 0.031043 0.052632 -0.076888 0.077659 -0.061729 -0.010484 -0.038245 0.007202 -0.068559 -0.094609 -0.038021 -0.059321 -0.048706 -0.054511 -0.044195 0.029119 -0.053907 0.094370
 0.049794 0.057851 -0.054658 0.056583 -0.073624 -0.046037 -0.091088 -0.067710 0.063534 0.016974 -0.049076 -0.042095 -0.039945 -0.064835 -0.064762 0.072396 0.010030 -0.093897 0.099341 0.070806 0.020100 0.030966 -0.048689 0.043603 -0.057713 -0.033170 0.039699 -0.042861 0.012196 -0.062139 0.073969 0.081662
 0.098740 0.032836 0.000406 -0.060108 0.034285 0.029658 -0.001121 -0.002751 -0.093651 -0.016973 -0.092510 -0.013885 -0.000573 -0.000457 -0.045203 0.032429 0.030687 -0.023804 -0.077555 -0.054447 -0.043771 -0.098802 0.092766 0.039682 0.092522 0.013857 0.035409 -0.072168 0.074399 0.099758 -0.040963 -0.004860
 -0.091528 -0.042773 -0.007850 -0.076770 -0.038496 -0.010807 -0.076146 -0.008789 0.080918 0.053220 0.058956 -0.099298 -0.099310 0.055266 0.054301 -0.052751 0.098286 0.098658 -0.085661 -0.007190 0.096506 -0.047528 -0.005296 0.034727 0.024043 -0.011666 0.045955 -0.035512 -0.078455 -0.081697 0.080591 0.045226
 -0.073790 0.024543 0.028164 0.015992 -0.040387 0.066143 -0.061848 0.025589 0.077930 0.072718 0.048584 -0.080488 -0.011340 -0.021313 0.089044 0.053954 -0.006347 -0.022397 0.084109 -0.007589 -0.051838 -0.066414 0.027919 0.009921 -0.065796 0.051172 -0.016790 -0.006455 0.053775 -0.047341 -0.017685 -0.018086
 -0.027310 0.096795 -0.098943 0.091565 0.020149 -0.008534 -0.071447 -0.017455 0.008453 -0.012614 0.096080 0.070036 -0.035190 0.007231 -0.058693 -0.013653 0.029962 -0.007132 0.063983 -0.092548 0.016256 -0.030933 -0.032885 0.038048 0.086595 -0.021369 0.031382 -0.051569 -0.036174 -0.024699 0.086907 -0.026263
 0.078435 0.011624 0.056866 0.005579 -0.056378 -0.042822 0.015603 -0.028083 0.040750 0.077819 0.081246 -0.077195 0.056874 0.072007 0.000242 0.000032 0.067334 -0.003506 0.060075 -0.015924 -0.040360 -0.040335 -0.094571 0.067685 -0.096475 0.070907 0.005105 -0.075259 0.018785 0.009332 0.051158 0.056559
 0.070596 0.046265 -0.069706 0.063926 0.080953 0.067182 -0.007274 0.051416 -0.001999 -0.076884 -0.046675 -0.026657 0.022216 -0.067016 -0.052286 -0.013827 -0.077432 0.090967 -0.044829 -0.075680 0.052581 0.001241 0.024780 -0.097472 -0.024212 -0.031699 -0.025021 -0.029148 -0.014510 -0.061066 0.040412 -0.038932
 -0.092590 0.046144 0.016962 0.001292 0.058536 0.083284 0.039262 0.087825 0.080974 -0.027678 -0.013661 -0.076222 0.033391 -0.071125 0.015324 0.058366 0.011646 -0.052828 0.097124 -0.013083 0.027304 -0.089858 -0.024724 -0.008095 0.071515 -0.061256 0.078136 0.065175 -0.058139 0.024685 -0.065513 -0.078256
 0.031918 0.007729 -0.045286 -0.072081 -0.058680 0.070584 -0.062979 -0.089562 0.090785 -0.071073 0.067351 0.027197 0.086429 -0.050252 0.087562 0.077827 0.089256 0.048377 -0.016416 0.010889 -0.058059 -0.037279 -0.044376 0.050318 0.003450 -0.074274 -0.078484 0.048505 -0.032737 0.001505 -0.049694 0.039974
 0.099404 -0.057592 -0.020681 0.054928 -0.036312 -0.032460 0.063381 -0.005902 -0.035010 0.065506 -0.053509 0.038886 0.040366 -0.068707 -0.089299 0.036667 -0.013199 0.045309 -0.085137 -0.058212 0.030577 -0.036098 -0.013967 -0.032100 0.080906 0.090144 -0.076344 0.089928 0.058805 0.028700 0.026699 -0.067777
 0.042220 0.096616 -0.029990 -0.001434 -0.004511 0.044496 0.085742 0.092465 -0.051877 0.080450 -0.056670 -0.099855 0.014848 0.034932 -0.034966 -0.043080 -0.066887 0.023166 0.004675 0.004766 -0.081545 -0.008101 0.042231 0.043392 0.049301 -0.007334 0.081895 0.056027 -0.064643 0.021115 0.067779 -0.023642
 0.085725 0.091722 -0.004146 -0.033786 -0.085809 -0.043492 -0.088043 0.012236 0.003317 -0.083434 -0.015665 -0.096706 0.076991 -0.071523 0.098249 -0.041668 0.007695 -0.032460 0.011122 -0.092778 0.039598 0.062316 0.087773 0.014171 -0.000361 0.089850 0.032677 0.028112 0.024841 -0.064057 0.038891 0.058961
 -0.029022 -0.084430 -0.041620 -0.085698 0.064802 -0.013182 0.053033 0.069169 -0.040294 0.029272 0.076297 -0.023636 -0.072576 -0.038662 0.088925 -0.038159 -0.098250 -0.061159 0.059701 -0.050614 0.066517 -0.052902 -0.089172 -0.091332 -0.016745 0.059096 -0.037478 -0.081219 0.000503 -0.043648 -0.067706 -0.085378
 0.009645 -0.006640 -0.027213 0.036233 0.038934 -0.002071 0.049586 -0.098186 -0.000039 -0.094717 0.088963 0.093684 -0.052494 0.024221 0.018186 0.095310 -0.016887 -0.073968 0.063605 -0.064422 -0.080495 -0.022964 -0.002973 0.092887 0.046696 0.050716 -0.028510 -0.072694 -0.067429 -0.006314 0.085061 -0.070853
 -0.070897 -0.085139 -0.004842 -0.071676 -0.004356 -0.032487 -0.023911 -0.091345 -0.033326 0.006669 -0.092022 -0.080717 -0.014930 -0.029284 -0.081731 -0.020475 0.016157 -0.078171 0.015953 0.055944 -0.048276 0.014110 0.049626 -0.092429 -0.032604 0.083222 0.096980 0.019397 0.073329 0.027284 0.030851 0.086538
 0.091055 0.014670 -0.029923 -0.037796 0.062135 0.063067 0.084350 -0.079289 0.060327 -0.017737 -0.032464 0.046352 -0.006646 0.075631 -0.043847 -0.088799 0.072729 0.013580 -0.088348 -0.086423 0.074698 0.071290 0.066434 -0.000063 0.098664 0.070016 -0.000362 0.096097 -0.099537 -0.095072 -0.070531 -0.098011
 0.012397 -0.063919 -0.007573 0.025660 -0.036250 -0.051925 -0.071312 -0.029866 -0.057325 0.065771 -0.079830 -0.056209 0.093029 -0.041105 0.085889 0.001992 -0.064854 0.069332 0.020023 0.010599 0.063818 0.062688 -0.061921 -0.082267 -0.068264 -0.025129 -0.005565 -0.006619 -0.051265 0.012714 -0.003104 0.098703
 0.012498 -0.001697 0.029419 0.011305 -0.021173 0.012114 0.008670 0.047992 0.045147 -0.044259 0.052298 0.010695 -0.013127 0.000640 0.003663 0.031820 -0.043110 -0.013181 0.002268 0.045680 -0.087002 -0.072399 0.052625 0.003280 -0.052102 0.008050 0.065687 0.032657 0.010002 -0.048591 0.044175 -0.041686
 0.035054 -0.062561 0.033940 -0.048052 -0.071902 0.060698 -0.055743 0.092097 -0.059405 -0.029638 0.004610 0.070218 -0.087771 0.013313 0.009952 -0.058381 -0.015339 0.053351 0.044334 -0.032840 0.031646 0.087434 0.067771 -0.032190 -0.022986 -0.088392 -0.074423 -0.052321 -0.000800 -0.021881 0.003608 -0.027985
 -0.075384 -0.036773 0.012866 -0.007679 -0.003533 0.029446 0.011376 0.075735 -0.099516 0.064248 0.041600 -0.063402 0.077237 -0.057324 0.019387 0.042050 0.041507 -0.059683 0.057466 -0.078676 -0.059370 0.074294 0.069093 -0.063356 -0.030230 0.000471 0.060269 0.064687 0.093551 0.069456 0.009903 -0.089097
 0.046492 -0.056866 0.073195 0.087681 -0.023865 0.043960 -0.032410 -0.052683 -0.077664 -0.085990 -0.025854 0.079399 -0.081957 -0.086872 -0.003055 -0.019557 -0.006209 -0.046619 0.080450 0.091880 -0.066493 -0.013556 0.058164 -0.002685 0.005786 -0.086816 -0.036802 0.013150 0.005119 0.096747 0.096325 0.041681
 -0.017812 0.030091 -0.068825 0.022414 -0.069967 0.026599 -0.087027 0.088043 0.080548 0.034275 0.013292 -0.005526 0.079794 0.093989 -0.052572 0.088245 0.066030 -0.090161 0.029923 0.059197 -0.020419 0.089954 -0.087198 -0.089430 0.002221 -0.002464 -0.091669 -0.088721 0.070426 0.019474 -0.034230 -0.037920
 -0.077534 -0.088332 0.002304 0.001708 0.040293 0.071038 -0.047274 -0.061975 0.094066 -0.019073 -0.052656 -0.071205 0.077570 0.091377 -0.007060 0.081264 -0.037675 -0.053827 0.042816 0.037261 -0.020445 -0.095861 -0.061601 -0.095192 -0.088244 -0.009415 -0.098975 -0.089718 -0.041109 -0.021313 -0.079196 -0.078761
 -0.076067 0.007068 0.017214 -0.045546 0.099780 -0.086084 -0.053816 0.043524 -0.001149 0.083155 0.064960 0.092468 -0.097788 0.047343 -0.097787 -0.020576 -0.014093 -0.053338 0.023448 0.034870 0.058234 0.006175 0.003264 -0.045035 -0.011199 0.069872 0.083595 -0.059044 -0.063714 0.017892 0.028935 -0.076163
 0.061840 -0.046079 -0.058457 -0.046882 -0.024746 -0.071444 -0.033614 0.014753 0.004629 0.027127 0.008158 -0.081840 0.038143 0.073350 0.062235 0.014728 0.032791 0.081763 -0.028457 -0.008442 0.033980 -0.068486 -0.047679 0.062459 -0.038629 0.067565 -0.051279 0.053752 0.086031 0.025380 -0.075211 0.012681
 0.087430 -0.057324 0.097905 -0.064811 0.044848 0.072122 -0.027913 0.082904 0.082465 0.015683 0.032187 0.010642 0.025243 0.095669 0.067383 -0.064551 -0.099371 0.040096 0.009633 -0.040628 -0.025698 0.021914 0.067831 -0.007675 -0.085151 0.058368 0.015589 0.092995 -0.014035 -0.015603 -0.091064 0.019786
 -0.036143 0.007549 -0.020415 0.079238 0.009790 0.046591 -0.012168 0.049877 0.062676 -0.098997 -0.045903 0.057332 -0.051083 -0.038021 0.092257 0.058408 0.050604 -0.014733 0.027665 -0.017420 0.095890 0.007472 0.089830 0.039582 0.082230 -0.011741 0.006537 0.089857 -0.006649 -0.003354 -0.085130 0.050699
 0.065735 -0.052912 0.084088 -0.031514 -0.043809 0.032619 -0.003277 0.056225 -0.045600 0.018040 -0.028276 0.082912 0.015073 0.099979 0.092631 0.097341 0.073078 -0.001104 -0.058733 0.018231 -0.025588 -0.079344 -0.016960 0.044921 0.041425 -0.000123 0.091968 -0.054380 0.017912 0.012479 0.099903 0.050913
 -0.016074 -0.021338 0.084674 0.093592 -0.030644 -0.091855 -0.005611 0.072135 -0.062337 -0.085399 -0.091493 0.080002 0.092119 -0.056195 0.087331 -0.062198 0.092248 -0.036068 -0.070168 0.062491 0.067080 -0.024484 -0.034021 -0.046403 -0.024585 -0.009063 0.077107 -0.030028 0.008852 0.059638 0.077271 -0.060921
 -0.063187 -0.067748 -0.073167 0.020708 0.068384 -0.002838 -0.068515 0.096646 0.061928 -0.037135 0.076867 -0.033894 0.041252 -0.067430 0.088543 0.085860 0.071917 -0.039371 -0.026142 0.074372 0.053390 0.025380 0.057265 -0.070943 -0.003657 0.015498 0.031950 -0.029673 0.034928 0.092377 0.097464 -0.080217
 -0.050250 -0.015318 -0.014966 -0.001015 0.021359 0.034058 -0.044761 -0.079443 -0.024478 0.069129 0.089277 0.082558 0.073088 -0.081577 -0.084514 0.041209 0.069871 0.060471 0.073379 -0.090070 -0.045403 -0.056289 0.010706 0.091681 -0.059777 0.025141 0.009234 -0.008087 0.019275 -0.057447 -0.085755 0.021835
 -0.001526 0.046611 -0.057934 0.078395 0.002758 -0.079591 -0.094082 0.017104 0.074416 0.051219 0.082132 0.022497 0.027065 0.048393 -0.027203 -0.023962 -0.067850 0.086880 0.045033 -0.064193 -0.040136 0.023276 -0.034815 0.023360 -0.065569 -0.045098 -0.084106 -0.040836 -0.082816 -0.040528 0.009390 -0.089279
 0.048518 0.050946 0.090184 -0.030192 -0.041635 0.080889 0.095864 0.079812 0.061271 -0.029858 -0.039109 0.079634 -0.021672 -0.013769 -0.033306 -0.024847 0.013691 0.021011 0.046050 0.021159 -0.070049 0.091082 0.020951 -0.016348 -0.094491 0.051667 -0.024298 -0.002114 0.029004 0.028128 -0.062834 0.018233
 -0.016842 0.067241 0.072542 0.079297 0.084826 0.081398 0.043356 0.006307 0.036977 -0.017083 -0.056087 -0.045585 0.077734 -0.015505 -0.030563 0.085962 0.031212 0.067277 -0.009276 0.078382 -0.077926 -0.054037 -0.046756 -0.049486 -0.031126 -0.050379 0.043857 -0.055736 0.016626 -0.099358 -0.012169 0.005593
 0.004535 -0.038501 -0.037536 0.027153 0.079810 -0.062203 -0.050736 0.078821 0.019068 0.070009 -0.039254 -0.042139 -0.037770 0.027378 -0.041942 -0.004019 0.040115 -0.056080 0.082583 -0.036539 -0.058651 0.027314 0.035357 0.015691 0.021340 -0.086212 0.089114 0.003463 0.095235 -0.069632 0.097334 0.006510
 -0.076879 -0.060527 -0.079885 0.058372 -0.063458 0.031793 0.080254 0.085364 -0.058527 0.020534 0.001110 -0.069222 0.015780 -0.043141 0.029998 -0.063980 0.062613 -0.041523 0.079659 -0.046992 -0.033575 0.032788 -0.075938 0.094333 -0.086437 -0.098442 0.048757 0.005740 -0.066746 -0.018181 0.093350 0.069336
 0.076195 -0.004160 0.053394 0.032952 0.087646 -0.062523 -0.004371 -0.080725 0.011770 -0.013237 0.061721 -0.099116 0.031639 -0.099731 0.087431 0.060990 0.025068 -0.040295 0.086029 -0.031219 0.078870 -0.048930 0.039194 0.074696 0.049574 -0.051403 0.086532 0.068312 0.099567 -0.061227 -0.063231 -0.046389
 -0.097161 0.016654 -0.064375 0.088339 0.085607 0.048779 0.001983 -0.018499 -0.055115 0.017978 0.005576 0.082618 -0.002677 -0.056003 0.006347 -0.088230 0.096486 -0.021920 0.012335 0.059706 0.006814 0.084867 -0.094108 0.044353 -0.011883 -0.009773 -0.004303 0.072557 0.083685 0.036184 0.000275 -0.060910
 0.070885 -0.011466 0.039660 0.047909 0.048526 0.084025 0.024899 -0.071926 0.031376 -0.097533 0.099124 0.094257 0.043967 -0.016085 0.046427 0.036710 -0.069534 0.037134 0.076240 0.070447 -0.043755 0.063340 -0.083981 0.097047 -0.060281 0.035820 0.053607 -0.021434 0.034931 0.078377 -0.049870 -0.009220
 -0.076341 0.089981 -0.029134 -0.037734 0.060088 0.067576 -0.044565 -0.084264 -0.058007 0.028383 -0.002740 -0.070073 0.011717 0.083411 -0.035860 -0.045721 0.016255 0.068341 -0.024837 -0.052592 -0.060422 -0.066985 0.081619 -0.033943 -0.049040 0.093299 -0.078217 -0.063954 -0.079420 -0.087790 -0.011574 -0.072821
 -0.095279 0.009395 0.031324 0.015445 -0.095320 -0.013286 -0.013663 0.030249 -0.039139 -0.003683 0.087857 0.047318 -0.028363 0.001792 -0.002310 -0.062842 0.052926 0.053339 0.051995 -0.014093 0.063615 0.085742 -0.094080 0.040884 -0.021864 -0.072359 0.089038 0.077203 0.004146 0.090599 -0.048710 -0.031554
 0.081385 0.077893 -0.006813 -0.056942 0.002606 0.019641 -0.023030 0.087175 0.065360 0.044293 -0.010479 0.048819 -0.023365 -0.015059 0.027384 0.044266 -0.041997 0.022471 0.097997 -0.051697 -0.071143 -0.065618 -0.096983 0.079581 0.021310 -0.022006 -0.065312 0.083587 0.096375 0.003079 -0.028566 0.079097
 -0.071876 -0.095063 0.069609 0.000639 -0.043450 0.091018 -0.097436 0.068172 -0.056246 -0.079884 0.023050 -0.079467 0.070995 0.055934 0.036618 0.070121 0.043306 -0.064836 -0.035806 0.006895 0.069440 0.066703 0.040666 -0.028555 0.092984 -0.001060 0.077314 -0.001232 -0.093357 -0.084040 -0.089208 -0.089108
 -0.020435 -0.025160 0.023594 -0.067871 -0.023961 0.094790 -0.089527 -0.000689 -0.092285 -0.071147 0.063480 0.039065 0.065585 -0.082779 0.072061 0.051211 0.050667 -0.063750 -0.012884 0.045938 0.033352 -0.015516 0.058322 -0.049029 0.077475 0.071046 -0.053297 -0.001949 -0.076486 0.098977 -0.071444 0.022071
 0.036679 -0.039410 0.020937 -0.011487 -0.034465 -0.088073 0.032460 0.076319 0.016702 -0.012120 0.055555 0.041825 -0.049106 0.070948 -0.023755 0.019781 0.036744 0.004760 -0.065867 0.023095 -0.055430 -0.023456 0.008533 -0.086814 -0.077449 -0.021086 0.013019 0.079062 0.050429 -0.044328 -0.068731 0.068099
 0.050012 0.011430 0.044842 0.090053 0.030332 0.091892 -0.078569 0.073833 0.027472 -0.057109 0.085462 -0.066941 0.028047 0.081716 0.032196 0.054721 -0.042682 0.021673 0.017837 -0.064354 0.066142 -0.024803 -0.040464 0.061294 0.074848 -0.063695 -0.027467 -0.034577 -0.092386 0.078141 0.063286 -0.070365
 0.010342 0.086027 0.064931 0.020206 0.076810 0.089361 -0.078499 0.052509 -0.092521 0.005708 -0.013349 -0.066213 0.065540 0.054015 0.091790 -0.071740 0.071025 -0.070025 -0.020019 0.034413 0.089839 -0.043531 -0.074867 0.040036 0.054377 0.091778 -0.011981 -0.044659 -0.097360 -0.055730 -0.032606 0.008127
 0.097784 -0.015591 0.038665 -0.069102 0.017579 0.005053 -0.097201 -0.020914 0.083102 -0.056875 0.029028 -0.071363 0.005759 -0.010677 -0.025748 0.009907 -0.069038 -0.017574 -0.087302 -0.090639 -0.012897 0.043928 -0.046665 -0.055838 0.080856 0.078845 0.036891 0.072037 -0.030673 0.074154 -0.063666 0.061855
 -0.082979 0.080761 -0.065167 0.094146 -0.097127 -0.031192 -0.029591 -0.070697 0.066535 0.066041 0.088735 0.079556 0.055847 0.046307 0.082820 -0.025552 -0.090786 -0.016948 -0.066504 0.069152 0.009362 -0.006482 0.008109 -0.050190 0.085521 0.097719 0.001463 -0.089134 -0.096982 0.032056 -0.070572 -0.046613
 -0.031574 0.064069 0.011060 -0.097332 0.051271 0.002894 -0.050484 -0.005571 -0.098007 0.086840 -0.023170 -0.090049 0.075674 -0.059828 -0.022861 0.049447 -0.090286 0.078455 0.022706 -0.068413 0.053311 -0.040621 -0.060145 -0.037080 -0.042016 0.067322 -0.064009 -0.095611 0.072675 0.083476 -0.088633 0.093209
 -0.084249 0.074191 0.023745 -0.028218 0.029382 -0.066009 -0.002745 -0.083511 -0.039791 0.080368 0.041197 -0.085503 0.045323 0.065608 0.037288 0.024320 0.088031 -0.079203 -0.077271 0.043087 -0.084171 -0.080027 -0.012656 0.028968 -0.061999 -0.038678 0.017218 0.004018 0.074039 -0.026776 0.005273 -0.097965
 0.072805 0.081948 0.083604 0.071157 0.081173 0.099265 0.050013 -0.009246 0.023166 -0.018313 0.001940 0.002111 0.054666 -0.061021 -0.063295 -0.011091 -0.054139 0.035910 -0.060138 0.038220 -0.067364 -0.004379 0.079768 -0.045962 -0.096807 -0.074734 -0.056345 0.009518 0.069304 -0.006736 -0.068711 -0.042762
 0.074598 0.078042 -0.000091 0.065849 0.091665 0.088027 -0.047483 0.023471 0.035903 0.092906 -0.057000 -0.015649 0.033956 -0.038209 -0.049978 0.058150 0.015663 -0.066849 -0.027288 -0.037429 0.054915 -0.004215 0.058138 0.072482 0.069330 -0.030431 0.064115 -0.093097 -0.035549 -0.033119 0.069159 -0.078923
 0.020564 -0.049090 0.048835 0.059510 -0.018230 -0.044003 0.036239 0.049502 -0.062146 -0.064505 -0.087857 -0.001845 -0.004498 -0.017394 -0.025234 0.050928 -0.035938 0.020974 -0.058609 -0.018874 -0.081119 0.066966 0.067011 0.007279 0.027099 0.083590 -0.032411 0.089974 -0.028035 0.098337 0.007693 0.085245
 -0.036649 -0.004261 -0.073109 0.044351 -0.093745 -0.042982 0.051185 0.093756 -0.036039 0.089111 -0.035570 -0.063808 0.057675 -0.030156 -0.032458 0.057568 -0.064915 0.071486 0.012352 0.043478 -0.044576 -0.032629 0.078702 0.058367 0.067578 0.028286 -0.087677 0.036608 0.052716 -0.026639 0.043400 -0.053116
 0.048900 -0.064436 -0.063336 -0.042202 -0.075780 0.024789 0.099462 -0.022764 -0.068212 0.011741 0.079083 0.061415 0.060388 0.003863 0.077547 0.015048 0.096243 0.043131 0.024939 -0.024125 -0.091072 0.092621 0.095079 0.048502 -0.065182 0.078964 -0.078827 0.073624 0.056513 -0.053827 0.072053 -0.002001
 -0.034231 -0.061231 -0.087901 0.002509 -0.007129 0.081585 0.080880 0.075709 -0.061773 -0.085607 0.031014 0.046091 0.037051 0.006405 0.069892 -0.011869 -0.042298 -0.088915 0.079475 -0.087099 0.043867 -0.056044 0.068833 -0.020045 0.032195 0.074581 0.076029 0.030953 -0.014638 -0.066216 -0.007273 -0.052482
 0.091928 0.050482 -0.046108 -0.040030 0.050903 0.039392 0.093725 -0.047226 0.058210 -0.039529 -0.066418 -0.001006 0.004639 -0.005465 -0.096557 -0.063103 0.039468 -0.073844 0.078476 -0.066481 0.095172 0.041875 0.066509 -0.090540 0.015383 -0.079898 -0.014457 -0.025404 0.045735 -0.044942 0.069532 -0.021557
 -0.089325 -0.079191 -0.056004 -0.053990 -0.062208 0.081518 0.022883 0.039101 -0.032018 0.086427 -0.029453 0.070119 -0.011705 0.008450 0.094021 0.061234 -0.002207 0.060877 0.002689 0.089135 -0.081652 -0.012390 -0.098232 -0.008315 0.007571 -0.067485 -0.049458 -0.004549 -0.079146 -0.057490 -0.022690 -0.034798
 0.042255 0.050297 0.033496 -0.086394 -0.041519 0.000887 0.001651 -0.095236 0.074986 0.087664 0.055132 0.034359 -0.011451 -0.087415 -0.041470 0.096129 0.090092 -0.055457 0.017709 0.099537 -0.098473 -0.005767 0.074970 -0.036427 0.085730 0.020603 0.038791 -0.031759 0.030450 -0.037528 0.003455 -0.072791
 -0.030283 -0.081439 0.024464 0.081899 -0.071971 -0.048073 0.072048 0.048781 0.079664 -0.092546 0.032464 0.078489 -0.093405 0.017299 0.049819 0.006576 -0.015410 0.079009 -0.056594 0.033375 -0.043882 0.023646 0.017103 -0.021133 0.058784 -0.083178 -0.099339 0.021155 -0.028491 -0.083263 -0.004297 0.016846
 -0.057504 0.094255 -0.068763 -0.076447 -0.063219 0.063642 -0.042099 0.077024 0.021531 -0.019878 0.022285 -0.052452 0.054253 -0.033407 -0.080953 -0.029904 0.067661 0.092258 0.079054 0.083672 -0.069899 -0.074050 -0.030948 0.090596 0.088661 0.018665 0.046702 0.073124 0.072189 0.063424 0.040421 0.081754
 -0.005929 0.011541 0.024536 -0.030455 -0.028130 0.002790 -0.041580 -0.017604 -0.083148 -0.063830 -0.070868 -0.070564 -0.002137 0.086159 -0.003127 0.026650 -0.089953 0.016073 -0.087534 0.027829 -0.079695 -0.065817 -0.043999 -0.058500 0.084366 -0.074456 0.010107 0.016072 0.072710 -0.033081 0.072483 -0.076378
 -0.063071 0.061157 -0.018183 -0.055727 -0.038751 0.002313 -0.040020 -0.001253 -0.090786 -0.028107 0.077492 0.082759 0.030806 -0.043849 0.026567 -0.029834 -0.060488 0.002963 -0.099729 -0.050574 0.099517 -0.034471 -0.002321 0.063102 -0.011827 0.017278 -0.090311 -0.068722 0.017456 -0.082276 0.017556 -0.092429
 -0.008131 0.026601 -0.099668 0.042509 -0.045099 -0.028732 -0.086213 -0.082509 0.004215 0.008654 -0.021611 -0.065208 0.065070 0.071723 0.084404 -0.039583 0.082252 0.037039 0.025713 0.030427 0.002970 -0.083077 0.005414 -0.088470 -0.073262 0.042536 -0.066686 0.028057 -0.022189 -0.015677 0.067166 -0.074146
 0.030865 0.072673 -0.069411 -0.059316 -0.024836 -0.007284 -0.070958 0.078542 0.084794 -0.051709 -0.015457 -0.053313 0.087826 -0.015305 0.038255 -0.023690 0.066602 0.064674 -0.034338 -0.067589 0.061453 0.031136 -0.047680 -0.011495 -0.039640 0.063436 0.091007 -0.011250 -0.011858 0.060251 -0.097941 0.041674
 -0.051110 -0.043866 0.041368 -0.079062 -0.086768 -0.059173 0.056785 0.013650 0.036203 0.040420 0.067180 -0.075261 0.077234 -0.073590 0.010976 0.015335 -0.047878 -0.053919 0.024615 -0.028131 0.026371 0.075316 0.042079 -0.059907 -0.058590 0.006380 0.081913 0.022453 0.047225 -0.032202 0.090630 -0.078235
 0.025717 -0.092066 -0.086301 -0.086859 0.026122 0.026850 0.098583 0.069837 -0.020514 0.052187 0.052174 -0.006684 0.073666 0.071956 0.081917 0.033900 -0.016886 0.016524 0.062952 -0.084117 0.049687 0.040180 0.071602 -0.079017 0.044510 0.030713 -0.071506 0.061904 0.076672 0.083837 0.096126 0.097822
 -0.068963 0.054718 0.087094 -0.057736 0.040121 0.010051 -0.095854 -0.044750 -0.002222 0.014528 -0.086613 -0.081067 -0.061286 0.035762 -0.016131 0.064820 -0.075397 0.082120 0.042104 -0.078180 -0.042301 -0.010564 0.050292 0.048163 -0.012845 0.088183 -0.075442 0.018319 -0.038618 -0.032234 -0.030036 -0.039433
 0.086909 -0.054113 0.073019 -0.018114 0.062259 -0.090845 -0.012757 -0.054780 0.050085 0.051040 0.077244 -0.027812 -0.015413 0.012860 -0.081836 0.082328 0.009655 -0.073491 -0.086065 0.089205 0.074443 0.034722 0.085373 0.076806 0.084124 -0.015410 -0.012901 -0.092157 -0.011157 -0.094781 -0.094007 0.068406
 -0.032892 -0.010103 0.053582 -0.016044 -0.025484 0.002787 0.061772 0.018249 -0.019250 0.000344 -0.068418 -0.086512 0.032342 -0.097143 0.018456 0.021361 0.033908 -0.075697 0.039938 -0.082966 -0.044042 -0.059029 0.082441 -0.023999 -0.016953 0.040124 -0.029374 -0.004662 0.051848 0.007821 0.049603 0.089720
 0.018500 -0.064711 -0.057161 -0.015138 -0.093696 -0.041375 -0.093339 -0.070747 -0.085035 -0.007861 -0.019243 0.038598 0.097505 0.062067 0.071168 0.061674 0.004516 -0.045472 0.097757 -0.044304 -0.003975 0.094895 -0.005873 0.089019 -0.079541 -0.081065 -0.096600 0.070664 0.028847 -0.070401 -0.035954 -0.073561
 0.066018 -0.058415 -0.028988 0.072814 0.033945 0.046836 0.036384 -0.014127 0.086812 0.060805 0.029249 0.097107 0.069767 0.070852 0.023720 -0.061746 -0.097145 0.056172 -0.059721 0.090393 0.089351 0.089354 -0.058742 0.003962 0.055336 -0.045839 -0.038752 -0.015539 0.096232 0.025355 0.010263 0.086723
 -0.039048 0.052356 -0.002573 0.012001 0.047081 0.084407 -0.080993 -0.079030 -0.043649 0.003633 -0.094593 0.036857 -0.004642 0.082321 -0.061343 -0.019714 0.050429 -0.091892 -0.020615 -0.047868 -0.034037 0.008798 0.042875 -0.065638 -0.064705 -0.056783 -0.053419 0.044370 -0.050088 -0.099809 -0.033873 -0.061227
 0.094020 0.093089 -0.080051 0.028160 -0.002017 0.069669 -0.030180 -0.046215 0.048900 -0.068263 0.022651 0.096462 0.009715 0.097684 -0.079907 0.052278 0.014343 -0.090905 -0.005821 -0.095541 0.051363 0.029693 -0.008661 0.094451 -0.038344 0.047759 0.043836 0.021367 0.090249 -0.065297 0.043915 0.056029
 0.075052 -0.021146 -0.091567 0.066029 -0.027400 -0.019720 0.003012 -0.081809 -0.043241 0.015290 -0.010975 -0.058329 0.065377 -0.022297 -0.003611 0.087273 0.090347 -0.016778 -0.041436 0.010348 0.065240 0.060417 0.031259 0.015885 0.097846 0.057747 0.063183 0.068128 -0.080622 -0.050165 -0.054047 0.010887
 -0.061007 -0.020707 0.068466 -0.075423 -0.045679 0.003388 -0.020270 -0.097879 0.078923 0.073339 0.026234 0.028739 0.047431 -0.088220 0.068142 0.066872 -0.025526 -0.027322 0.002470 0.059637 0.092659 -0.007169 0.077967 -0.050365 -0.075746 -0.099961 -0.089751 -0.087398 0.027424 0.003798 -0.072071 -0.053085
 0.086285 0.041192 -0.042556 0.071136 0.093577 -0.085756 0.047556 0.033158 -0.077067 0.052867 -0.045723 -0.099138 0.040628 -0.051709 -0.009242 -0.018703 -0.043974 -0.022551 -0.026204 0.001440 -0.009572 -0.031420 -0.016871 0.041568 0.070019 0.047146 0.067885 -0.016702 0.041629 -0.059374 -0.056077 0.078539
 -0.014083 -0.055529 -0.084421 -0.016717 -0.062647 0.007264 0.077928 -0.014000 0.065834 -0.011214 -0.090579 0.093260 0.060731 -0.030068 -0.020913 0.042368 0.001218 0.062938 -0.023851 -0.081625 0.090043 0.065631 -0.051941 0.058804 0.048965 0.037594 0.057548 -0.046014 0.032749 -0.051896 -0.032235 -0.019258
 0.062864 -0.023256 0.066325 0.007172 0.040959 0.015568 -0.003663 0.083135 -0.083678 -0.043517 0.015257 -0.011250 -0.071185 0.084705 0.021974 -0.028403 -0.086950 0.040573 -0.007042 -0.019298 -0.086729 0.060805 0.084329 0.013358 0.067951 -0.097780 -0.044065 0.067675 0.056816 0.014742 0.010606 -0.025546
 -0.042852 0.056809 0.053933 -0.087385 0.079609 0.050671 -0.006427 0.008023 0.030397 -0.057734 0.054263 -0.073994 0.076139 -0.038489 -0.058581 -0.003446 -0.011741 -0.006148 -0.089952 -0.065424 0.002781 -0.036210 0.066245 0.013034 0.022612 0.054161 0.087610 -0.066491 0.094016 0.078292 -0.046520 0.026506
 -0.045139 -0.049972 0.055717 0.066650 0.091301 -0.001876 0.037487 -0.014940 0.008290 -0.064707 -0.045997 0.048239 0.007886 -0.043936 0.055386 0.048044 -0.023465 -0.048276 -0.080801 -0.059725 -0.003048 0.073500 0.072680 -0.073146 -0.076669 0.072275 0.068703 -0.034689 -0.000146 -0.023764 -0.080302 -0.015152
 -0.000282 0.044436 -0.029822 -0.094669 0.059414 -0.091372 0.065699 0.012958 -0.053024 0.038834 -0.042563 -0.046558 -0.021800 -0.038832 -0.080579 -0.003180 0.044483 -0.013599 -0.072428 0.011518 -0.006445 0.072243 0.055425 -0.002021 0.092455 0.090580 0.024819 -0.054068 0.020884 -0.013077 0.044584 0.045942
 -0.075369 -0.061278 0.009899 -0.048397 0.057938 -0.051124 0.074527 -0.023933 -0.048679 0.022807 0.042694 0.005096 0.065316 -0.025175 -0.051212 -0.020887 -0.024112 0.094068 -0.074238 0.099725 -0.009207 0.025852 0.009747 0.023666 0.098131 -0.094888 0.022769 -0.028136 -0.000152 0.080789 -0.030206 0.062788
]
Total memory size for keys: rot_key_cnt = 80, rot_key_size = 2516609920 bytes, total_key_size = 2565893528 bytes
Total memory size for weight plain: cnt = 0, size = 0 bytes
RTLib functions         	       Count	      Elapse
--------------------    	    --------	    --------
FINALIZE_CONTEXT        	           1	    0.006921 sec
PREPARE_CONTEXT         	           1	   11.255004 sec
ENCODE_ARRAY            	           1	    0.013721 sec
NTT                     	        3785	    4.485850 sec
INTT                    	         883	    1.126357 sec
MAIN_GRAPH              	           1	    5.457064 sec
 HW_ADD                  	        2620	    0.167626 sec
 HW_MUL                  	          10	    0.003072 sec
 MULP_FAST               	         416	    0.293757 sec
 HW_ROT                  	         664	    0.052028 sec
 COPY_POLY               	           1	    0.000155 sec
 PRECOMP                 	          90	    1.730261 sec
 MOD_DOWN                	         180	    2.108961 sec
 DOT_PROD                	         180	    0.740198 sec
 RESCALE_POLY            	          10	    0.058007 sec
 COPY_CIPH               	          14	    0.021258 sec
 INIT_CIPH_SM_SC         	         316	    0.012950 sec
 INIT_CIPH_UP_SC         	         209	    0.045537 sec
 INIT_CIPH_DN_SC         	           5	    0.000322 sec
 PT_GET                  	         418	    0.211841 sec
MAIN_GRAPH              	   sub total	    5.445973 sec
16.90s 2753128KB
Exit 0 - Check log: /app/ae_result/hpao/i16x32x32_ci16_co32_k3p1s2.fm_cte.log
LINK_EXEC RETV:0
LINK_EXEC CMD TIME:17.795285s
