FAST_DOT_PROD=1
/app/hpao_cmplr/bin/fhe_cmplr /app/model/i256x8x8_k2p0s2.onnx -o /app/ae_tmp/i256x8x8_k2p0s2.onnx.c -VEC:conv_fast -VEC:ms=32768 -CKKS:N=65536 -P2C:df=/app/ae_tmp/i256x8x8_k2p0s2.onnx.weight -CKKS:sk_hw=192 -O2A:ts -FHE_SCHEME:ts -VEC:ts -SIHE:ts -FHE_SCHEME:ts -POLY:ts -P2C:ts -CKKS:ts:q0=60:sf=56 -POLY:ts -P2C:ts -P2C:fp -SIHE:relu_vr_def=10
[/app/hpao_cmplr/bin/fhe_cmplr][ONNX2AIR][--] : phase_time = 0.000151 / 0.000285(s)
[/app/hpao_cmplr/bin/fhe_cmplr][SCHEME_INFO_ANALYZE][--] : phase_time = 0.000016 / 0.000308(s)
[/app/hpao_cmplr/bin/fhe_cmplr][VECTOR][--] : phase_time = 0.035359 / 0.035670(s)
[/app/hpao_cmplr/bin/fhe_cmplr][SIHE][--] : phase_time = 0.007036 / 0.042717(s)
[/app/hpao_cmplr/bin/fhe_cmplr][CKKS][--] : phase_time = 0.007480 / 0.050204(s)
[/app/hpao_cmplr/bin/fhe_cmplr][POLY][--] : phase_time = 0.029721 / 0.079932(s)
[/app/hpao_cmplr/bin/fhe_cmplr][POLY2C][--] : phase_time = 0.008724 / 0.088666(s)
COMPILE RETV:0
COMPILE CMD TIME:0.100306s
/app/hpao_cmplr i256x8x8_k2p0s2.onnx /app/test/i256x8x8_k2p0s2.c i256x8x8_k2p0s2.onnx.c
ckks_param: _provider = 0, _poly_degree = 65536, _sec_level = 0, mul_depth = 5, _first_mod_size = 60, _scaling_mod_size = 56, _num_q_parts = 3, _num_p = 2, _num_rot_idx = 263,_hamming_wieght = 192
input(tensor): [
 0.049943 -0.097957 -0.070235 0.099117 0.081931 -0.031302 0.035433 0.046381
 0.096166 -0.076823 0.074953 -0.055038 -0.054763 0.071339 -0.033225 -0.078076
 -0.078079 0.071837 -0.004718 -0.026797 0.098631 0.004977 -0.094904 0.087699
 -0.021224 -0.048092 0.005828 0.010908 -0.081383 -0.086778 -0.024176 0.052837
 0.089787 -0.045391 -0.017348 -0.051569 0.023472 -0.006786 0.005422 -0.045221
 0.071521 -0.088149 0.097845 0.048941 0.094389 -0.005322 0.073525 -0.085928
 0.082948 0.097362 -0.049196 0.061242 0.082009 0.053652 0.051357 -0.022606
 0.058543 -0.017105 -0.099188 -0.084823 0.088839 -0.081984 -0.040007 -0.003039
 -0.008551 -0.067986 -0.034190 -0.068841 -0.046059 -0.087600 0.063214 0.085428
 0.001700 -0.066612 -0.094808 0.083483 -0.028663 -0.060766 0.029103 0.061913
 -0.066905 0.051080 -0.093204 -0.011702 -0.069009 0.011034 -0.060211 -0.009085
 0.088549 -0.008941 -0.024338 0.059457 -0.050412 -0.008552 -0.071326 -0.097340
 -0.057018 0.049646 -0.001402 0.077714 -0.030730 -0.028424 -0.020320 0.071319
 -0.005230 -0.010943 -0.033242 0.042980 0.050557 -0.004656 -0.049109 -0.088520
 0.061186 -0.013540 -0.037877 0.062959 0.061424 -0.022022 0.030269 0.068726
 -0.047548 -0.066043 -0.064991 -0.071019 0.059973 0.047672 0.011749 0.063010
 -0.054218 -0.080871 -0.045858 0.007624 -0.012607 0.053254 -0.010545 0.012670
 -0.039803 0.045137 -0.054234 -0.062120 -0.030363 0.073722 -0.067102 0.009564
 -0.000460 -0.009055 0.021526 -0.066113 0.074472 -0.070412 -0.001329 0.012533
 0.039932 -0.084320 0.075574 -0.059088 0.062139 -0.052858 -0.003335 -0.068061
 -0.082689 -0.013426 -0.040557 -0.069272 -0.054794 -0.049117 -0.026985 -0.057790
 -0.035363 0.038401 -0.044558 -0.077790 0.036317 -0.078520 -0.016531 -0.003669
 -0.083436 -0.005974 -0.005677 -0.027978 0.030830 0.068674 0.007322 -0.020348
 0.064563 -0.082573 0.022905 0.079711 0.089445 -0.091013 -0.098590 -0.090599
 0.027706 0.020348 0.011218 0.097468 -0.046999 0.052147 -0.038366 -0.000916
 -0.062863 -0.054984 -0.013345 -0.098778 -0.014759 -0.034914 -0.038520 0.001068
 0.038802 -0.024059 0.023620 0.031528 -0.084050 0.020518 -0.049045 -0.083273
 -0.043640 -0.078309 0.050978 0.040647 -0.053778 0.060581 -0.060194 0.098361
 0.051730 -0.048859 -0.040176 -0.066521 0.038936 -0.028409 0.017818 -0.028336
 0.082539 -0.071866 -0.021475 -0.054287 0.049069 0.002124 -0.032969 0.098153
 0.061325 -0.060450 0.079006 0.093495 -0.016561 0.020292 0.004247 -0.073818
 -0.061042 0.029943 -0.020390 0.096080 -0.048458 0.081262 -0.075694 0.025061
 -0.048414 0.027426 0.057177 0.038484 0.010047 0.085688 0.065676 0.049802
 -0.052645 0.031847 0.000243 0.002424 -0.093652 0.082523 0.098157 -0.043491
 -0.042004 0.094804 0.034755 -0.021789 -0.066911 -0.054812 -0.070573 -0.062354
 -0.007812 -0.095154 0.030871 -0.005919 0.003362 0.000910 -0.030117 0.052276
 0.069947 0.021593 0.022173 0.067812 0.022997 0.036663 0.059325 0.040394
 0.077349 0.037970 -0.095247 -0.038930 -0.069381 0.048297 0.076206 -0.050794
 -0.096305 0.090578 0.072082 0.010818 -0.090250 0.059311 -0.004064 -0.096787
 0.057685 0.041146 -0.025549 0.042954 0.003447 -0.054137 0.069570 -0.076578
 -0.076845 0.099744 0.074027 0.094800 0.023811 0.041065 -0.012973 -0.081873
 0.006579 -0.018733 0.092722 -0.094516 0.049610 0.063848 0.069863 -0.047237
 0.062174 0.094013 -0.080456 -0.034751 -0.088334 0.071816 -0.029081 -0.037508
 0.081234 -0.028713 0.083481 -0.007866 0.050098 -0.031541 0.009007 0.007821
 -0.070733 0.094783 -0.018672 0.015135 0.083105 -0.061040 -0.082228 -0.057465
 0.043619 -0.060769 0.092218 -0.070405 0.062109 -0.015229 0.040853 0.016710
 0.002649 -0.031876 -0.059258 0.012713 0.053239 -0.013230 -0.070185 0.077193
 0.068831 -0.069982 0.017962 0.063504 0.076853 0.044074 -0.007167 0.032271
 -0.009316 -0.018819 -0.058158 -0.015463 -0.075182 0.085107 0.049081 0.089961
 0.095627 0.040873 -0.038848 -0.000241 0.074736 0.065564 -0.055150 -0.057562
 0.067686 0.068571 -0.038311 0.019926 0.082120 -0.061847 -0.060473 0.038427
 0.034686 -0.010309 0.074952 -0.025171 -0.007010 0.066800 0.072975 -0.042564
 0.008203 0.083493 -0.030241 0.079050 -0.021053 -0.090784 0.023814 0.008026
 -0.081359 -0.008562 -0.087822 0.079025 0.024463 0.056483 -0.061086 -0.080833
 0.034681 -0.028000 -0.067842 -0.037644 -0.004673 -0.072364 0.033291 0.046445
 0.057464 -0.014564 -0.040829 -0.062436 -0.018556 0.017005 0.054201 0.052738
 -0.066877 0.093303 -0.088510 -0.074698 0.098786 -0.059120 0.012464 -0.007171
 0.004882 0.002491 0.027115 0.086397 -0.068753 -0.043743 0.052143 -0.058225
 0.020819 0.042041 -0.085391 -0.019054 0.091079 0.044297 0.020929 0.071566
 0.076320 0.073659 0.045631 0.009665 -0.031975 0.006090 0.095573 0.075383
 -0.080334 0.079613 -0.049093 0.054223 0.001308 0.045511 0.064548 -0.072939
 -0.022271 0.079241 0.032481 0.022369 -0.043526 0.017980 -0.034067 -0.055658
 -0.021299 0.023091 -0.083298 0.057350 -0.004007 -0.041422 0.063034 -0.053858
 -0.036109 0.059039 0.042475 -0.059196 -0.050368 0.014235 -0.017748 -0.024818
 -0.000484 0.081367 0.095683 -0.046949 0.048725 0.064099 0.095933 -0.098300
 0.005732 -0.055188 0.019873 -0.083090 0.080051 -0.068343 -0.084011 0.070787
 0.006762 -0.086769 -0.037301 0.077014 -0.051240 0.093926 -0.064499 0.069150
 0.094563 0.085853 -0.086871 -0.054400 -0.020967 -0.015496 0.013483 -0.028115
 -0.065307 0.098260 -0.079024 0.095963 -0.086878 -0.055543 -0.047851 0.032473
 0.049454 0.060362 -0.036364 0.079567 0.007869 0.030021 0.086592 -0.052859
 -0.016487 -0.036618 -0.084834 -0.054277 -0.041784 0.072987 -0.064115 0.023968
 0.047980 0.021969 0.054133 -0.059745 0.079767 -0.046421 -0.021936 -0.030415
 0.025655 -0.016624 0.014562 0.005786 -0.059153 0.082547 0.089795 0.084901
 -0.089146 0.073054 -0.074267 0.052369 0.056364 -0.065439 -0.097412 0.070017
 -0.055716 -0.065735 -0.096758 0.058688 -0.008309 -0.075554 0.032655 -0.009822
 0.095181 -0.022669 0.030766 -0.029838 0.021457 0.055064 0.054941 -0.094184
 -0.026789 0.090417 0.027543 0.035936 -0.043313 0.036738 -0.071389 -0.039547
 0.068843 0.003773 -0.045176 -0.068415 -0.035054 0.044786 -0.010140 0.073999
 0.093944 0.008822 0.028223 0.065145 -0.084765 0.094285 0.068456 -0.003945
 0.038782 -0.033451 0.042787 0.011267 -0.013339 0.028540 -0.005065 0.086102
 -0.023394 -0.095085 0.003160 0.002438 -0.022005 0.000334 0.056875 0.096422
 0.098187 -0.072407 0.090066 -0.064617 -0.057453 0.011918 -0.038533 0.056776
 -0.065715 -0.062503 0.094221 -0.068289 0.055339 0.032057 -0.000598 0.040005
 0.021520 0.023294 -0.010125 -0.067843 -0.098647 -0.037834 0.058919 0.068039
 -0.077201 -0.010799 -0.027093 0.092463 0.021430 -0.089461 0.003664 -0.018830
 -0.045023 0.092803 0.008646 -0.010086 0.067872 0.051624 0.010954 -0.089684
 0.097622 0.028333 -0.022624 0.079227 -0.093353 -0.075335 0.083733 0.048419
 0.039499 -0.072212 -0.029973 0.007233 -0.028130 -0.021934 -0.080912 -0.092821
 -0.014408 -0.096593 -0.089341 0.085206 0.012364 -0.019774 -0.035946 -0.088187
 0.089468 -0.092826 0.096181 0.088539 -0.037553 0.042579 -0.003689 -0.016227
 0.083915 -0.099079 0.030918 -0.083087 -0.018504 0.044423 0.097023 -0.045133
 0.036408 0.053977 -0.020600 0.084914 0.085301 -0.085595 -0.061253 0.075188
 0.069577 0.088421 -0.074313 0.005214 -0.063461 0.088836 0.062201 0.026960
 -0.025893 -0.029793 -0.021023 0.031383 -0.043783 -0.099288 0.001553 0.025922
 0.016263 -0.048201 -0.080426 -0.088556 -0.091762 -0.028508 0.083495 0.060888
 0.099334 -0.055251 0.078146 -0.050317 0.060479 -0.084212 0.030014 0.068654
 0.064014 0.023730 -0.082825 0.011658 0.010251 -0.084358 -0.046405 -0.008974
 0.083719 -0.080653 0.038258 -0.078050 -0.081333 -0.079377 -0.043022 -0.062785
 -0.066872 -0.044103 -0.081255 -0.046135 -0.031205 0.005148 -0.096422 -0.091819
 0.046943 0.063276 0.065428 -0.022860 0.072037 0.017880 0.074849 0.058931
 0.012435 0.048656 0.099194 0.080753 0.014959 0.064660 -0.094792 -0.005016
 -0.020608 -0.095960 -0.005629 0.001963 -0.074374 -0.083995 -0.001591 -0.015012
 0.036655 0.060682 -0.013296 -0.023253 -0.041395 0.065578 -0.043147 0.046266
 0.091977 -0.040022 0.037887 0.094489 0.051600 0.041529 -0.047944 -0.069825
 -0.093502 0.086385 0.079417 0.023545 0.052338 0.095773 -0.002488 0.011614
 0.068724 0.075267 0.059328 -0.081316 -0.097724 0.009895 0.074879 0.067687
 -0.015920 -0.040905 0.036906 0.064353 -0.084321 0.000062 -0.002715 0.031124
 -0.015582 -0.017945 0.014920 -0.057396 0.058138 0.065911 0.037047 0.055592
 0.041269 0.009516 -0.000956 -0.071577 -0.017077 -0.063028 -0.067541 0.074969
 0.037831 -0.018748 0.076595 0.040847 -0.017400 0.023702 0.024735 -0.056046
 0.012863 -0.013291 0.093047 0.067354 0.084430 0.037155 -0.012709 0.054125
 -0.047123 -0.087939 0.004619 -0.048646 0.040396 -0.065621 -0.051583 0.016352
 0.041845 -0.026217 -0.070454 -0.031379 -0.018176 0.018209 0.024631 -0.077873
 -0.034435 0.053214 0.072054 0.058190 -0.055474 -0.021859 -0.072130 0.093475
 0.078321 0.008946 0.015653 -0.021243 -0.038257 0.056227 0.083307 -0.005725
 -0.032885 0.034034 0.080176 0.097460 -0.058599 0.010678 0.007913 -0.073983
 0.081370 -0.069692 0.086003 -0.038051 0.032631 0.003132 -0.057100 0.087022
 0.060257 0.041059 -0.012857 -0.019369 -0.061667 0.059067 0.014322 0.023703
 -0.094213 0.012612 0.080737 0.086777 0.039889 0.040383 0.049276 -0.002314
 0.053174 -0.005639 -0.044494 -0.067024 -0.099710 -0.047703 0.086842 0.052350
 -0.025306 -0.038235 -0.070989 -0.085174 -0.093587 -0.073429 0.092242 0.029916
 -0.074756 -0.009405 0.054419 -0.012767 -0.008413 -0.066950 -0.044111 -0.092630
 -0.053955 -0.009155 0.016283 0.096872 -0.081858 0.081628 0.074199 -0.072797
 0.067153 0.025445 -0.065171 -0.070782 -0.037596 -0.089235 -0.083060 0.023311
 -0.019596 -0.019987 0.031575 -0.045757 -0.035100 -0.077384 0.051815 0.091457
 0.050125 -0.047441 0.058747 0.026031 -0.045883 -0.086021 0.084732 -0.018739
 -0.028023 0.088276 0.001318 -0.090334 -0.001273 -0.057534 -0.009881 -0.036179
 -0.058315 0.045494 0.072786 0.013680 -0.055305 0.069188 0.078530 -0.044184
 -0.080862 0.022471 -0.006999 -0.036525 0.007127 -0.033619 0.064758 0.021637
 -0.008621 -0.022205 0.096229 -0.013778 -0.005928 -0.044699 0.020436 0.022706
 0.075898 -0.048406 -0.021240 -0.001303 -0.046204 0.049513 0.055352 0.008558
 0.074165 0.009954 -0.052692 -0.020067 0.072892 -0.065865 0.081626 0.045468
 -0.053946 0.058561 0.056277 -0.039788 0.063599 -0.014507 0.071865 0.089231
 0.029261 -0.002709 -0.081010 0.073871 0.042605 0.092285 0.076826 -0.082712
 0.022531 0.000377 0.041747 0.059504 -0.071231 -0.003633 0.014916 -0.080766
 -0.089044 0.065382 -0.042999 -0.079904 -0.092231 0.095754 0.083907 -0.091837
 0.055072 0.031733 -0.027280 -0.003391 -0.085428 0.008582 -0.038425 -0.083924
 -0.082635 0.007636 0.034881 0.052156 -0.061618 0.028360 0.043002 -0.056914
 0.041764 -0.088018 -0.009625 -0.093644 -0.044646 0.080765 -0.061469 -0.070728
 0.091548 -0.014670 0.098896 -0.082915 -0.049538 -0.060102 0.066786 0.066109
 -0.017611 0.037674 -0.000266 0.026922 -0.069820 -0.087584 -0.034619 -0.048830
 0.058264 0.071480 -0.039127 -0.007789 0.038937 0.029931 -0.018338 -0.048258
 -0.013430 -0.037470 -0.021024 -0.093163 -0.010668 0.084033 -0.047295 0.016835
 -0.058320 0.031575 0.063981 -0.063549 -0.056034 0.008561 0.079847 0.045571
 -0.051879 0.082446 0.081447 -0.063830 0.021379 -0.009569 -0.014558 0.000151
 0.061996 -0.044599 0.095814 0.089219 -0.066293 0.082162 0.083756 0.080903
 0.041527 -0.028170 -0.054127 -0.063648 0.093918 -0.031434 -0.072306 -0.050536
 0.062545 -0.053919 -0.078635 0.056361 0.012006 -0.003298 0.009735 -0.089886
 -0.001881 -0.074513 -0.057898 -0.015963 0.089652 -0.043635 0.004095 0.005262
 0.052767 0.059230 -0.084476 -0.041334 0.005490 -0.025146 0.032329 -0.073327
 -0.013876 -0.021079 -0.048411 0.055251 0.010226 -0.052740 -0.083827 0.028619
 0.056831 0.010700 -0.054566 -0.033384 0.017776 -0.029158 -0.099637 0.086735
 0.020228 -0.035438 0.060300 -0.053316 -0.016006 0.024831 -0.018847 0.033282
 0.005479 0.001195 -0.017746 0.016229 0.006462 0.076033 -0.001168 0.077419
 -0.030304 -0.023193 0.016072 0.070259 -0.072307 -0.048716 -0.008862 0.009831
 0.014055 -0.088301 0.005326 -0.009546 -0.074476 0.008266 0.070702 -0.080174
 -0.035714 0.058697 0.078064 0.087158 -0.001184 -0.037910 -0.001613 0.071432
 0.065630 0.020122 -0.031020 0.060515 0.008313 -0.045365 -0.007993 -0.009273
 -0.071014 -0.080453 0.070050 0.094357 0.009613 -0.023463 0.082132 0.082906
 0.094064 -0.040931 -0.086118 0.013180 -0.085739 -0.043704 -0.077397 0.054069
 0.081430 0.094930 -0.088929 0.027768 0.063729 0.003936 -0.071557 -0.008651
 -0.030349 -0.065543 -0.040743 -0.018033 0.024765 -0.003873 0.035457 0.057637
 -0.085028 -0.025225 0.062921 0.011349 -0.079078 0.062121 0.094669 0.010401
 -0.076584 0.022862 -0.003155 0.020589 -0.080825 -0.010948 -0.012836 0.080495
 0.085520 0.014412 -0.083651 0.080470 0.077734 -0.079709 -0.061400 -0.007787
 0.049475 -0.054336 0.045393 0.026228 -0.063009 0.009595 -0.020507 -0.031229
 -0.092605 0.034338 -0.057477 -0.011893 -0.022682 0.037359 -0.044659 0.037932
 0.002223 0.045055 -0.080049 -0.038706 -0.094616 0.014459 -0.077912 0.021742
 -0.057215 -0.005540 -0.038576 0.059919 -0.074536 0.088164 -0.062181 -0.010752
 -0.038724 -0.091260 0.058729 0.007112 0.026304 0.078711 -0.001240 -0.024645
 -0.052439 0.038554 0.002944 -0.034364 -0.026254 -0.068005 -0.051793 0.015434
 -0.053487 0.072670 0.029473 -0.026005 0.033782 -0.088370 -0.040281 -0.041201
 -0.097935 -0.032908 0.094618 0.015123 0.052470 -0.067110 0.061328 -0.090835
 -0.075652 0.016630 -0.048449 0.026488 0.005607 0.004083 0.067257 -0.029716
 0.014215 -0.019590 -0.071579 0.076178 -0.065827 -0.032399 0.035137 -0.002363
 0.080187 0.012579 0.040537 0.029006 -0.001429 0.073418 -0.048211 -0.042556
 0.091397 0.002396 -0.040341 -0.001029 0.092269 -0.077927 -0.031015 0.083066
 -0.041510 -0.031757 0.015174 -0.077585 0.003103 -0.020336 -0.051775 -0.043809
 0.034190 -0.093982 0.076109 -0.029482 0.040049 0.031616 0.074094 -0.012760
 -0.057142 0.093520 0.061328 -0.027289 0.051744 -0.098401 0.091463 0.080875
 0.080419 -0.093753 -0.088707 0.036390 0.009684 -0.080000 -0.094236 0.004187
 -0.032704 0.000902 -0.023142 -0.082653 -0.093795 0.068490 -0.032682 0.096655
 0.065993 -0.061683 -0.079391 0.011907 0.047963 -0.079495 -0.069755 -0.098404
 -0.006645 -0.069977 0.048389 -0.085350 0.004787 -0.007697 -0.085192 -0.007751
 -0.054440 -0.008268 0.094669 0.093529 -0.053017 0.029305 0.005959 -0.076156
 0.056002 0.055684 -0.039741 0.030499 -0.045256 0.025441 -0.016806 0.029887
 -0.018969 -0.022685 0.038083 -0.081833 0.087837 0.058311 -0.015407 0.043093
 0.007729 0.055231 0.028080 -0.010648 0.037239 -0.089656 0.013931 -0.035198
 0.068192 0.029028 0.047656 0.047740 -0.081146 -0.046315 -0.076922 0.074456
 -0.045672 -0.064165 -0.094777 0.043604 0.084398 -0.087597 0.060150 -0.007676
 -0.063698 0.089145 0.002534 -0.007931 -0.000674 0.027324 0.070380 -0.099878
 -0.046826 -0.070231 0.073818 -0.015883 0.084050 -0.099273 -0.094846 0.060447
 0.003366 0.062098 0.021957 -0.080344 0.082293 -0.099787 0.059975 -0.091084
 0.059203 -0.032675 0.046573 0.018818 0.097616 0.000319 0.080282 -0.027756
 -0.029152 -0.068441 0.058176 -0.043204 0.010122 0.074685 -0.077249 0.063547
 -0.015481 0.006629 -0.065568 0.013739 0.026166 -0.062288 0.085786 0.041537
 0.010154 -0.065534 0.019128 -0.006002 0.084140 -0.006240 0.032784 0.074149
 -0.078107 -0.041478 0.017676 0.058246 -0.004171 -0.028912 0.099529 0.070287
 0.078206 -0.012206 0.036908 -0.076327 0.078211 0.011035 -0.048961 0.016387
 0.057935 0.002507 -0.067515 -0.081241 -0.085372 -0.068485 0.004364 0.075431
 0.013863 0.006142 -0.096463 0.042513 0.047159 0.002881 -0.070744 -0.030276
 0.038869 -0.034011 0.093301 -0.098905 -0.068495 0.057621 0.017054 -0.085535
 0.028368 0.067486 0.000216 0.098503 0.083469 0.094251 -0.091928 0.067582
 -0.043635 0.038551 -0.070667 -0.013590 -0.037291 -0.094463 -0.010106 0.024255
 -0.089291 -0.076382 -0.088689 -0.041571 0.061409 -0.078519 0.015736 -0.006966
 -0.003733 -0.040680 0.061658 -0.090797 -0.067283 0.004576 -0.071890 0.082833
 0.030845 -0.040614 -0.024656 -0.098580 0.001777 -0.002676 0.002538 -0.033643
 0.038545 0.057374 -0.085031 -0.054708 -0.026462 0.046560 0.083873 0.095258
 0.096411 0.022069 -0.011930 0.086230 0.048685 0.039242 -0.009600 0.094843
 -0.073626 0.044579 -0.090586 0.096461 -0.031747 0.060169 -0.073810 -0.021081
 0.099033 -0.088836 -0.068991 0.094289 -0.081958 0.063300 0.072039 -0.064393
 -0.071345 0.058031 -0.033322 0.050194 -0.082972 -0.013735 0.045276 0.034911
 -0.015137 0.067817 0.018107 -0.018047 0.020797 -0.075439 0.076268 0.016937
 -0.060435 0.026076 -0.008812 0.037144 -0.073547 -0.029690 -0.036307 0.090145
 0.005245 -0.076399 -0.065713 0.057116 0.099060 -0.086694 -0.091036 0.012155
 -0.047214 -0.068549 0.099252 -0.087282 0.049652 -0.058536 -0.040092 0.075326
 0.071664 -0.009108 0.014524 0.047860 -0.015125 -0.089152 -0.020396 -0.016091
 -0.059245 -0.084550 0.083759 -0.069767 -0.099281 0.089443 0.049933 0.048213
 0.052486 0.010152 -0.040556 0.088644 -0.070151 0.066767 0.098915 0.074621
 0.058626 -0.089489 -0.068261 0.018948 -0.052645 -0.062528 -0.031156 0.064445
 -0.089501 -0.095824 -0.024492 0.024106 -0.062007 -0.065464 -0.019267 0.085170
 0.028297 -0.093822 0.076865 0.051123 -0.079069 0.079271 -0.057144 -0.034004
 -0.052003 0.079452 -0.086315 -0.022608 -0.007922 -0.026365 0.090446 0.038283
 -0.088656 0.018924 -0.033467 0.094255 -0.090184 0.093595 0.011620 -0.075054
 -0.064566 -0.052423 -0.088920 -0.060522 0.099222 -0.075499 0.054950 -0.070248
 -0.041047 0.015894 0.070525 0.073269 -0.081860 0.018521 -0.019621 -0.085226
 0.031120 0.050301 0.072243 0.053819 0.076135 0.071586 -0.000248 -0.031772
 0.087200 -0.079807 0.055323 -0.064323 0.069673 0.056501 0.088680 0.000917
 -0.059831 -0.072669 0.073005 -0.037091 0.021531 0.083399 -0.083944 -0.033682
 0.027904 -0.011449 0.077502 0.012121 0.084172 -0.072617 -0.091577 0.063264
 0.020106 0.054429 0.049411 0.022672 0.036021 0.037811 0.046538 -0.000409
 -0.098750 0.065259 -0.036370 -0.074294 -0.013755 -0.054505 0.062882 0.052559
 0.082261 -0.032197 -0.067253 -0.087604 -0.050635 -0.029802 -0.009239 -0.041505
 0.013976 -0.030907 0.006234 -0.033511 0.076164 0.023205 0.059501 0.075399
 -0.064118 -0.081841 -0.009625 -0.006219 0.026155 -0.036539 -0.004940 0.071905
 0.094354 -0.028249 0.004211 -0.052264 0.038264 0.017919 0.054803 -0.097617
 0.093249 0.022803 0.085995 0.066944 -0.073735 0.058968 0.041503 -0.016852
 -0.053553 -0.025016 -0.029784 -0.068548 -0.074832 0.072511 0.079870 -0.032930
 -0.028313 0.090166 -0.018952 -0.017561 -0.057175 -0.091169 0.045114 -0.010026
 -0.039211 -0.086024 -0.062616 0.008203 0.070366 0.033933 -0.008532 0.093601
 0.032404 0.085983 -0.051758 -0.078904 0.075044 0.029980 0.028007 -0.010071
 0.051292 -0.057413 0.002575 0.068534 0.027025 0.095472 0.077831 -0.047754
 -0.063091 0.029214 0.018014 0.005088 0.000093 0.047260 0.084963 -0.019286
 -0.073081 -0.035945 0.041045 0.052790 -0.075763 0.056697 0.006524 0.060592
 0.013936 -0.043580 -0.048454 -0.022879 0.043873 -0.093716 -0.000675 0.063841
 0.017633 -0.086873 -0.065570 0.030673 -0.068100 0.096586 -0.015262 -0.008617
 0.099875 0.038394 -0.076951 0.010219 0.072612 0.076982 0.038316 -0.065571
 0.008371 -0.080107 0.028190 0.002506 0.020137 -0.082063 -0.035037 -0.012899
 -0.086485 -0.049544 0.084126 -0.047420 -0.091435 -0.019904 0.025559 -0.031890
 0.019598 0.031318 0.071381 -0.036986 0.045685 0.036487 -0.075934 0.075737
 0.044264 -0.088662 0.046514 -0.038785 -0.042579 -0.005101 0.082294 -0.056854
 -0.059031 0.039356 0.006358 -0.065749 -0.014879 0.097010 0.089694 0.033685
 0.020952 0.029695 -0.065583 0.016924 0.073561 0.097602 -0.061647 0.044022
 -0.061949 -0.012669 0.026041 0.053106 0.002544 -0.062862 0.084272 -0.047860
 -0.015254 -0.073152 -0.056811 0.022781 -0.036849 0.040292 -0.086917 0.023201
 0.087782 0.056701 0.071971 0.070611 -0.019166 0.072266 -0.042208 -0.063550
 -0.032723 -0.067741 0.033264 -0.087430 -0.094573 -0.093570 -0.033884 -0.072976
 0.048163 0.015816 -0.039276 -0.078210 -0.010316 0.010626 -0.078880 0.065166
 0.018286 -0.021859 0.081306 0.053949 0.043144 -0.034104 -0.017765 -0.086658
 -0.093873 0.073168 0.018441 -0.048845 -0.037048 0.012524 -0.020765 -0.058908
 0.062199 0.045541 0.064710 0.069447 -0.041834 0.090300 -0.029961 -0.026145
 -0.037112 0.032895 0.041608 0.049719 0.021123 -0.009760 0.038863 -0.001464
 0.051302 0.017710 -0.027913 0.035919 -0.050985 -0.034468 0.052035 -0.088998
 -0.024552 0.008192 -0.073916 0.046201 0.042253 -0.032181 0.055222 0.052833
 0.045608 0.041402 -0.054714 -0.073326 -0.014798 -0.048716 -0.073604 -0.048243
 -0.087937 0.098811 -0.054730 -0.078237 0.041492 -0.057970 0.064368 0.099406
 -0.022379 -0.051220 0.040616 0.040684 0.094929 0.081103 -0.086648 0.048241
 -0.048662 0.007853 0.017211 0.024255 -0.081351 -0.023564 -0.092691 0.085692
 0.097190 -0.065919 -0.039776 0.027776 -0.054065 -0.008528 -0.098882 -0.072821
 -0.066197 0.074064 0.018695 -0.007973 0.037996 0.017281 0.082794 0.081524
 -0.019807 -0.039009 0.080475 0.041750 0.065746 -0.007367 -0.078872 -0.016333
 0.007817 0.018549 -0.056092 -0.009622 -0.040052 0.001145 0.029686 0.087826
 0.008096 0.058585 -0.014653 0.064295 -0.032351 0.067949 -0.041093 -0.090834
 -0.087191 0.005316 0.076586 -0.048829 -0.071886 -0.034730 -0.013481 -0.097417
 -0.033497 0.030522 -0.031236 -0.015724 0.084937 -0.073342 -0.093189 0.012693
 -0.059916 0.034682 -0.078483 0.034558 0.019009 0.093915 0.078148 0.065367
 0.053024 0.053866 0.084880 -0.093380 -0.086167 0.068666 0.015395 -0.069164
 0.001281 0.080007 -0.032961 0.037725 -0.077461 -0.076284 0.063746 0.042747
 0.029857 0.053343 -0.088546 -0.078977 0.045747 0.088475 -0.091889 -0.096452
 0.077983 -0.055878 -0.044067 0.014663 0.093953 0.069911 -0.066669 0.046138
 0.071363 0.074240 -0.051929 -0.079559 0.057705 -0.050091 0.022598 0.070965
 -0.080405 0.009239 0.052924 -0.074857 0.068181 0.079702 -0.039627 0.086148
 0.021851 -0.019786 0.012988 -0.028671 0.017779 0.070961 -0.028400 -0.032276
 -0.076838 -0.012354 -0.041408 0.016833 -0.051524 -0.088425 -0.032756 0.013608
 -0.020448 0.073696 -0.042893 -0.081376 -0.026157 -0.091116 -0.049207 0.076301
 0.058860 -0.027296 0.057002 -0.027380 -0.025333 -0.002334 0.062881 -0.098692
 -0.075622 0.063809 0.023134 -0.019153 -0.065051 0.015485 -0.090770 -0.008576
 -0.009030 -0.019291 -0.039048 -0.049990 0.045845 0.001243 0.006101 -0.015949
 0.063361 -0.084210 0.055975 -0.049710 -0.026279 0.076291 0.002707 -0.066345
 0.015388 0.042545 0.050259 -0.071802 -0.047357 0.018056 -0.045265 0.029411
 -0.082590 -0.015856 -0.080202 -0.026068 0.045587 0.073119 -0.052832 0.045436
 0.032380 0.037729 0.095152 -0.097179 0.020135 0.019145 -0.074744 0.055539
 0.064928 -0.015077 -0.046832 0.012129 0.088348 0.036484 -0.083302 0.090124
 0.084810 0.003564 0.019448 -0.061234 -0.089977 -0.060619 0.051074 -0.013925
 -0.097888 -0.030057 -0.049897 -0.094045 -0.091887 0.016947 0.079906 0.066275
 -0.090475 0.008524 0.062179 -0.021734 0.053076 -0.024773 -0.057313 0.011988
 0.045887 -0.001377 -0.073631 0.085773 0.057125 -0.064152 -0.022570 -0.034419
 -0.040284 -0.075251 -0.021130 0.018674 0.052387 -0.054366 0.017007 0.047066
 0.050717 -0.083299 0.027970 0.046848 0.014810 0.008511 0.095802 0.090736
 -0.022859 -0.006443 0.070007 -0.095884 -0.013368 0.026959 -0.024972 -0.056063
 -0.010660 0.044248 0.015203 0.052809 -0.060300 0.065069 0.038135 0.034439
 -0.077207 -0.003846 0.017508 0.075981 0.017836 0.008671 -0.033481 -0.033044
 0.070086 0.060722 0.076050 -0.000036 0.073630 0.014383 0.014086 0.041986
 -0.050932 0.099825 0.037514 0.073657 -0.046085 0.099934 -0.009070 -0.053924
 0.034898 0.002715 0.025904 0.009144 0.051700 -0.093168 -0.092794 -0.018633
 0.046639 0.075387 0.055254 -0.023391 0.015643 -0.042573 0.022401 0.006676
 0.028078 0.042969 0.087904 -0.075430 0.073950 0.072995 0.037904 0.090670
 0.083164 -0.015727 -0.069441 -0.013228 -0.098274 -0.066162 -0.037261 -0.011803
 0.082392 0.096037 -0.096781 0.092529 0.075369 -0.005074 0.065719 0.052965
 0.031793 -0.010379 -0.094151 -0.065224 0.065758 0.009688 0.051431 -0.027606
 0.002318 0.007507 0.010486 0.025966 -0.027804 -0.052736 -0.010150 0.060686
 -0.088949 -0.069829 -0.015362 0.075316 -0.077115 -0.076175 -0.086830 -0.092747
 0.024481 0.025661 -0.092200 0.061436 0.094514 0.015328 -0.039416 0.046230
 -0.085037 0.011081 0.041359 0.069612 -0.013072 0.073020 -0.089188 -0.091014
 0.022898 0.034386 -0.063603 0.023183 0.041661 0.074183 -0.013303 -0.046849
 -0.097652 0.061871 -0.012895 0.072535 0.099246 0.031286 0.077110 -0.088510
 -0.006535 -0.059938 0.014817 -0.076708 0.018852 -0.046850 -0.066184 -0.078596
 0.032828 -0.036449 0.072621 -0.017725 -0.040173 0.043072 -0.066913 0.037991
 -0.092492 0.076023 0.097327 0.035238 0.011013 0.029041 0.069303 -0.008901
 0.053098 -0.061692 0.016697 0.045834 0.071059 0.017722 0.081021 0.003559
 -0.068670 -0.076912 -0.069697 0.062373 -0.008800 0.045613 0.083646 0.024210
 -0.094406 -0.087420 0.007416 -0.092190 0.097391 0.002508 0.094683 -0.005205
 -0.056257 0.098019 0.051789 0.097867 0.047430 -0.090416 -0.068983 -0.007747
 0.035571 0.008791 0.044942 -0.020816 0.053893 -0.009907 0.046139 0.026916
 -0.076855 0.050769 0.044682 -0.002520 -0.094732 0.007513 0.035804 -0.055721
 -0.067052 0.088447 0.055942 0.076013 -0.011390 -0.078974 -0.060948 0.072181
 0.091553 0.064484 -0.005560 -0.054469 -0.054920 0.076709 -0.021633 -0.077677
 -0.057342 0.098468 -0.042652 0.068211 0.091772 0.017390 -0.053191 -0.019446
 0.051760 -0.079919 0.024571 -0.021334 -0.052521 0.010196 0.055569 -0.077377
 0.025124 0.094229 0.033913 0.047185 -0.053938 0.083953 -0.065843 -0.073955
 -0.077794 -0.084310 -0.076271 0.001056 -0.027038 -0.074856 0.091009 0.042639
 -0.050903 0.015610 -0.055890 -0.075332 -0.069073 0.072711 -0.058388 0.050323
 0.060950 -0.043152 0.008777 0.078711 0.061272 0.050233 -0.047215 0.073640
 0.096285 -0.083148 0.015114 -0.027460 -0.093104 -0.095136 -0.009604 -0.096289
 -0.071832 0.075553 0.096063 0.035501 0.041082 0.033210 -0.046457 -0.090489
 0.092383 0.003703 -0.061543 -0.061178 0.024590 0.032365 -0.037530 -0.035012
 -0.002417 -0.057106 0.001441 0.063507 -0.063522 -0.083131 -0.084221 0.069902
 0.087557 0.096867 0.026819 0.010165 -0.011515 0.088688 0.068843 0.046367
 -0.083768 0.028805 -0.076335 0.075951 0.071379 -0.080069 -0.071789 -0.051095
 0.031081 -0.024877 -0.029531 0.039970 0.061322 -0.091729 0.082784 0.019053
 0.060754 0.008616 -0.022811 -0.020983 -0.035914 0.087425 -0.012965 0.068094
 0.072284 -0.052556 -0.057468 0.083342 -0.031834 -0.031733 -0.067381 0.096963
 0.033368 -0.082443 0.051417 -0.003012 -0.087855 -0.010343 0.089658 0.064987
 -0.034653 -0.070529 -0.029363 0.064244 -0.002159 0.059898 0.075207 0.075808
 0.029667 -0.043298 -0.049739 0.072416 0.049724 0.026128 0.026353 0.043450
 0.041993 -0.009805 0.061598 -0.014788 0.018941 -0.022902 0.072566 -0.082235
 0.013962 0.073095 0.022387 0.099183 0.081378 0.008580 0.027221 0.045273
 0.032592 0.092893 -0.020378 -0.074252 -0.051289 0.070710 0.088131 -0.063541
 0.011278 -0.090740 -0.060500 -0.020901 -0.008390 0.034904 0.090555 -0.099195
 0.024553 -0.049089 0.059022 0.080696 -0.003999 -0.030784 0.034525 -0.005449
 -0.073388 0.021771 0.013530 0.061768 -0.059891 0.014022 -0.029328 -0.034658
 -0.054939 0.084447 0.028829 -0.039494 0.022106 0.085589 -0.079567 0.006455
 0.052575 0.022192 -0.072275 -0.009116 0.068146 0.020999 0.050290 -0.020318
 0.008339 -0.065498 -0.017720 0.052313 0.086979 0.094108 -0.029798 0.014888
 -0.090520 0.026259 0.027164 -0.092593 0.053812 0.005516 0.037381 -0.076957
 0.014814 0.056588 -0.090851 -0.073140 0.001038 0.077271 0.091268 -0.098750
 -0.014341 -0.085913 -0.073955 -0.047115 0.068501 -0.031204 -0.069694 0.048375
 -0.083815 0.095104 -0.064884 0.049865 -0.050047 0.038145 -0.048085 0.080281
 0.018161 0.005705 -0.010699 0.048657 0.036135 0.081444 0.044377 0.095626
 0.010254 -0.058349 -0.093846 -0.063771 0.059504 0.033814 -0.064316 -0.035095
 0.066254 -0.000226 -0.045455 -0.030404 0.013382 -0.078303 -0.058426 -0.025861
 -0.065375 -0.056740 0.027884 0.086371 -0.060053 0.076122 0.092576 -0.064818
 -0.095938 0.031690 -0.049751 0.057121 -0.006606 0.097763 0.056943 -0.038253
 -0.039340 -0.073472 -0.073428 -0.070324 0.082614 -0.028018 0.017786 0.068141
 -0.085850 0.081452 0.037854 -0.086246 0.090254 0.024990 0.087671 0.046400
 0.021824 -0.050957 -0.015792 -0.014833 -0.096014 0.028104 -0.072464 0.076233
 -0.014180 0.031279 0.013949 0.023047 0.012462 -0.099153 0.057062 -0.013047
 0.011076 -0.074786 -0.071402 -0.043036 0.036655 0.023434 0.099054 0.058675
 0.040500 0.040701 -0.040153 0.073848 -0.089702 -0.053136 0.092898 -0.023250
 0.064360 -0.075969 -0.024601 -0.029946 -0.017819 0.004283 -0.078981 0.036557
 -0.019224 -0.044447 0.013453 0.018420 0.019444 -0.046707 -0.009639 -0.066348
 -0.094551 0.038077 -0.007002 -0.061542 0.059857 0.077719 -0.066904 0.045803
 -0.026009 0.020975 0.033313 0.078319 -0.095410 -0.075472 -0.094980 -0.045897
 -0.005464 0.078391 -0.064456 -0.095476 0.086204 -0.064514 0.046000 0.081054
 -0.063062 0.052479 0.019456 -0.001852 -0.095989 -0.090146 -0.037508 -0.014058
 0.034274 0.001143 0.027645 0.002507 0.007900 -0.029537 0.088287 -0.069549
 -0.053905 -0.009743 -0.037939 -0.054899 0.078635 0.096746 -0.083534 0.018750
 -0.061946 0.014714 0.026811 -0.031971 -0.077147 0.006122 -0.072258 0.098432
 -0.060430 0.084088 -0.088716 0.003560 0.042553 0.096787 0.067805 -0.062065
 0.022105 0.008259 -0.084022 0.042299 -0.063956 0.067183 0.096745 -0.018158
 -0.017809 -0.043502 0.046763 0.004430 -0.060732 0.020987 0.092977 -0.090194
 0.080992 -0.091267 -0.063651 -0.081524 -0.056076 0.033254 -0.096714 -0.098637
 -0.081133 0.038037 0.012678 0.062774 0.096614 -0.081612 -0.036767 0.029711
 0.005274 0.009670 -0.063043 0.077786 -0.066720 0.029421 0.096664 -0.041200
 0.063592 -0.008972 0.078372 0.042860 -0.024626 0.046741 0.031747 -0.094899
 0.018904 -0.048194 -0.059828 -0.085873 0.058185 0.015729 0.059133 0.010977
 -0.025943 0.078026 0.019506 0.042839 -0.083940 0.050016 0.068381 -0.079585
 -0.086814 -0.023271 0.020411 -0.031682 0.099795 -0.038082 0.004670 0.014513
 0.069972 -0.029554 -0.024967 0.097981 -0.079798 0.009401 0.056615 0.092372
 0.076416 -0.000024 0.088192 -0.033474 0.033576 0.085775 0.063199 0.085145
 -0.065848 -0.046635 0.083449 -0.053077 -0.066411 -0.098635 -0.012527 -0.043642
 0.030437 0.033517 -0.095528 -0.028651 0.039773 0.081237 -0.019626 -0.054894
 -0.007406 0.013353 -0.042663 -0.040936 0.077508 0.018493 -0.088660 -0.096908
 -0.021739 -0.015659 -0.070019 0.085724 -0.055798 0.011468 -0.061355 -0.065994
 0.039490 0.077274 -0.061948 0.008744 0.096259 0.053874 0.020926 0.097792
 -0.031341 0.096846 0.001917 0.046910 0.049662 -0.065210 0.002800 0.012095
 0.031391 0.073237 -0.027648 0.039189 -0.053672 -0.015917 -0.086052 -0.033489
 0.015390 -0.063610 -0.072178 0.070128 0.045667 0.096907 -0.099511 -0.002761
 0.003063 -0.030849 -0.075581 -0.010029 0.051519 0.000201 -0.045598 0.022607
 -0.053797 -0.039177 -0.096426 -0.016248 0.076318 -0.062936 -0.070467 -0.073169
 -0.085882 -0.046452 -0.069772 0.051197 -0.016838 -0.088925 -0.039895 0.086373
 0.020246 0.030485 0.084852 -0.088643 0.017105 -0.083762 0.022080 -0.089246
 0.084009 -0.095450 0.091954 -0.015856 -0.000547 -0.098924 -0.096111 0.013571
 -0.008741 0.021603 -0.098800 0.002869 -0.079043 0.074220 0.028491 0.083832
 -0.065121 0.034232 0.073714 -0.027610 -0.034381 -0.045109 -0.066899 0.061936
 -0.011068 0.077279 -0.014297 0.083114 0.049643 -0.048853 -0.063395 -0.025967
 -0.013056 0.015539 0.082961 -0.045910 0.070250 0.020397 -0.055137 -0.094951
 -0.099460 0.025018 0.039471 0.022923 -0.027415 0.086076 0.034919 0.047945
 -0.013697 0.008916 -0.080399 0.059524 0.071567 -0.005136 0.026864 0.022104
 -0.030092 -0.072083 0.029335 0.084997 0.030254 -0.076893 -0.060410 -0.035287
 -0.091450 -0.008579 -0.015120 0.015025 -0.082639 0.040385 0.009520 -0.008837
 0.059874 0.066243 -0.038382 -0.055904 0.093452 0.080228 0.071057 -0.054983
 0.065692 -0.097142 -0.073735 0.096643 -0.030433 -0.026396 0.023222 0.053768
 0.078165 0.056705 0.066345 0.030150 0.081035 0.067189 -0.044587 -0.002035
 -0.027449 -0.023988 0.048628 -0.041158 0.037258 0.076633 -0.030494 -0.051728
 -0.021797 0.060752 0.011657 0.081064 -0.015690 0.065694 0.063399 0.062505
 -0.077390 -0.043184 0.025918 0.082584 -0.038061 0.040086 0.028819 0.058404
 0.066291 0.032603 -0.081827 0.047343 -0.055384 -0.085609 -0.033191 0.046131
 0.069972 0.008078 0.035580 0.065313 -0.021103 -0.091189 -0.093835 -0.096573
 0.096800 0.084893 0.066183 -0.059973 -0.040426 -0.033927 -0.084533 -0.080738
 -0.012039 0.009839 0.038348 0.051761 0.099525 -0.015055 0.004255 0.035734
 0.023571 -0.051353 -0.061642 0.023251 0.095498 0.085243 0.038886 0.061651
 -0.080964 0.049031 -0.010634 -0.058146 0.067583 -0.004674 -0.060970 0.034583
 -0.013070 -0.040394 -0.092448 -0.019379 -0.046392 0.062315 -0.070913 -0.041949
 -0.072063 0.076441 0.083074 -0.093896 0.029667 0.009433 0.042780 -0.058804
 -0.031990 0.086936 0.006749 0.033309 0.048973 -0.013081 -0.025758 0.034663
 0.018379 0.061396 -0.086335 -0.075960 0.053924 0.020129 0.021092 0.034198
 0.053263 -0.012939 0.051905 -0.009375 -0.005035 0.079906 -0.055480 -0.004480
 -0.001143 -0.094323 -0.090914 0.097218 -0.080282 -0.054578 0.068382 0.097794
 0.009655 -0.055494 0.045462 -0.029491 0.088334 -0.084489 -0.048757 -0.052025
 -0.046525 0.020557 0.059786 -0.030412 -0.072785 -0.030687 -0.012970 -0.072012
 -0.004896 -0.021450 -0.093015 0.006958 0.055329 -0.045730 0.094016 0.086370
 0.064123 0.064129 0.039604 -0.045763 -0.068440 0.060349 0.032739 0.098658
 -0.044492 0.061639 -0.073407 -0.049958 0.026596 0.067620 0.080145 0.058968
 0.099250 -0.092022 -0.061581 0.002026 -0.042676 0.098609 -0.079924 0.036040
 -0.045077 0.068146 0.036843 0.015724 -0.058108 0.087517 0.050585 0.025095
 -0.019583 0.028219 0.023280 -0.071758 -0.085282 -0.062996 -0.081326 0.087569
 0.014471 0.030874 0.080948 -0.036635 0.021819 0.084506 -0.087244 0.065348
 -0.033962 0.094109 0.094017 -0.080247 0.043776 -0.084967 -0.048072 0.097996
 0.003609 -0.077659 0.038590 -0.050803 -0.087774 -0.010755 -0.004781 -0.065224
 -0.030250 -0.088686 0.057134 -0.094959 0.027121 -0.071098 -0.084916 0.003447
 0.010588 -0.081537 -0.098340 0.014527 0.066553 0.088004 -0.084114 0.012258
 -0.088076 -0.087594 0.020395 -0.098551 0.052663 -0.089584 0.049553 -0.060729
 0.027927 -0.062517 0.063896 0.016825 0.088208 0.056042 0.086219 -0.081280
 0.049490 -0.079074 -0.009800 -0.002968 -0.005680 0.039142 0.038159 -0.015481
 -0.015587 0.076478 -0.054940 0.027434 -0.015748 -0.057719 -0.045734 -0.047005
 -0.062643 -0.082813 0.047599 0.069398 -0.081641 0.090612 -0.003479 -0.010436
 0.012028 0.094223 -0.037651 -0.087647 -0.016668 -0.067326 0.085032 0.000517
 0.089559 -0.061292 -0.057912 -0.056553 0.086114 0.043351 -0.051006 0.011356
 0.084274 -0.046937 -0.079084 0.067145 -0.041736 -0.060439 0.065445 0.088163
 -0.002006 0.091479 -0.027240 -0.097098 0.000986 -0.092948 0.012351 0.073252
 0.025133 0.041140 -0.084241 0.067599 -0.057505 -0.097411 -0.089429 0.019071
 -0.012007 -0.069192 -0.096310 -0.005838 0.084202 0.015797 -0.010528 -0.088324
 0.098622 0.056366 0.087041 0.066310 0.061458 0.006254 -0.042252 0.016744
 -0.066687 -0.028549 -0.077593 -0.099948 0.095390 -0.032143 0.074980 0.013299
 -0.060387 -0.064126 -0.045047 -0.014325 0.084127 0.040603 0.084729 -0.049519
 0.001027 -0.054634 0.012820 -0.074983 -0.002311 -0.058472 0.060342 -0.000814
 -0.022097 -0.059516 0.086760 -0.033975 0.081212 0.039340 -0.016894 -0.044678
 0.013367 -0.077571 0.017745 0.046331 -0.053093 -0.030387 -0.038338 -0.036853
 -0.009320 0.086814 0.007056 0.040996 0.075841 0.053449 0.067120 -0.006964
 0.087762 -0.005394 0.017002 -0.016190 -0.020750 0.082691 0.084041 -0.061009
 -0.085998 0.018834 0.015475 0.028432 0.095883 -0.051754 0.004625 0.092521
 -0.082929 -0.068739 -0.030615 -0.062404 -0.051804 -0.002695 0.004624 0.061651
 -0.076515 -0.003432 0.058162 0.019872 0.008728 0.015413 -0.051281 0.045974
 0.093699 0.094326 0.068539 0.058920 -0.003445 -0.063185 -0.083126 0.064038
 -0.095636 0.055854 0.024683 0.081742 -0.091591 -0.016294 0.067691 -0.067559
 0.091408 0.090744 -0.063485 0.033459 -0.015936 -0.081372 -0.082730 0.069539
 -0.095476 -0.011947 0.005305 0.035621 -0.087388 0.026422 0.030538 -0.000462
 0.054341 -0.087287 0.025600 -0.072525 0.038164 -0.084090 0.080317 -0.031498
 0.026242 0.094298 0.000749 -0.075362 0.038114 0.015913 -0.004104 0.047328
 0.018706 -0.051602 0.038120 0.080998 -0.079808 0.027364 -0.093142 0.022314
 -0.008692 -0.041128 -0.086799 -0.009649 -0.059175 -0.014247 -0.067692 -0.081393
 -0.070695 -0.066575 -0.012092 -0.078428 0.032283 0.086189 -0.086402 0.052785
 -0.048902 -0.090177 0.087956 -0.038870 0.097063 0.079665 0.017233 -0.049527
 -0.012894 0.030078 0.083084 0.080654 -0.089353 0.039447 -0.002083 -0.078053
 -0.095529 0.005479 -0.062634 0.055782 -0.056576 0.062984 -0.085778 0.084701
 0.012243 0.050284 -0.047726 -0.093394 0.090991 0.016552 0.051883 -0.048765
 0.063182 -0.079523 -0.032122 0.030686 0.078296 0.044042 -0.071995 0.068356
 0.033124 0.021860 0.084154 -0.003540 0.041290 0.029285 0.071705 -0.061210
 0.049822 -0.070306 -0.045538 -0.030221 0.044146 0.000563 -0.023023 -0.006125
 0.062300 0.051427 0.063701 -0.046259 0.005596 0.016456 -0.076444 -0.076822
 -0.059865 -0.032692 0.083751 -0.056453 -0.031253 -0.017869 -0.004649 0.091151
 -0.041061 0.098212 -0.005145 0.026399 -0.085436 0.044222 -0.032737 -0.001440
 0.002012 -0.029296 0.047544 -0.080053 -0.094894 0.045553 0.030459 -0.070099
 0.028693 0.090107 0.062407 -0.077317 0.063171 0.038114 -0.088606 0.043931
 -0.011739 -0.086697 0.039314 -0.049409 -0.061320 0.056651 -0.063482 0.084633
 -0.074676 0.028116 0.002265 -0.011522 0.089266 0.058867 0.078308 -0.016623
 0.063298 0.052672 0.064193 -0.048064 -0.048164 -0.027890 -0.006212 -0.056203
 -0.041734 -0.038970 0.030634 -0.006745 -0.023264 0.044917 -0.026794 0.023477
 0.084395 0.074789 0.013178 -0.074682 -0.040816 0.049691 0.012202 0.051762
 -0.070110 0.085138 0.058967 -0.085874 -0.066471 0.035471 -0.086819 0.026899
 -0.044196 -0.071713 -0.094858 -0.047871 -0.055133 0.079191 0.095357 0.010508
 -0.006625 -0.036125 0.066817 0.010478 0.047514 0.044660 0.037600 0.072541
 -0.028219 0.062928 0.083039 -0.016051 0.027682 -0.089092 0.049228 0.028059
 -0.089712 -0.093038 0.011360 0.051720 0.038259 0.049921 -0.021855 -0.089387
 0.013405 0.031997 -0.059405 0.005570 -0.069250 -0.092532 0.072992 0.044763
 0.001149 0.046120 0.000854 -0.077133 0.018394 0.012186 -0.076979 0.073269
 0.031177 -0.041477 -0.000355 -0.083865 -0.076386 -0.023396 0.032700 0.090065
 0.003131 0.005559 -0.015780 -0.068407 0.096614 -0.058367 -0.039230 0.063346
 0.045076 0.008768 0.065266 -0.005511 -0.053453 0.056895 -0.057775 -0.070708
 0.011357 0.036207 -0.048843 0.029910 0.061469 -0.075217 -0.068906 0.083101
 0.025367 0.023068 -0.050770 -0.011922 -0.056400 0.014489 -0.014328 -0.006833
 -0.097590 -0.064367 -0.057756 0.073007 0.010913 -0.046723 0.091647 0.019498
 -0.004161 0.039472 -0.084831 0.076561 -0.081715 0.026209 -0.008662 -0.006158
 0.075023 -0.069611 -0.076906 -0.014155 0.069976 0.003777 -0.011685 -0.013745
 0.094162 -0.016200 0.066071 0.029382 -0.060143 -0.038945 0.063919 0.059933
 -0.090627 -0.020296 -0.083931 0.060211 0.053173 -0.002154 -0.090824 -0.057027
 0.068235 0.042409 -0.018958 0.099437 0.090947 -0.067269 0.029384 0.055699
 -0.069066 0.077115 -0.069318 -0.085647 0.037451 -0.069254 -0.019676 0.065155
 0.066936 -0.022436 -0.053440 0.055492 0.052046 -0.054389 -0.080491 -0.008760
 -0.078489 -0.083469 0.084545 0.065857 0.001550 -0.028584 0.039596 -0.086285
 -0.087962 -0.001111 0.019593 0.084860 0.056844 0.027364 -0.088810 -0.093638
 0.061465 0.073300 0.045768 0.038713 0.006727 -0.000854 0.015810 0.033960
 0.053648 0.044791 -0.005033 -0.002056 -0.031498 0.011012 -0.026830 0.004227
 -0.010545 -0.011374 0.039899 -0.025883 -0.039832 0.071837 0.068840 0.013956
 -0.061182 0.056234 -0.071996 0.026847 0.009317 -0.012418 0.042940 0.039623
 0.077248 -0.036941 0.028636 -0.035364 -0.057892 -0.074532 -0.031183 0.018193
 -0.069869 0.065243 0.041003 0.010324 0.098955 0.064361 -0.022046 0.086134
 -0.078255 0.083561 -0.098525 0.081594 0.084362 -0.022451 0.076158 0.047453
 -0.036179 -0.040610 0.002593 0.096293 -0.016600 0.098063 -0.043426 -0.019840
 -0.070352 0.094245 -0.014773 0.094160 -0.067329 -0.010079 -0.067901 -0.082902
 0.016007 -0.016461 -0.037032 -0.044793 -0.045662 -0.073251 -0.037532 0.005566
 0.022460 -0.087524 0.053653 0.023826 0.073527 0.082153 0.099317 -0.025293
 -0.033388 0.035424 -0.082109 -0.089323 -0.069237 0.046946 0.058299 -0.028241
 0.023198 0.073608 -0.091240 -0.071401 -0.035750 0.089472 0.003875 0.028295
 0.032282 -0.023182 0.007431 0.020634 0.033747 0.096561 -0.060878 -0.088450
 -0.013892 -0.036540 -0.000031 -0.032373 0.069603 0.034228 -0.048618 0.008196
 0.007033 0.046393 -0.069985 -0.036397 0.067151 -0.038598 0.079501 -0.007554
 -0.067301 -0.073637 0.069692 -0.037562 0.020093 0.001452 0.039804 -0.031116
 -0.068212 0.030802 -0.050040 0.022767 0.042069 -0.059956 0.074661 0.032812
 -0.042415 0.089239 0.081418 -0.041390 -0.060032 0.078027 0.063382 -0.002666
 -0.089881 0.017197 0.008696 -0.039915 -0.002242 0.067669 0.023675 0.033855
 -0.053745 -0.072489 -0.016124 -0.073839 0.076565 -0.040954 -0.074959 -0.058413
 0.032531 -0.014641 -0.048736 -0.094938 -0.041648 -0.040464 -0.018980 -0.024614
 -0.015359 -0.000897 -0.043555 -0.063444 0.046105 -0.084491 -0.055775 -0.035534
 0.013960 0.014153 0.060184 0.061796 0.061405 0.002584 0.042667 0.013132
 0.039120 0.063265 0.075299 0.043080 0.035234 -0.003896 0.084074 -0.054165
 -0.030934 0.078851 -0.017334 0.000533 0.014884 -0.082046 -0.039334 -0.044428
 -0.005912 0.080059 -0.037813 0.052224 -0.070437 0.031909 -0.083045 -0.023434
 -0.003736 -0.088891 -0.039381 0.092625 0.066770 -0.064801 -0.021200 0.056274
 0.000092 0.021728 -0.094342 -0.085207 0.032511 -0.052724 -0.047364 -0.017700
 0.088004 0.080546 0.028573 -0.099177 0.084340 0.036891 -0.069957 0.008424
 -0.074406 -0.076083 -0.030376 0.026052 -0.060728 0.035236 0.006627 0.010256
 0.094674 0.060711 0.058463 -0.034393 -0.077759 -0.001496 0.068798 -0.026439
 -0.055519 -0.078187 -0.000083 0.002497 -0.086717 -0.068429 -0.020284 -0.064169
 -0.038782 -0.077866 0.094687 0.013111 0.009174 0.099330 -0.079029 0.009588
 0.050666 -0.049029 0.013633 -0.003350 -0.068935 0.072672 0.075663 0.014996
 0.094835 0.079332 -0.058107 -0.069850 -0.085886 -0.053941 -0.068964 -0.091187
 -0.004381 -0.070926 0.023104 -0.049569 0.066907 0.058823 0.066594 0.062567
 -0.039358 0.040269 0.050456 -0.004653 -0.084683 0.085953 -0.086531 -0.039789
 0.062656 0.003922 -0.094668 0.074124 0.080148 0.010662 0.018274 0.024024
 0.005680 0.082328 0.014718 0.044498 0.047215 -0.035005 0.064872 -0.063413
 0.082525 0.027694 -0.073285 -0.061744 -0.033852 0.009340 -0.033733 0.048683
 -0.075049 -0.093205 -0.008661 0.039688 0.023535 -0.009090 -0.051921 -0.090095
 0.009839 0.060421 0.065789 0.026326 0.066541 0.015426 -0.007097 0.054474
 -0.091725 -0.017777 -0.027780 0.084867 0.005918 -0.027732 -0.089163 0.018144
 -0.056668 -0.002477 0.097610 -0.068690 0.097170 -0.091412 0.061402 -0.084886
 -0.055123 0.037391 0.020290 -0.072112 -0.096248 0.089576 -0.070534 -0.023805
 0.029868 -0.048349 -0.053597 0.010721 0.005403 0.099904 0.071516 0.036868
 -0.063548 -0.093431 -0.064932 0.047738 -0.064857 -0.071153 0.062935 -0.065235
 0.011864 -0.082620 0.042336 -0.026637 0.077874 0.097043 0.088669 0.014785
 0.080497 -0.055226 0.048536 0.011388 0.065078 0.044275 0.042408 -0.054690
 -0.007562 -0.010951 -0.051699 0.003046 0.091480 -0.025977 -0.070453 -0.018352
 -0.082597 0.019362 -0.087201 -0.069562 0.004745 0.091080 0.002510 -0.016738
 -0.043660 0.009002 -0.072109 0.085969 0.099614 0.019104 -0.097022 0.044964
 -0.081608 -0.053162 -0.030908 0.062783 0.027798 -0.048278 -0.061782 0.046818
 -0.019385 -0.076844 -0.076900 0.062635 -0.006949 0.039766 0.029593 -0.056968
 -0.083146 -0.043330 -0.066306 0.090655 0.070127 0.097747 -0.043111 -0.011746
 -0.083816 -0.093620 0.016913 -0.096628 0.029545 -0.014805 -0.075989 0.090921
 -0.031875 -0.094056 0.077408 -0.013893 -0.055720 -0.057128 -0.025283 -0.096502
 0.020290 -0.068867 -0.059678 -0.033825 0.046002 -0.060121 -0.035521 0.091412
 0.079687 -0.012419 0.042159 0.095682 0.095437 -0.065123 -0.088464 -0.024254
 0.010589 0.064878 0.079601 -0.094748 -0.075124 0.064926 0.085085 -0.079415
 0.038950 0.094935 -0.009503 -0.031340 -0.068995 0.076744 -0.023355 0.084248
 -0.049720 -0.033604 -0.003052 0.021839 -0.099056 -0.035140 0.088515 -0.054836
 0.060037 -0.036692 0.088506 -0.046042 0.070993 0.098978 -0.017812 0.090804
 0.021704 -0.064719 -0.058355 0.029605 0.062237 0.087337 0.081909 0.098206
 -0.001466 -0.041121 0.070416 0.062104 -0.095510 0.061241 -0.043740 -0.096862
 -0.088300 0.069477 -0.012199 0.001494 -0.036315 -0.097076 0.081066 -0.085885
 0.029891 0.030817 0.057985 0.025710 0.019442 -0.084747 -0.021161 0.085506
 -0.063124 -0.047836 0.006299 0.089404 -0.024304 0.064146 0.019875 0.084151
 0.099855 -0.097109 0.096479 -0.067629 0.056825 -0.033714 0.002725 0.088791
 -0.096575 0.019200 0.005463 -0.057288 0.038773 0.053317 -0.085223 -0.014192
 0.008080 -0.027062 0.079195 -0.091545 -0.079846 0.011426 -0.053372 -0.032459
 0.014616 -0.077458 0.071005 -0.054851 -0.026685 -0.042117 0.086926 -0.095624
 -0.073453 0.017218 0.001727 0.090598 0.070765 0.021526 -0.087871 0.060218
 -0.017996 -0.092153 -0.070905 -0.089264 0.051317 0.031128 -0.054709 -0.082330
 -0.071271 0.071560 -0.085768 0.000516 -0.029837 -0.035117 -0.065008 0.028970
 0.009994 0.093925 -0.006418 -0.062164 0.085033 0.044746 -0.041160 0.021926
 0.096246 -0.051881 -0.078689 -0.012893 0.074061 -0.080846 -0.007770 0.073600
 0.089195 0.098002 0.078307 0.023095 0.032175 -0.096214 -0.054289 -0.037416
 -0.051588 -0.039539 -0.003884 0.082911 -0.098130 -0.088393 0.074192 0.077481
 -0.077534 0.037809 0.098023 0.013595 -0.009545 -0.082095 -0.010487 -0.034538
 0.094011 -0.059464 -0.006939 0.007452 0.042951 0.019350 -0.041708 0.065417
 0.023102 0.099435 0.046194 -0.085520 0.061027 -0.019312 -0.033095 0.028193
 -0.042569 0.017565 -0.024630 -0.068290 -0.081223 0.061082 0.066645 0.045535
 -0.000439 -0.015095 -0.047438 -0.049697 -0.082835 -0.036842 0.015051 -0.072303
 -0.058772 0.007639 0.032943 -0.027990 0.069263 0.035917 -0.010736 0.092192
 -0.096243 0.036117 -0.021716 -0.049480 -0.070351 0.040398 0.010979 -0.017402
 0.018519 -0.072717 0.051438 -0.093556 -0.080503 -0.030477 -0.033162 0.004495
 0.050989 -0.067967 0.001506 -0.058360 0.074711 -0.078017 -0.085497 -0.009498
 0.016322 0.087628 -0.096636 0.027077 -0.000630 -0.065735 -0.099662 -0.092872
 -0.081019 -0.020712 0.071277 -0.044189 -0.090657 -0.057121 0.056756 0.032925
 0.071570 -0.035919 -0.044245 -0.016147 0.034474 0.052157 -0.027516 -0.070973
 -0.031359 -0.066814 0.094739 0.033702 0.018691 -0.026425 0.097635 0.055830
 0.076896 -0.077522 0.011845 -0.037573 -0.014094 0.062832 -0.084708 0.098285
 0.049705 0.008495 -0.001200 -0.073339 -0.071549 -0.017245 0.096125 -0.046482
 0.005996 -0.036077 0.064387 0.024714 0.081464 0.028509 0.083540 0.068228
 -0.004176 -0.054222 -0.096536 0.035810 -0.043894 0.092187 -0.058306 0.077654
 -0.035452 0.023297 -0.050826 -0.003909 0.094352 0.084079 0.027695 -0.064999
 -0.024096 -0.031233 0.064544 0.041386 -0.096998 0.076679 0.090066 -0.015949
 -0.052175 -0.029180 0.056950 -0.090837 -0.026037 0.034682 0.045814 0.021141
 -0.012698 -0.022975 0.041625 0.035151 -0.074861 -0.061961 -0.073332 0.066354
 0.037518 0.060408 0.075203 -0.075248 -0.055628 0.071956 0.029137 0.098515
 -0.058326 0.096979 -0.083392 -0.091660 -0.020771 -0.072402 0.015124 0.024658
 0.027289 0.044449 -0.082325 -0.072822 0.072162 0.011267 0.053418 0.083718
 -0.043832 -0.019132 0.097524 0.028616 -0.077014 -0.095237 0.046884 -0.083929
 0.018280 -0.008930 -0.042732 -0.040520 -0.037310 0.013886 -0.044573 0.078583
 -0.041420 -0.042778 0.083163 0.047643 -0.082099 -0.044530 -0.028876 -0.094657
 -0.097550 -0.010526 0.042038 -0.054525 0.081795 0.094024 0.008255 0.033036
 -0.017322 -0.030370 0.075956 0.021351 -0.037796 0.003985 -0.040027 -0.008178
 0.018005 -0.070054 -0.064782 -0.010545 -0.019140 -0.042172 -0.061523 0.089570
 -0.055691 0.047026 -0.080030 0.064529 0.064035 0.026256 0.028878 0.057054
 0.079674 -0.077149 -0.088843 0.059082 0.063166 0.080670 -0.094153 -0.089342
 -0.038973 -0.084313 0.099038 -0.018376 -0.057936 0.036449 0.021667 -0.032707
 0.092981 -0.076128 -0.006524 0.060341 0.038629 -0.032884 0.083818 0.035117
 -0.076373 -0.031959 0.004496 0.075346 0.014009 -0.084123 -0.037799 -0.027672
 0.003600 -0.020857 -0.027006 -0.077488 0.037815 0.090062 -0.013673 0.069636
 0.033217 0.017264 0.002760 -0.017521 -0.055483 -0.079458 -0.096386 0.064977
 -0.039024 -0.024213 0.079866 0.088446 0.027723 0.029085 -0.096252 0.030581
 -0.056279 -0.020095 0.066031 0.005509 -0.074656 -0.025099 -0.020755 -0.014032
 0.010940 -0.060285 -0.088081 0.030309 0.052862 0.085260 -0.060971 -0.062375
 0.041812 0.088738 -0.053757 0.091360 0.092238 -0.087480 -0.031674 -0.044496
 0.040747 0.076366 -0.003545 0.046054 -0.078522 -0.068629 -0.022770 0.054425
 0.079604 0.086898 0.047874 -0.005088 -0.075287 -0.017833 -0.091346 -0.083314
 0.081795 -0.092910 -0.076089 -0.049042 0.027261 -0.078279 0.099545 -0.001604
 -0.022272 0.005782 0.066047 0.032496 0.000000 0.028062 -0.049159 0.047461
 0.025527 0.063156 -0.076667 -0.089458 0.037654 0.023158 -0.063561 0.092463
 -0.021227 0.049146 -0.033528 0.050751 -0.012729 -0.012948 0.029967 -0.008038
 -0.007714 -0.007986 -0.092566 0.084085 0.073658 0.075799 0.076466 -0.006360
 0.095316 0.076734 0.073801 -0.004650 0.017211 0.039511 0.098852 0.080429
 0.051434 0.084210 -0.093351 -0.035642 -0.086691 -0.058514 -0.016886 -0.089986
 0.011337 0.047289 -0.063132 0.099215 0.031337 -0.085446 0.093000 0.070571
 -0.060971 0.034531 0.060552 0.063952 -0.094378 -0.008585 0.028789 0.039759
 0.016000 -0.022708 0.081076 -0.065239 -0.049734 0.010214 -0.031866 0.077540
 -0.055589 -0.017045 -0.014225 -0.017445 -0.014501 -0.077410 0.076382 0.048693
 -0.011007 -0.062826 0.072175 -0.047145 -0.028783 0.017300 0.075136 0.090015
 0.085635 0.012883 0.054752 0.010305 0.025126 -0.033559 -0.009920 -0.013777
 -0.077186 -0.079689 0.030591 -0.057280 -0.018063 0.003871 0.029113 -0.038961
 -0.015370 0.071669 0.007708 -0.028642 -0.080130 -0.061000 0.054238 0.064227
 -0.006191 0.020442 -0.083131 0.041615 0.099869 0.034062 0.037206 -0.067373
 0.084169 0.005740 0.098659 0.005943 0.066659 0.062686 -0.068453 -0.072731
 -0.054990 -0.058936 0.087756 0.080382 -0.027171 0.076791 0.052425 -0.062384
 -0.072035 -0.034751 0.040682 0.098252 -0.000713 0.030098 0.065755 0.009794
 -0.006148 0.051743 -0.056470 -0.048405 -0.083297 0.060384 0.077837 -0.098114
 -0.054530 -0.022443 -0.079823 -0.010533 0.029946 -0.080658 -0.028204 -0.023274
 0.059710 0.003973 0.086288 0.052956 0.049988 -0.058438 -0.018062 0.087503
 -0.064665 0.088676 0.059164 0.070025 -0.023111 -0.085447 0.098599 0.028058
 -0.072011 0.074634 -0.062723 0.084724 0.018065 0.065122 0.097562 0.049001
 0.022478 0.088279 0.092082 0.021266 -0.013430 0.043675 -0.004179 -0.069679
 0.005919 0.074527 -0.097610 -0.065646 -0.065397 0.052524 0.083133 0.035784
 0.082916 -0.063973 0.019232 -0.006619 -0.072684 0.063882 0.017040 -0.096081
 0.082215 -0.055788 0.011464 0.088638 0.047462 -0.019878 0.065442 -0.056656
 -0.056467 0.007588 -0.097605 -0.040582 0.046513 0.070983 -0.012364 0.093847
 0.082724 0.008109 -0.090760 0.071953 0.001600 0.033718 -0.023012 0.021967
 -0.081799 -0.060818 0.058301 -0.051459 -0.065544 0.040276 0.049668 -0.067238
 0.071358 -0.033406 -0.060604 0.093633 0.022465 -0.064537 0.054138 -0.008518
 0.038163 0.095867 0.083782 0.037061 0.029015 -0.021815 0.015203 0.087275
 0.053706 0.018189 -0.056114 0.096163 -0.044196 -0.062112 0.092632 -0.041000
 0.026257 0.050083 0.053387 -0.043387 0.033451 -0.031797 -0.094517 -0.045537
 -0.095253 -0.086811 -0.008445 0.005871 0.085488 0.021704 -0.079490 0.051266
 -0.094546 -0.016551 0.006701 0.038565 -0.025785 0.096147 0.077256 0.070725
 0.066224 0.036152 -0.091065 0.080781 0.043928 -0.061426 0.045494 -0.024102
 0.059744 0.024009 -0.076815 -0.070918 0.033934 0.017702 0.004714 0.068891
 0.036762 -0.014539 -0.086180 0.018947 0.045047 -0.023470 0.012077 0.094918
 -0.035682 -0.089022 0.042076 -0.067866 0.026427 -0.048999 -0.030400 -0.005540
 0.011998 -0.098738 0.015061 -0.031168 -0.066449 -0.007583 0.095289 -0.070664
 -0.003390 -0.081139 0.076740 -0.052208 0.055019 -0.093510 0.029891 0.062447
 -0.087718 0.006505 0.029180 0.073102 0.072227 0.093030 0.063307 0.061251
 0.012351 -0.090660 0.018332 -0.094754 0.097574 0.074740 -0.049452 0.006430
 0.062435 0.008514 -0.037826 0.094204 0.090992 -0.039550 0.017603 0.053539
 0.039317 0.065730 -0.019446 -0.086025 0.074837 0.008401 -0.036667 0.063746
 -0.086814 -0.047506 -0.084702 0.069385 0.069591 0.018389 0.035836 -0.029700
 -0.076600 -0.047942 0.050494 -0.061396 0.008793 0.033131 0.030199 -0.094610
 -0.065202 0.046633 0.049592 0.000775 -0.058688 0.041315 0.062135 0.072833
 0.067246 -0.049351 -0.014919 0.092936 -0.090038 0.030731 0.004203 -0.029141
 0.081420 0.052298 -0.062084 0.073380 -0.001545 0.019299 0.062933 0.011154
 -0.075044 0.017896 -0.038606 -0.059105 0.092583 0.033176 0.072801 0.043453
 -0.085550 0.002178 -0.073314 0.051139 -0.032654 -0.070178 0.010930 0.017756
 0.054265 0.032834 -0.018977 -0.064007 -0.085043 -0.059072 0.009288 -0.095984
 0.031278 -0.047211 0.030007 -0.047418 -0.052855 0.016735 -0.076268 0.050616
 0.085414 0.005324 -0.017638 0.060710 -0.036547 -0.035295 -0.028937 -0.069520
 0.094391 0.025942 0.067624 0.056613 -0.015593 0.034167 -0.000323 0.058017
 0.011121 0.027559 0.004740 -0.017364 -0.004340 -0.009478 0.024848 -0.033966
 -0.022450 -0.006470 -0.049278 -0.065181 0.056436 0.071379 0.035288 -0.011454
 -0.057210 -0.052136 0.044070 -0.076033 0.018808 0.059422 0.085320 0.092490
 0.080237 0.041647 -0.044320 0.018975 -0.030370 0.005820 -0.086989 -0.043786
 0.051653 -0.015176 -0.077019 -0.025866 0.013623 0.077891 -0.068758 -0.029719
 0.007183 -0.090974 -0.085528 0.014125 0.098723 0.022481 0.092573 0.025914
 0.012380 -0.084401 0.021757 0.088943 0.012567 -0.065382 0.028788 0.059432
 -0.028895 -0.095101 -0.063635 0.027705 -0.071295 -0.086170 0.024823 -0.007790
 -0.024450 0.056582 0.039163 -0.030648 -0.072973 -0.007032 0.037953 0.065575
 -0.083982 0.049013 -0.057894 -0.071411 0.016842 -0.031350 -0.081243 -0.071077
 0.093246 0.058158 -0.007554 0.028601 -0.098518 -0.010910 -0.075136 0.008224
 0.050552 0.014190 0.074671 -0.021257 0.017940 0.003586 -0.066049 0.093895
 -0.090023 0.023529 -0.046390 -0.024416 -0.081081 -0.092513 0.029429 0.077011
 -0.061353 -0.071592 0.088448 0.084410 0.000419 0.043653 -0.060876 0.051278
 -0.028070 0.056196 -0.002651 0.077678 -0.095482 0.036656 0.055517 0.017130
 0.046870 0.081767 0.074606 -0.068814 0.042376 -0.044978 0.018910 -0.058930
 0.028124 -0.080537 0.062311 -0.050501 0.092849 -0.043430 0.086793 -0.008920
 0.032807 -0.098760 -0.072024 -0.004059 -0.084408 0.009916 -0.060500 0.091556
 -0.029571 -0.091089 0.079208 -0.017630 0.045997 -0.029811 0.097408 0.055312
 -0.089025 0.029214 -0.073896 -0.031388 0.098123 0.005587 -0.014700 -0.083698
 0.052392 -0.034635 0.015821 -0.020928 -0.023668 0.074231 -0.082626 -0.053113
 -0.018982 0.023426 -0.070298 0.032387 0.011039 0.023283 -0.041080 0.044049
 0.053943 -0.056142 0.012141 0.051151 -0.049580 -0.096675 -0.041404 0.012812
 0.021250 0.088719 0.027699 -0.093525 -0.029115 0.039010 0.029097 -0.003044
 -0.011115 -0.007030 -0.064456 0.097994 -0.064823 0.009351 -0.042911 0.055937
 0.007501 -0.072598 -0.011240 0.030047 0.076928 0.012217 -0.075207 -0.093831
 0.098920 0.079288 -0.065116 -0.079266 -0.009348 0.092820 -0.056133 0.094494
 0.033722 -0.071993 0.064719 0.086820 -0.046939 0.055697 -0.014820 0.069767
 -0.013419 0.096421 -0.001553 0.018445 0.052653 0.082148 -0.007072 -0.024918
 0.018256 -0.004306 -0.088220 0.060015 -0.002020 0.052887 -0.039139 -0.078541
 -0.047039 -0.072506 -0.042618 0.052298 -0.023161 -0.057326 -0.018549 0.035838
 0.094027 0.063622 0.029037 0.014031 -0.028882 -0.071142 -0.075393 0.001282
 0.016810 -0.087515 -0.072657 0.056593 0.057365 0.048869 0.089651 0.081881
 0.075328 0.005657 0.014901 0.072031 -0.047031 -0.085183 0.078155 -0.052554
 0.036454 -0.096739 -0.023391 0.093042 -0.077705 -0.082361 0.032975 -0.004072
 0.072452 0.062092 0.034560 0.061147 0.044695 -0.041883 -0.005750 0.058513
 0.018900 0.000775 -0.079418 -0.071278 0.003882 -0.054555 0.023647 0.024585
 0.037063 0.084900 -0.014112 -0.008555 -0.086308 0.025062 -0.086085 0.026554
 0.015339 -0.060347 -0.099551 -0.061034 0.097992 -0.080671 0.063820 0.065580
 0.046489 0.097578 0.011798 -0.034983 -0.076828 0.034486 -0.081855 0.023340
 0.011939 -0.060371 0.029646 -0.080699 -0.002966 -0.015407 0.094781 -0.043648
 -0.025326 -0.050828 0.085125 -0.074279 -0.088805 0.095306 0.067575 -0.005803
 -0.029808 0.005334 -0.086444 0.009283 0.089226 -0.039344 0.099275 0.073426
 -0.079030 0.096440 -0.080078 0.018399 -0.071512 -0.085718 0.063175 -0.076428
 -0.093729 -0.019666 -0.058266 0.084145 -0.084903 -0.043477 -0.090188 -0.095634
 0.031571 0.042216 0.053784 -0.033828 0.081717 -0.043316 0.062658 -0.005144
 -0.072395 0.079967 0.062633 -0.008635 0.031225 -0.038016 0.098526 -0.006994
 0.039821 0.047940 0.005096 -0.029455 -0.048156 0.054325 -0.083438 0.024026
 -0.034962 0.005026 -0.015406 0.007899 -0.050115 -0.033573 0.016058 -0.025955
 -0.048781 -0.052543 -0.032156 -0.008039 -0.047196 0.036767 0.066453 0.092241
 -0.070144 -0.017725 0.048993 -0.078712 0.008645 0.078721 0.096815 0.050881
 -0.042046 0.082528 -0.017944 -0.021886 -0.049746 0.007740 0.052095 0.007511
 0.079288 -0.004195 0.041568 -0.073779 -0.039451 -0.091449 -0.097550 -0.004795
 0.008598 0.089707 -0.088944 -0.053264 0.029426 0.018731 -0.050103 -0.019291
 0.051441 0.086391 0.038857 -0.051978 -0.001315 0.029752 0.002272 -0.018903
 -0.019539 0.032586 -0.091463 -0.089760 -0.089468 -0.064612 0.068471 0.001974
 0.018184 -0.029404 -0.069783 -0.095371 -0.032260 -0.070445 0.029067 -0.042658
 -0.038115 -0.037963 0.050670 0.087015 -0.039334 -0.092767 -0.031998 -0.013662
 0.021866 0.047068 -0.023684 0.018423 0.073119 0.053808 0.026767 0.081638
 -0.097236 0.086786 -0.086778 0.043931 -0.063808 -0.005906 -0.062649 0.038974
 -0.019569 0.099593 -0.032194 0.076300 -0.002338 0.087166 0.065908 0.097888
 -0.021004 0.078757 -0.079527 -0.096074 -0.000783 0.041954 0.066994 -0.041917
 0.063636 0.059380 0.044038 0.021852 -0.017188 -0.047876 0.055933 0.074242
 -0.070717 -0.007248 0.098194 0.011047 0.062533 0.085392 0.050882 0.005926
 0.074182 -0.000378 -0.087389 -0.095591 0.047529 0.024089 0.021023 0.012619
 0.040531 -0.078237 -0.051487 0.037814 0.035021 -0.076231 0.080843 -0.004793
 0.067376 -0.045904 -0.074333 0.079442 -0.026261 0.091678 0.093281 0.080308
 -0.054746 -0.069299 0.007733 0.089628 0.054199 -0.018159 -0.017321 0.049897
 0.065467 -0.028473 0.049615 -0.003944 0.094076 0.055684 0.037492 0.082745
 -0.001905 -0.089059 -0.049556 -0.052406 0.084029 -0.008717 -0.009968 -0.011402
 0.010310 0.087434 -0.030573 0.026047 -0.079531 -0.063634 0.050397 0.042498
 0.004593 0.026704 -0.028561 0.019299 -0.064481 0.090670 -0.063824 0.021736
 0.042214 0.009372 -0.055103 0.066616 0.007264 -0.076433 0.083679 0.055757
 -0.024518 0.066368 0.009135 0.017443 0.026103 -0.058702 0.083832 0.052596
 0.016205 0.010705 -0.064341 0.092381 0.059548 0.012005 0.081492 0.054525
 0.054972 0.057602 -0.048592 -0.082519 0.008386 0.060504 -0.057587 0.005182
 -0.042364 0.053535 -0.090448 -0.074138 0.023041 0.009681 -0.061026 -0.013529
 0.090616 -0.030581 0.004346 -0.083168 0.097407 0.054993 0.007228 -0.046405
 0.041214 0.073794 -0.003892 0.051024 0.060366 -0.032662 -0.083053 -0.084722
 0.054960 -0.077030 -0.047146 0.064154 -0.023953 0.068512 -0.044776 -0.038264
 -0.080461 -0.072054 -0.053629 -0.082950 0.013438 -0.047300 0.080609 -0.085823
 -0.031892 -0.034133 -0.071392 0.053670 0.050226 -0.016333 0.087533 -0.052378
 -0.041613 -0.083046 -0.044573 -0.045170 0.094033 0.093304 -0.051301 0.083196
 -0.050692 -0.026369 -0.064740 0.034342 0.099896 -0.091431 0.007093 0.079686
 -0.053780 -0.071446 0.070137 -0.066575 0.047691 0.003530 0.083002 -0.079027
 -0.064442 0.004074 0.040639 -0.059270 -0.076410 -0.016588 -0.064671 -0.072268
 -0.013543 -0.005101 -0.008717 -0.099679 -0.095508 0.017282 -0.046791 0.083929
 0.052615 -0.061436 0.078266 -0.043742 -0.021473 0.002159 -0.010754 0.041188
 0.089647 -0.026263 0.034701 0.068356 -0.020997 -0.013363 0.049624 -0.039540
 -0.031893 0.057369 0.082457 -0.079470 -0.046018 -0.050026 -0.034783 0.026463
 0.063636 0.032200 0.036916 -0.078349 -0.020285 0.078442 0.000750 -0.054867
 0.012570 0.053645 0.076329 -0.064643 0.063460 -0.060507 0.032605 0.037057
 0.045286 0.044001 -0.023975 -0.087048 -0.047123 -0.080632 -0.046746 -0.006295
 -0.027863 -0.032306 -0.047398 0.057800 -0.046576 0.004202 -0.010264 -0.088503
 -0.070537 -0.034303 0.028264 -0.085822 0.036481 -0.097496 0.064448 0.016496
 0.089374 -0.041800 0.017592 -0.017728 0.086575 -0.087718 -0.081156 -0.035355
 -0.073498 -0.087796 -0.012383 -0.033295 -0.038522 -0.076682 -0.011022 0.059185
 -0.031605 -0.023068 0.007875 -0.076652 0.092870 -0.032341 -0.045739 0.082039
 -0.030488 -0.058077 -0.043356 0.019546 -0.073717 -0.084638 -0.098017 -0.073012
 0.055481 0.044703 0.042812 0.004259 0.049282 -0.042437 0.083315 -0.002984
 -0.046535 -0.037168 -0.077702 0.024055 0.056118 0.010042 0.053152 0.065338
 -0.095099 0.009447 0.013039 0.023278 -0.079057 -0.011634 -0.005897 -0.041683
 -0.068892 -0.081128 -0.089611 -0.098200 0.053734 0.036941 -0.034474 -0.007392
 -0.078926 0.090713 0.099362 -0.006745 0.008791 0.054752 0.060580 -0.069244
 0.026853 0.084548 -0.036976 -0.090296 -0.088073 -0.024379 0.086751 -0.020336
 -0.078228 0.046180 -0.065688 0.020625 -0.069687 0.011260 -0.063892 0.046174
 -0.083330 0.080562 0.083091 0.066654 -0.085256 0.086586 0.038216 -0.095179
 0.060652 -0.086015 -0.046819 0.062295 -0.002244 -0.057964 -0.039678 0.028686
 0.097917 -0.074438 0.090948 0.078112 0.006512 -0.082133 0.017491 -0.049029
 -0.052546 0.068244 -0.084980 -0.098995 0.035183 -0.016690 -0.000702 -0.070841
 0.006179 -0.050784 -0.072094 0.015470 0.075841 0.082694 -0.069876 -0.091636
 0.020381 -0.022341 -0.077244 0.000394 -0.005351 -0.063903 0.062461 0.025749
 -0.086430 0.043222 -0.083431 0.018701 -0.053903 -0.025815 0.030675 -0.084517
 0.083887 0.061049 -0.033020 -0.069290 0.078449 -0.006444 0.017696 0.006138
 0.083655 -0.000307 0.031044 -0.008677 -0.096942 0.014011 0.047142 0.051427
 0.062645 -0.091306 0.036134 0.034070 -0.031772 -0.086806 0.046885 -0.094854
 0.065178 -0.043512 -0.085383 -0.010991 -0.014593 0.096330 -0.064206 -0.040239
 -0.031780 0.046063 -0.046500 0.082388 -0.015322 -0.093269 -0.020350 0.083698
 0.087467 0.057342 -0.050022 0.051111 0.041403 0.091769 0.087169 -0.092872
 -0.013832 0.009836 0.059130 -0.050285 -0.097614 0.060535 0.012239 0.053179
 -0.019978 0.060650 0.083155 0.028120 0.087921 -0.077481 0.009283 0.002488
 0.043070 0.063290 -0.092271 0.025838 0.013223 0.061128 -0.011137 0.030896
 -0.007703 -0.082367 0.092692 0.041725 -0.041213 -0.055861 -0.026646 -0.075566
 -0.028472 0.000544 0.082783 0.093257 0.089233 -0.062615 0.017259 0.015313
 -0.074204 -0.059815 -0.034699 -0.084334 0.074403 0.089883 0.078716 -0.010685
 0.069378 0.024035 -0.043627 0.044036 -0.063552 0.025448 -0.082685 -0.070564
 -0.027886 -0.010914 -0.079330 -0.077656 0.074152 0.023644 0.023601 -0.087445
 0.002617 0.090858 -0.018922 -0.048549 0.043298 0.029030 -0.060530 -0.083602
 0.015745 -0.058850 0.094444 0.071527 -0.018293 -0.080017 -0.022339 0.056870
 0.098267 -0.034745 0.026842 0.010129 -0.004462 0.007901 -0.015064 0.061467
 0.070853 0.010495 0.053920 0.078682 -0.020924 0.010974 0.085709 0.081108
 0.067407 0.038248 0.009070 0.010170 -0.030804 -0.094577 -0.063109 -0.047734
 0.090183 0.093510 0.029343 -0.012118 0.012193 0.043446 0.027720 -0.053184
 -0.059041 0.050911 0.020740 -0.011984 -0.073937 -0.034208 0.025284 -0.071145
 0.080548 -0.051152 -0.043036 -0.066259 -0.023348 0.061383 0.096232 -0.011131
 0.058348 -0.001278 -0.018831 0.008552 -0.027545 -0.092500 -0.034047 0.093512
 -0.021012 0.074871 -0.076014 -0.076578 0.085350 0.041623 -0.027213 -0.087370
 -0.037268 -0.066267 0.058147 0.001560 -0.039112 -0.085954 -0.051120 0.008269
 -0.089082 0.005478 0.030053 0.080457 -0.059426 0.022139 -0.042884 -0.077548
 0.051445 0.095337 -0.064722 0.061711 0.009368 0.001765 -0.070366 -0.077486
 -0.039201 -0.019865 0.099208 -0.055225 -0.064220 0.021245 -0.004401 0.031225
 -0.092756 0.085573 -0.046975 0.091301 0.064162 -0.085129 -0.039953 0.016727
 -0.009490 0.096799 0.070593 0.055223 0.004549 -0.027882 -0.054920 0.072215
 0.032202 0.047842 -0.013251 0.067351 -0.093356 0.005923 -0.079347 0.013046
 0.046599 -0.092017 -0.038524 0.021949 0.084828 -0.044866 -0.049194 0.003606
 0.013240 0.051780 0.077006 0.062989 0.043098 -0.018498 -0.010828 0.015694
 -0.060344 -0.030478 0.020042 0.093418 0.068028 0.085940 -0.087630 -0.065475
 -0.083153 -0.037180 0.025552 -0.040319 0.090547 0.063601 0.026318 -0.087286
 0.068647 0.060487 0.090882 -0.097455 0.069788 -0.068590 -0.060392 -0.075245
 -0.091898 -0.023603 0.085844 0.073449 -0.082001 -0.015340 0.013672 -0.011923
 -0.006635 -0.074235 -0.054830 0.044428 -0.042836 -0.005520 0.028526 -0.012256
 -0.083613 0.012632 0.088696 -0.062668 0.077323 0.036935 0.006694 0.090310
 -0.077383 0.065482 0.079235 0.031512 -0.030339 0.044448 -0.075259 -0.092213
 -0.082595 -0.093435 0.067042 0.091996 0.003680 0.066646 0.034538 -0.034264
 0.041474 -0.031213 -0.083383 -0.018537 -0.021746 0.042864 0.030825 -0.027885
 -0.002704 0.019953 0.032470 -0.016725 0.013738 -0.011095 -0.005264 0.001838
 -0.059202 -0.042727 -0.043216 -0.095459 0.052077 0.023292 0.078170 -0.075557
 0.033929 0.043779 0.036468 0.034298 0.008520 -0.025978 -0.096508 -0.044212
 0.006406 -0.026795 -0.058371 0.011553 0.074011 -0.053722 -0.012292 0.098978
 0.062399 -0.026987 0.025385 0.084060 -0.061605 -0.083007 0.069677 -0.005133
 -0.051641 -0.076575 -0.060684 0.022734 0.038843 -0.058867 -0.067814 -0.010504
 -0.081028 -0.096765 -0.001501 -0.032930 0.004936 0.098446 -0.057232 0.020002
 -0.094511 0.007565 -0.030419 -0.065458 -0.024016 0.093832 -0.079590 -0.090466
 0.003477 -0.001261 -0.022183 -0.043085 -0.041837 0.030566 -0.083206 -0.076167
 0.001173 0.061238 -0.047823 -0.071157 0.020516 -0.028016 0.036663 -0.021241
 -0.060702 -0.012005 0.098175 0.050085 0.064849 0.096510 -0.091232 -0.083225
 0.050476 -0.086039 -0.059804 -0.033547 -0.018082 0.096107 -0.072907 0.070424
 -0.041560 -0.034089 0.069867 0.019299 0.042278 0.001245 0.031925 0.079559
 0.066424 0.040551 0.057015 -0.061850 -0.065446 0.030337 0.095679 0.025718
 -0.082978 0.091488 -0.062013 0.039118 -0.000392 -0.010624 0.022516 -0.067525
 -0.091581 0.023011 -0.037205 0.029896 0.078368 0.092382 -0.031410 -0.015840
 -0.040216 0.054730 0.075833 -0.046118 -0.060103 -0.002512 0.001435 0.003033
 0.028074 0.094151 -0.027429 0.051651 0.009025 -0.076869 0.012810 0.066278
 -0.081757 -0.056534 0.047771 -0.066600 0.045724 0.002022 -0.007045 -0.036342
 -0.056910 0.086629 -0.058467 0.016501 -0.084082 -0.015388 -0.053629 -0.066172
 0.015188 -0.022132 0.083707 0.057145 -0.098787 0.040696 0.026824 0.007624
 -0.057523 -0.017746 0.071477 0.026807 -0.072359 -0.050804 -0.071605 0.094930
 0.038940 -0.056668 -0.046799 0.026135 -0.033545 0.043835 0.017723 -0.059606
 0.033374 0.068999 -0.027419 0.065499 0.005483 0.079114 0.017319 0.062255
 0.040533 -0.091208 -0.097958 -0.095249 0.008582 0.065529 -0.012196 -0.005601
 0.034850 0.077879 -0.072236 0.081772 -0.039922 -0.048611 -0.034429 -0.026704
 -0.067444 0.002634 -0.050667 -0.061867 -0.097184 0.016600 -0.010113 -0.075957
 -0.075398 -0.075322 0.026863 -0.081744 -0.012082 0.089770 -0.048339 -0.054461
 0.087105 -0.013358 0.065017 0.008818 -0.027555 -0.036335 -0.004947 -0.007185
 0.003986 -0.047951 -0.071272 0.094482 0.045176 -0.098226 0.047304 -0.059071
 0.079018 -0.045891 -0.066279 -0.091307 -0.078142 0.080700 0.004196 0.009906
 -0.032470 -0.008759 -0.081426 -0.055431 0.096339 -0.017319 -0.070790 -0.004160
 0.045559 0.062287 -0.016043 0.019022 0.057518 -0.026588 0.025922 0.009732
 -0.045217 0.054374 -0.064999 -0.033320 0.099428 0.011373 -0.007367 -0.079760
 -0.005678 0.086603 -0.025241 -0.084978 0.073653 -0.095798 -0.066452 -0.033550
 0.099269 -0.040123 0.026899 -0.056012 0.055922 0.010625 0.072445 -0.098868
 -0.020110 -0.052775 -0.043375 -0.001375 -0.073619 0.033059 -0.083716 -0.081939
 0.096968 -0.090497 0.076520 0.002455 -0.068073 0.040888 0.041131 0.056642
 -0.099170 0.044672 0.051790 -0.080650 0.044628 0.036635 -0.018337 0.071492
 0.052700 -0.092208 -0.050390 0.095600 0.010220 0.042574 0.067151 0.004397
 0.061536 -0.075938 -0.090503 0.049473 0.099788 0.092384 -0.094276 0.074115
 -0.097817 -0.070190 0.017532 0.037364 0.080157 0.053842 0.008873 0.066084
 -0.037470 0.077818 -0.066609 0.047981 -0.000129 -0.060658 -0.083185 0.053379
 0.045721 -0.079135 -0.057637 -0.074764 -0.037163 0.054478 -0.076339 -0.091156
 0.023826 0.093866 0.039875 0.084337 0.011195 -0.004069 -0.039564 -0.013162
 -0.059365 0.039313 0.014197 -0.033153 0.059504 -0.008956 -0.011961 -0.051686
 -0.057903 0.053874 0.034858 0.005346 -0.035478 -0.037578 -0.032161 -0.008324
 -0.064197 -0.063064 -0.054843 0.071626 0.020784 0.084909 0.010255 -0.078065
 -0.044716 -0.033367 0.082681 0.077296 0.049690 -0.043729 -0.092538 -0.037706
 0.065927 0.023395 0.071120 0.021926 0.019948 -0.064367 0.003733 -0.036659
 -0.055363 0.029756 -0.007400 -0.083104 0.057481 0.014662 -0.064740 0.050254
 0.077467 0.071388 -0.009699 0.004179 0.091026 -0.014498 -0.008339 0.009622
 -0.090672 0.006152 0.073073 -0.008809 0.036038 -0.053192 -0.056616 0.043641
 0.042042 -0.062550 -0.096135 -0.087324 0.011771 0.067320 0.069484 -0.043937
 0.039729 -0.069589 0.070515 -0.090430 0.087727 0.001358 -0.066533 -0.072109
 -0.050348 -0.057122 0.023537 -0.050652 -0.023043 0.073317 0.013403 -0.000788
 0.076527 0.032847 -0.004772 0.041933 0.045477 0.012136 0.082251 0.038752
 -0.094944 -0.033657 0.054851 -0.052667 0.059642 0.053083 0.070322 0.054456
 0.051815 -0.058524 -0.010124 0.005334 0.069083 0.002178 -0.098691 0.088430
 0.074980 0.059948 0.089427 -0.093646 -0.057598 0.070415 -0.021435 -0.080751
 0.042811 0.016990 0.027710 0.030263 -0.083785 -0.059099 -0.056499 0.034144
 -0.080008 0.016653 0.002198 -0.007918 -0.098493 0.010083 0.000856 -0.082092
 -0.009831 -0.010658 -0.068196 0.066379 -0.017171 -0.088186 -0.016491 0.013132
 0.097098 -0.019562 0.067126 0.003330 0.058384 -0.048934 -0.041993 -0.019878
 0.071528 0.057962 0.067481 0.033238 -0.085639 0.047660 -0.086466 0.079751
 0.010806 -0.088640 -0.031821 0.006400 -0.070212 -0.034339 -0.013626 -0.053246
 0.094318 0.035368 -0.088769 0.006413 -0.089396 0.072500 0.038783 -0.063870
 -0.093436 -0.064453 0.094305 -0.094754 0.017754 -0.058572 0.093496 0.049186
 0.013839 0.037198 -0.036808 -0.009188 0.093135 0.059202 -0.087350 0.082490
 -0.052447 0.034680 0.040786 0.026419 0.096125 0.011750 -0.064832 -0.035752
 -0.094198 0.068121 -0.087907 -0.010532 -0.058993 -0.090781 -0.063329 0.005555
 -0.010003 -0.049194 0.090000 -0.018462 -0.010710 -0.023289 -0.018563 -0.053622
 0.046857 0.074726 -0.048201 0.014977 0.008105 0.015972 0.053944 0.028822
 0.082541 0.097796 0.057668 -0.068223 -0.008208 0.035249 -0.003150 -0.067653
 -0.099187 -0.098731 0.097640 -0.075146 0.069617 0.079761 -0.098547 0.010932
 0.069755 0.038829 0.040633 0.042958 0.089486 0.042471 0.079312 0.030034
 -0.001244 0.005186 0.023056 -0.075862 -0.039048 0.057735 0.005865 0.093295
 -0.022499 0.052070 -0.044423 -0.088423 0.085982 -0.099700 -0.086727 -0.016950
 -0.071912 -0.071161 -0.027295 -0.021029 0.098958 -0.085422 0.076183 -0.044266
 0.060275 0.051659 0.082881 -0.065556 -0.084042 0.046473 0.097181 0.018720
 -0.000956 0.006744 0.095838 0.083194 -0.038451 0.090010 -0.096079 0.019698
 0.092354 -0.055936 0.085763 0.061506 0.048127 0.017088 -0.049633 -0.044955
 -0.060702 -0.022785 0.063405 0.018572 -0.076055 -0.006921 -0.001716 -0.089921
 -0.069644 -0.051244 0.016303 0.010833 0.030528 -0.082487 0.030361 0.026669
 -0.009516 0.006056 0.069560 0.077673 0.055105 -0.049862 0.097095 0.015111
 0.017639 -0.032441 0.009207 -0.005460 0.048571 0.069898 0.058151 -0.012562
 0.034764 -0.034562 -0.078365 0.083974 0.088202 0.070820 0.022191 -0.017668
 -0.039926 -0.063828 0.098216 -0.082016 -0.025006 -0.093027 0.035269 -0.090643
 0.038936 -0.011542 -0.066261 -0.014133 0.058804 0.074238 0.046651 0.042626
 0.027699 0.096484 0.063378 0.066522 -0.023964 -0.097445 -0.088985 -0.098710
 -0.068812 -0.004222 -0.022313 0.019987 -0.030895 -0.009435 0.029536 0.069265
 -0.080734 0.070299 -0.025661 0.085938 -0.060487 -0.089984 -0.049067 0.083842
 -0.021491 -0.014796 -0.064406 0.056403 0.036573 -0.079538 0.067444 0.042579
 0.096399 0.071885 0.090132 0.008712 0.035767 -0.066771 0.005046 0.019881
 0.007439 0.003880 -0.044629 0.033247 -0.024876 0.001237 -0.021718 0.003195
 -0.029614 0.030032 -0.011082 0.065364 -0.042150 0.036871 0.013668 -0.015609
 0.041999 -0.091489 0.001680 -0.048474 0.052916 0.015147 0.080190 -0.019943
 -0.065315 0.068160 0.075406 -0.005060 -0.051466 0.062248 0.092338 0.004080
 0.053487 0.094646 -0.061893 0.020410 0.028384 0.072116 0.097184 -0.065533
 0.041395 -0.022282 0.047240 0.090649 -0.002040 0.088652 0.060886 0.026400
 0.059884 0.084148 0.069753 0.095625 0.093104 -0.026857 -0.033756 -0.043975
 -0.055315 0.001444 0.057223 0.013406 -0.024847 -0.058913 0.093082 0.022417
 0.088870 0.070878 0.068752 0.089732 -0.041576 -0.041059 -0.010586 -0.003175
 0.002818 0.019797 -0.073321 -0.049812 -0.028172 0.059759 0.043673 0.031838
 -0.087086 -0.097687 0.069554 -0.063848 0.014926 0.012535 -0.027053 0.049251
 0.012095 0.007319 -0.005392 0.048981 -0.030955 0.039991 0.095105 -0.091430
 -0.097230 0.056430 -0.096306 0.054135 0.084654 0.003143 -0.019583 0.001179
 -0.055592 0.062305 -0.080796 -0.032361 0.058487 0.045993 -0.070211 0.081831
 0.053343 -0.097523 -0.019035 0.069670 -0.071571 0.054222 -0.013471 0.055740
 0.046177 -0.083534 -0.075364 -0.002404 0.023913 -0.075332 0.056315 -0.076591
 -0.042227 -0.099810 -0.035703 -0.093504 0.034660 -0.005379 -0.058472 -0.023535
 -0.079007 -0.063200 0.096494 -0.015122 -0.024391 0.024836 -0.074355 -0.076058
 0.000219 0.096742 -0.018519 -0.014742 0.064540 0.032755 0.038701 0.096326
 0.005976 0.031700 -0.019852 -0.024665 -0.020732 -0.058768 -0.092225 0.070079
 0.038874 0.033050 -0.080859 -0.030094 0.082440 0.099910 0.040923 0.076408
 0.027794 0.002457 -0.078347 -0.024521 0.035259 0.098048 -0.095251 -0.061189
 0.042659 -0.052460 -0.047407 -0.053817 0.037945 0.095886 0.086841 0.093064
 0.034341 -0.084786 0.008550 -0.080146 -0.000884 -0.087369 -0.082173 0.080720
 0.049890 -0.015348 0.051175 -0.037058 -0.084101 0.077854 0.035909 -0.086971
 -0.087919 0.004943 -0.099098 0.048045 -0.041962 0.035158 0.030782 -0.037730
 0.069173 -0.014206 -0.006337 -0.072338 -0.088380 -0.086516 0.007880 -0.077853
 0.073621 -0.085055 -0.028068 0.006126 -0.043992 -0.056797 0.006884 -0.023390
 -0.017886 0.068443 0.004492 0.000624 -0.044537 -0.083964 0.026130 -0.063301
 0.072130 -0.015894 0.061148 -0.087703 -0.029812 -0.085845 0.095871 0.000676
 0.051976 0.033755 -0.057578 0.077680 -0.053669 -0.085962 -0.097671 -0.057669
 -0.026735 -0.056633 -0.000937 -0.011865 0.051448 0.035628 -0.077007 -0.067160
 0.032364 0.008562 -0.091142 0.069783 -0.002651 -0.091999 0.001850 0.033104
 -0.043544 0.047856 0.022743 -0.025851 -0.007830 0.069789 -0.025264 -0.034159
 0.004715 -0.058142 0.004949 -0.086612 -0.073512 0.091859 -0.063370 0.030073
 0.096862 -0.063838 -0.080269 0.049321 -0.002621 0.041717 -0.018036 0.077214
 0.001573 -0.070170 0.024981 0.081448 0.039274 -0.015894 0.018778 -0.045714
 0.041595 -0.085974 0.026753 0.068287 -0.057033 0.004370 -0.023929 -0.067528
 -0.031504 -0.053071 0.064069 0.024831 -0.029096 0.062802 0.092683 0.040894
 0.066270 -0.058952 0.067697 0.045778 -0.085686 0.007262 -0.032358 0.052479
 -0.041115 0.043153 0.099629 -0.072373 -0.020793 -0.028400 0.037396 0.014261
 -0.088051 0.087398 -0.007321 -0.005244 0.088537 0.093511 0.047607 -0.040399
 -0.057943 0.023416 -0.084642 -0.007769 0.006069 -0.011576 0.039956 0.086509
 0.048078 0.065395 0.040874 0.075738 -0.093986 0.010503 -0.090723 0.020195
 -0.072474 0.051405 -0.087870 -0.023402 -0.009375 0.087788 0.083566 0.059947
 -0.086792 0.024440 0.048685 0.041458 0.059933 0.063934 0.015611 0.028626
 -0.100000 -0.054730 -0.008804 0.058491 0.042932 0.038569 0.097039 -0.013801
 -0.095139 -0.055020 0.082279 0.008692 -0.050500 0.021969 0.099698 0.025050
 0.067622 -0.021944 0.093814 0.090615 0.052991 0.060809 0.060201 -0.015877
 0.070131 -0.077867 0.017785 -0.031913 -0.073081 0.009522 0.057302 0.010335
 -0.022846 0.050675 0.091958 -0.064238 0.048858 -0.056550 0.020308 -0.063199
 -0.086201 0.018903 0.043378 0.012809 -0.092095 -0.096765 -0.087535 -0.072962
 -0.073019 -0.021387 -0.025502 0.086877 0.032625 0.006743 -0.041841 -0.025731
 0.022877 0.058821 -0.027758 -0.082030 -0.037345 -0.013142 -0.036722 -0.079455
 0.082895 0.009139 0.054167 0.049198 -0.042386 -0.069835 0.082894 -0.030417
 0.069003 0.000076 0.067252 0.077577 0.025243 0.016774 -0.023547 0.037511
 -0.021267 -0.052947 0.085377 -0.075185 -0.083418 0.073824 0.058363 -0.077762
 0.098717 0.018846 -0.025044 -0.062598 -0.055130 0.035660 0.070967 -0.097309
 -0.046350 0.068696 0.020229 -0.097094 0.062920 -0.029925 -0.068404 0.033004
 -0.018475 0.054133 -0.072486 -0.006693 0.033542 0.029861 0.013539 0.085886
 -0.076396 -0.044404 -0.067121 0.097438 0.052445 -0.019996 0.097514 0.034834
 -0.034880 -0.029684 0.043730 -0.066949 0.073354 -0.082986 0.093276 -0.065172
 0.008585 -0.087052 -0.076086 0.079083 0.028328 0.022461 0.091777 -0.074965
 -0.001113 0.009298 0.032651 -0.064056 -0.045879 -0.068009 0.059832 -0.058655
 0.085548 0.051379 0.076395 0.056596 -0.074101 -0.072432 0.015509 -0.013861
 -0.083093 -0.069908 -0.014460 -0.098883 0.076783 -0.086619 0.004601 0.002665
 -0.035890 -0.029414 -0.011160 -0.071564 -0.039003 0.097943 0.058855 -0.020989
 0.070597 -0.035451 0.018019 -0.048457 -0.040736 -0.050509 -0.086775 0.064087
 -0.046339 -0.096288 0.094641 -0.085469 0.046908 0.062568 -0.045473 0.093363
 -0.001267 0.089147 -0.009463 -0.096470 0.061830 -0.073243 -0.032854 -0.090707
 -0.018490 0.041737 0.073516 -0.037392 -0.084749 -0.038254 0.037178 -0.051032
 0.026060 -0.068399 -0.002664 -0.000552 -0.071947 -0.007682 0.076307 -0.095210
 0.096631 -0.039644 0.003714 -0.029686 -0.037759 0.030339 -0.059332 0.067007
 -0.034159 -0.053735 -0.085875 0.032324 0.002913 -0.065162 -0.034976 0.036296
 0.094482 -0.016866 -0.071760 0.091258 -0.047807 0.030161 -0.042420 0.054957
 -0.012660 -0.062023 0.091322 0.050939 -0.041502 0.052196 -0.006512 -0.071879
 -0.085470 0.073529 -0.030882 0.009004 0.089032 -0.008731 -0.010223 0.050088
 -0.069987 -0.036055 0.038313 0.045229 -0.083161 -0.029121 -0.055795 0.042405
 -0.050418 0.020738 0.018516 -0.014585 -0.083710 0.064766 -0.046660 0.018010
 0.069515 -0.011119 -0.000023 0.031883 0.070391 -0.080283 -0.098941 0.048989
 0.091674 -0.075634 0.060761 -0.032516 0.045910 0.011097 -0.059002 0.099589
 -0.062016 0.060100 0.099753 -0.092202 -0.093964 0.009184 0.008375 -0.008777
 -0.033067 -0.095949 -0.067938 0.082337 -0.043241 0.019452 -0.056489 0.005198
 -0.004319 0.034389 0.038000 0.068289 -0.061307 0.028952 0.080928 -0.052372
 -0.093595 0.003939 -0.051608 -0.042007 -0.007567 0.002458 -0.033835 0.074067
 -0.032899 0.019312 -0.099951 0.059347 -0.012928 0.060859 -0.081264 -0.064369
 0.011421 0.098677 -0.015903 -0.030094 -0.065447 0.030731 -0.019805 0.010600
 -0.068538 0.021981 -0.068968 0.043530 -0.068236 -0.067555 0.045456 0.008533
 0.091056 -0.059359 0.050000 0.080744 0.027408 0.071575 -0.084453 -0.049190
 0.004961 0.001480 0.021530 0.083522 0.020652 -0.045919 -0.009888 0.090684
 0.038388 0.035109 0.054722 -0.069652 0.017810 -0.083557 0.012103 0.084684
 0.022560 0.044716 0.002333 0.051731 -0.029868 -0.056357 0.015971 -0.092091
 0.011478 -0.023413 0.002822 -0.079990 0.019086 -0.020196 0.008505 -0.085135
 0.022942 0.021563 -0.089403 0.015982 0.013870 -0.009009 0.043734 0.078048
 0.026591 -0.002921 -0.049997 0.074660 -0.017442 0.030772 -0.002595 0.094182
 -0.077602 0.053271 0.099093 0.071023 -0.049005 0.078920 0.039391 -0.058567
 -0.086012 -0.019442 -0.079371 -0.097167 0.053253 0.071657 -0.006611 -0.045644
 -0.001775 0.051069 -0.014685 0.082751 -0.059379 0.002523 0.064522 0.044159
 -0.002033 -0.070409 0.027706 0.075677 -0.005674 0.032430 0.065983 0.074829
 0.006304 -0.092102 0.022232 0.099914 0.045025 -0.065219 -0.013402 -0.006776
 0.049094 -0.077521 -0.020682 -0.083077 0.099230 0.000397 -0.085000 -0.006235
 0.039196 0.037298 0.080186 -0.047507 0.015211 -0.032441 -0.095453 0.087146
 0.018700 0.086612 -0.089535 -0.047842 -0.079701 -0.032637 -0.094714 -0.067219
 -0.090270 -0.063659 -0.089871 -0.013283 -0.056518 -0.083610 0.054693 -0.024412
 -0.000789 -0.040383 0.079539 0.084946 -0.049018 0.004692 -0.093580 -0.026685
 -0.085237 -0.014379 0.023864 -0.009867 -0.030594 -0.014604 -0.026273 0.033801
 0.042312 0.048900 0.026427 -0.058364 0.010540 0.009368 0.007579 0.005566
 -0.078771 0.067682 0.005350 0.066510 0.012429 0.044689 -0.009947 0.007834
 -0.094385 -0.010400 0.047702 -0.079525 0.024324 -0.098972 0.041111 0.072113
 -0.082500 -0.084358 -0.066807 -0.004162 0.067515 -0.058918 0.076077 -0.042486
 0.051416 -0.068567 0.044618 -0.074461 0.094250 -0.050219 0.066284 0.049675
 -0.088337 -0.081265 -0.018115 0.027550 -0.055202 0.085103 0.079587 -0.094143
 -0.043006 0.027900 0.017640 -0.057419 0.082182 0.015835 -0.098945 -0.032864
 0.031435 -0.065562 -0.026687 0.013607 -0.090495 -0.033336 -0.048089 -0.064218
 0.045878 0.083270 0.050120 -0.028896 -0.099588 0.073085 -0.056240 0.048866
 -0.062485 0.095840 0.045986 0.082989 0.075675 0.068347 0.011097 -0.039501
 0.032792 0.023860 0.045866 -0.035605 -0.083451 0.051609 0.091860 0.055163
 -0.019204 0.061899 0.007726 0.022561 -0.049512 0.022120 0.011452 0.070781
 0.044043 0.080866 0.070649 0.023688 -0.006424 -0.092555 -0.042085 -0.098830
 0.084005 0.070551 -0.093954 -0.011218 -0.083356 -0.059493 -0.086803 -0.014462
 0.099338 -0.016698 0.002805 -0.041240 -0.033744 -0.000591 0.089596 0.039237
 -0.059093 0.024610 -0.039385 0.008923 -0.097784 -0.099282 -0.063062 0.014965
 -0.043791 -0.018130 0.092565 -0.074304 0.052751 -0.072479 -0.023514 -0.066700
 -0.049896 0.036724 -0.005992 0.031493 0.040691 0.035912 0.015790 -0.019576
 -0.024327 -0.033465 -0.049471 0.068370 -0.024912 0.054406 0.060282 0.015446
 -0.044929 0.049184 0.032324 0.072285 -0.095227 0.092071 -0.009888 -0.014014
 -0.099420 0.058807 -0.099864 -0.014524 0.091467 0.017412 -0.025705 -0.030298
 0.049870 0.032426 0.059255 -0.021831 -0.094774 0.074305 -0.053367 -0.034361
 0.018505 -0.097187 -0.031697 -0.079066 0.085693 0.097045 -0.070675 -0.080188
 -0.048310 -0.003342 -0.099057 -0.061016 0.043528 0.056869 0.019451 0.059875
 -0.083370 0.091465 0.087303 -0.026510 -0.096057 -0.057735 0.029701 -0.059331
 -0.034373 -0.020574 0.098001 0.072240 0.044521 0.073936 0.054482 0.094830
 -0.067341 -0.093132 0.094928 0.078553 0.088726 0.015304 0.016584 0.044292
 -0.027277 -0.001452 0.073317 -0.092062 -0.037644 0.044915 0.062555 -0.008648
 -0.045796 -0.086377 -0.075396 -0.023906 -0.010586 0.009635 0.001648 -0.018940
 -0.093939 0.010906 0.036123 -0.017159 -0.000660 0.056416 -0.023207 -0.022940
 0.003603 -0.012706 0.013881 0.095519 0.085656 0.062047 -0.088815 0.085998
 -0.070958 -0.047694 -0.057858 -0.038645 0.099206 -0.033483 -0.019851 -0.028398
 -0.058371 0.079837 -0.008737 0.065702 -0.017713 -0.009597 -0.067023 0.045721
 -0.015546 -0.082863 -0.067105 -0.040917 0.048581 -0.081834 -0.089088 0.007038
 0.010128 0.053014 -0.068212 0.041234 -0.033760 -0.001290 -0.007752 -0.020629
 -0.047428 -0.034201 0.006332 0.066148 -0.011151 -0.007717 0.021155 -0.004449
 -0.035086 -0.023243 -0.064138 -0.094306 -0.002023 0.087308 -0.068957 -0.006351
 -0.085588 -0.091745 -0.072528 -0.091557 -0.022067 -0.087644 0.037039 0.049321
 -0.054370 0.020413 0.080820 0.011047 -0.079773 0.079253 0.042996 -0.008359
 -0.086049 -0.010152 -0.073597 -0.024088 -0.067192 -0.044580 0.094112 -0.027256
 0.099205 0.086092 0.087674 0.022024 0.059789 0.032283 -0.046629 0.050457
 0.061211 -0.077051 -0.031028 0.048929 0.049768 -0.067945 -0.060822 -0.044895
 -0.099310 -0.052474 -0.014937 -0.081137 0.079450 -0.052300 0.021841 0.061317
 -0.029597 0.091875 -0.070265 -0.057957 0.043160 0.098474 -0.013652 0.013336
 0.090703 0.021982 0.058620 0.006809 0.043287 0.041362 -0.006138 -0.063775
 -0.006135 0.008656 -0.049386 -0.020153 -0.091907 -0.010221 0.083612 0.087384
 -0.095819 -0.068136 0.093001 0.025402 0.005551 0.006845 -0.011856 0.019718
 -0.062756 0.087366 0.029707 0.022032 0.001952 -0.039615 -0.073070 -0.059426
 0.042304 -0.055813 -0.052349 0.001722 -0.098073 0.096715 -0.032300 0.051964
 -0.084496 -0.009979 0.000072 -0.006079 0.073689 -0.078489 -0.068333 0.030109
 0.059082 -0.017377 0.034176 -0.098405 -0.075726 -0.036626 -0.009558 0.073884
 0.085591 0.061378 0.010708 -0.076474 -0.030603 -0.008131 0.070501 -0.004907
 -0.008237 -0.063478 0.061374 0.038642 0.090198 0.004929 0.061819 0.039825
 0.022771 0.000661 -0.031616 -0.042181 0.036150 -0.070123 0.057710 0.046733
 -0.099279 0.090898 0.093958 -0.072078 -0.015867 -0.048437 0.079174 0.002417
 -0.030891 -0.085005 -0.006885 -0.097279 0.031982 -0.025488 0.015103 -0.003800
 -0.024383 -0.003412 0.043896 -0.088420 0.052125 0.060256 -0.060340 -0.079700
 0.093177 -0.027324 0.023846 -0.075012 -0.033494 -0.076808 -0.083914 -0.045350
 0.088215 0.077910 -0.046378 0.079598 0.081560 0.072859 0.081267 -0.091073
 0.016022 -0.040457 0.090097 -0.047328 0.065198 0.090665 -0.061676 0.038711
 0.052640 -0.088750 -0.013393 0.072001 0.055484 0.093029 0.007478 0.030984
 -0.077129 0.028496 0.044519 0.071732 0.004986 -0.087909 0.033186 -0.085813
 -0.034279 0.085002 -0.031602 -0.055425 -0.076238 -0.026801 0.098312 0.016403
 -0.087671 -0.019924 -0.071534 -0.096635 0.021730 0.047394 0.086689 0.094678
 0.060371 -0.020655 -0.039450 0.017628 -0.026655 -0.023025 0.040077 0.063245
 -0.002916 -0.030632 -0.051963 -0.019767 -0.045887 -0.000023 0.089977 0.099008
 -0.064646 0.064872 -0.079097 -0.096095 -0.032831 0.092210 -0.030099 0.070735
 0.075376 -0.084792 -0.007073 -0.025204 0.072587 0.076651 -0.052053 0.036800
 -0.056877 0.022565 -0.026181 -0.032297 0.029637 -0.082093 0.050142 -0.064020
 0.032929 -0.087654 0.051520 -0.035655 -0.074209 -0.069034 0.019294 -0.032873
 0.013190 0.016575 -0.016990 0.095779 0.045089 0.084183 -0.051155 0.090283
 0.061873 -0.031608 0.067076 0.089103 -0.074096 0.084890 0.032919 0.006732
 0.067537 0.032052 0.069603 0.043792 -0.097412 -0.036962 0.076888 0.035607
 -0.023784 -0.066685 -0.033507 -0.045441 0.028504 -0.058868 0.087058 0.023399
 -0.016368 -0.091717 0.076005 0.000913 0.094689 0.020338 -0.082579 -0.078357
 0.085629 0.013096 -0.009207 -0.038274 0.020393 -0.041334 0.059601 0.039612
 -0.081222 -0.058069 -0.052347 0.028640 0.094859 -0.066530 -0.054158 0.095388
 -0.014314 -0.078856 -0.069664 -0.006617 0.042636 -0.045653 0.096430 -0.087695
 0.098878 0.095038 0.098136 0.060707 0.071594 0.003592 0.057443 0.079662
 0.013390 0.029909 -0.079576 0.097517 0.057182 -0.033413 0.021479 0.076022
 -0.011046 0.025644 -0.065582 0.064806 0.080173 0.048081 0.009118 0.006354
 0.049586 0.088544 0.079503 0.016825 0.062878 0.080473 0.012656 -0.068528
 0.056263 -0.016256 0.052760 0.074805 0.099546 0.008418 -0.071226 -0.093816
 0.015170 -0.005273 0.031474 -0.013293 0.034529 -0.024490 -0.036960 -0.038753
 0.034673 0.019687 0.061580 0.065051 -0.009701 0.078669 0.084112 -0.093105
 -0.051644 -0.015197 0.066210 -0.028926 -0.028252 0.094599 -0.053000 -0.050506
 0.048767 -0.088961 -0.038724 0.082336 -0.084059 -0.006934 0.050706 0.019044
 -0.073146 -0.090830 -0.016284 -0.041269 0.052180 -0.061480 0.000758 0.035014
 0.005959 -0.047666 0.041317 -0.052192 -0.051706 -0.098975 -0.053299 0.075368
 0.010049 0.026716 -0.020987 -0.087543 -0.011200 -0.087471 -0.071019 -0.053957
 -0.065225 -0.034742 -0.062652 0.012491 -0.000540 -0.091779 0.090353 0.081665
 -0.097060 -0.067871 0.049889 0.031695 -0.020861 0.066585 -0.044198 -0.098123
 0.044400 0.071916 0.011058 0.099789 0.015293 0.027629 0.023546 -0.014162
 -0.005019 0.069547 0.078446 0.004016 0.069776 -0.080897 0.063283 -0.002575
 -0.070955 -0.040442 -0.044329 -0.035027 0.049366 0.072215 0.070534 0.034951
 -0.046129 0.097525 -0.066923 -0.093712 -0.028789 0.004130 0.008738 0.066579
 0.044486 -0.072008 0.006399 -0.027419 -0.050273 -0.080136 -0.096152 -0.042617
 0.009696 0.027377 0.090883 0.027800 0.068944 0.093786 -0.060235 0.059230
 0.051786 0.006373 0.006796 -0.006998 -0.071345 0.026095 0.076870 0.007150
 -0.077452 -0.059855 -0.011943 0.071175 0.043031 -0.011725 -0.014501 0.084183
 -0.053765 0.092797 0.027062 -0.049200 -0.036338 0.034677 0.060828 0.027098
 0.046578 0.084137 0.013978 0.031379 -0.025777 0.048179 0.046938 0.086994
 -0.046019 -0.016302 -0.090424 0.016712 0.063156 -0.017889 -0.008639 0.044567
 -0.090941 -0.083585 -0.033605 0.050444 -0.063517 0.084338 -0.021218 0.018693
 0.069931 0.088446 0.040166 -0.040923 0.091546 -0.049940 -0.022195 0.014369
 -0.042311 0.061812 0.063704 0.012771 0.029677 -0.031171 0.049719 0.096766
 -0.078004 -0.070583 0.013815 0.067148 -0.021790 0.009135 -0.058862 0.005452
 -0.093401 -0.046477 0.044107 0.079942 0.055395 -0.031358 0.088970 0.099878
 0.008831 0.037225 -0.002993 -0.058106 -0.016120 0.029286 -0.065862 0.058162
 0.019270 0.067519 -0.027565 0.067309 -0.008764 -0.044598 0.041261 0.024209
 0.098488 -0.070610 0.024403 -0.079505 0.063949 -0.005083 -0.062797 0.049753
 0.069079 0.029160 0.077311 -0.004419 -0.002458 0.045941 0.076227 0.028025
 -0.097718 0.096038 0.066877 0.086785 0.099841 -0.062434 -0.095891 0.066149
 -0.052246 0.045118 -0.000120 0.076615 0.024464 -0.093306 0.048516 -0.095233
 0.061086 0.043723 0.069115 0.065832 -0.097801 0.057392 -0.027291 -0.009860
 0.088907 -0.031320 -0.006737 -0.095038 0.000732 0.088511 0.095459 0.016904
 -0.066375 0.003062 -0.069638 -0.096838 0.024204 -0.013046 -0.088462 -0.080557
 0.091417 0.044305 0.084823 -0.021597 0.045679 0.002621 0.037680 0.059513
 0.045322 0.098346 0.014410 0.099634 0.034293 0.077454 -0.059342 0.076894
 0.039473 0.065963 -0.042065 -0.050842 0.075841 0.000292 -0.070139 -0.019342
 0.058584 -0.084152 0.001483 0.005246 -0.028600 0.042650 -0.079766 0.036657
 -0.074250 0.081339 0.061989 0.086869 0.004201 0.093451 0.044570 0.021166
 0.007298 0.037557 -0.020993 0.082290 0.041615 0.076347 0.071070 0.026058
 -0.010114 0.088711 0.097330 0.091939 -0.067487 -0.032015 -0.038748 -0.032317
 0.052132 0.049762 0.052945 0.095475 -0.075092 0.092715 0.032828 0.098232
 -0.060006 -0.062947 -0.073285 -0.084733 -0.094229 0.024720 -0.006029 -0.032349
 -0.017703 0.007146 0.073687 0.011445 0.002741 -0.038874 0.051676 0.009792
 0.041584 0.008644 0.003272 -0.063846 0.097262 0.073913 0.049230 0.061335
 0.058472 -0.034910 0.054253 -0.021525 0.005017 -0.038581 0.010355 -0.019287
 0.053435 0.011110 -0.000192 -0.035483 -0.025451 0.001808 -0.011366 -0.048701
 0.065116 -0.092199 0.035477 -0.008099 0.055521 -0.081085 -0.065061 0.003440
 -0.064031 -0.048612 -0.014618 -0.034099 0.091678 -0.056501 -0.022057 0.007916
 0.043127 0.064414 0.014662 0.035809 0.002235 0.064797 0.011314 -0.009313
 -0.005465 -0.011185 -0.083716 -0.043023 0.015934 -0.009783 -0.077384 -0.083622
 0.031623 0.013140 -0.024364 -0.055484 0.048265 0.061503 0.040039 -0.052160
 0.094050 -0.028404 0.082893 -0.038026 0.008595 -0.004505 -0.071312 -0.062234
 -0.001235 -0.091716 -0.067797 0.044301 -0.074017 -0.052008 -0.047221 -0.065415
 -0.078580 0.000298 -0.009951 0.026839 0.017596 -0.047235 0.073685 0.021929
 -0.057820 0.075035 -0.021261 -0.080206 0.097970 0.072251 0.008734 -0.019280
 0.004170 0.034287 -0.003743 0.042586 0.097660 -0.044842 -0.086299 -0.075513
 0.058100 0.000257 0.018328 0.060202 0.003431 0.032014 0.094596 -0.048047
 0.049827 0.015442 -0.015249 -0.087177 -0.077521 0.090236 0.083474 -0.087784
 -0.006450 0.035548 0.036644 0.010786 -0.098745 -0.030037 0.040818 -0.017797
 -0.004562 0.002535 0.006684 0.070251 0.003430 0.051792 -0.013359 -0.035371
 0.053710 -0.080315 0.073470 0.074649 0.060660 -0.086689 -0.096126 -0.071753
 -0.075196 0.096415 0.092782 0.025013 0.028014 -0.056462 0.093411 -0.063251
 -0.024370 -0.022943 -0.051414 -0.094631 -0.080691 0.082004 -0.018166 0.088661
 -0.026625 0.003056 0.049677 -0.072445 0.023596 -0.005961 -0.076138 0.019824
 0.041838 -0.029387 -0.057156 0.020502 -0.002184 -0.019965 -0.091045 0.061264
 0.059752 -0.046485 0.035384 -0.098482 -0.000306 -0.052616 0.025528 -0.045385
 0.095876 -0.049448 0.072246 0.039213 0.025262 -0.098715 -0.073233 0.072300
 -0.043934 -0.087802 0.017302 0.094062 -0.053566 0.032620 -0.068162 -0.086774
 -0.098986 -0.065201 -0.011862 -0.052085 0.025478 -0.051364 -0.067107 -0.069285
 0.097598 0.027278 0.076803 -0.079832 -0.005344 -0.047929 -0.095858 0.059952
 0.037494 0.083344 0.097677 0.081288 0.035208 0.007637 -0.048960 0.042547
 -0.044602 -0.070933 0.035686 -0.080350 0.089908 -0.063447 -0.066465 -0.024997
 -0.079847 -0.002575 0.093881 0.047379 -0.048522 -0.071570 -0.050282 -0.019726
 -0.073659 0.006304 0.004304 -0.000581 0.089165 0.089543 -0.037987 -0.061734
 -0.055259 -0.015032 -0.096266 0.024840 0.082410 -0.055187 -0.017736 0.032993
 -0.011542 0.036416 -0.020827 0.010702 0.025556 0.035208 0.040558 0.050289
 -0.050412 0.071177 0.038393 0.025571 -0.056029 0.053315 -0.096074 0.053038
 0.051686 0.041432 -0.034667 0.056898 -0.091530 0.018575 0.086421 0.084091
 0.047922 0.012061 -0.073463 -0.017433 -0.088220 0.023452 0.073007 -0.077552
 0.094612 0.049511 0.033825 0.002011 -0.024613 0.080590 -0.009485 0.098082
 -0.034189 -0.037645 -0.020572 -0.038489 0.094162 -0.004439 0.004339 0.091360
 -0.011236 0.088315 -0.070798 0.020201 0.007597 0.094018 -0.022745 -0.097413
 -0.062866 -0.016841 0.080944 0.049270 0.056105 0.048720 -0.062640 0.007676
 -0.002457 -0.075830 -0.050509 -0.060162 -0.047109 0.054709 0.099180 -0.059227
 -0.023046 -0.059793 -0.075245 -0.065343 -0.024968 -0.046483 0.008505 0.044210
 -0.008244 -0.021435 0.043370 -0.022200 0.011495 -0.004629 0.094941 0.080903
 0.033687 0.015510 0.056056 -0.005785 -0.025692 0.039547 -0.041410 -0.045733
 0.043145 -0.075181 0.066880 0.046812 0.034349 -0.052811 0.054613 0.021901
 -0.086348 -0.028580 -0.093066 0.063705 0.048200 0.099366 -0.085240 0.031354
 -0.002980 -0.083339 -0.025762 -0.059358 -0.009096 0.098514 0.088323 0.041052
 -0.080041 0.009792 -0.088556 0.074549 0.035189 -0.032436 -0.019282 0.049307
 0.012590 0.003566 0.099846 -0.023368 0.045347 -0.017233 -0.065323 -0.054522
 -0.088892 -0.014440 -0.047371 0.025818 -0.089938 -0.014722 0.025727 -0.001049
 -0.078754 -0.088048 0.046691 -0.070637 -0.086578 0.002360 0.039715 0.046787
 0.019454 -0.077625 -0.025349 0.039065 -0.095756 -0.048586 -0.054032 0.037900
 0.045321 0.004758 0.065643 -0.019525 0.054909 0.061370 -0.042676 -0.057115
 -0.060601 -0.006086 -0.057326 0.093233 0.053144 -0.065326 0.059873 -0.058687
 0.085522 0.028914 -0.047725 0.063100 0.034453 0.004947 -0.039194 0.010674
 -0.059354 0.030561 -0.022623 0.037445 -0.025375 0.056559 -0.041832 0.020936
 -0.002654 0.062339 0.099957 -0.056930 0.003806 -0.017864 -0.059761 0.076282
 0.005479 -0.072424 0.059197 -0.056108 -0.034488 0.055834 0.030334 0.009738
 0.036559 0.032776 0.054167 -0.074163 -0.015816 0.067918 -0.057230 0.099574
 -0.020871 -0.088482 0.004865 0.072998 -0.081371 -0.078060 0.071572 0.047633
 0.066045 -0.081945 -0.009257 0.032956 0.052555 0.075530 0.007824 -0.002474
 -0.083516 0.069018 -0.026189 0.014809 -0.093693 0.045070 -0.025641 -0.026023
 -0.090897 -0.070309 -0.012246 0.076224 0.007629 0.004187 -0.043910 0.086130
 0.063191 -0.062128 -0.028848 -0.029914 -0.015725 -0.085865 0.018738 0.071419
 0.094652 0.087320 0.013061 0.089251 0.083223 -0.026028 -0.020277 0.063037
 0.064844 -0.013138 -0.005985 0.045078 -0.055118 -0.031702 -0.007526 -0.043705
 -0.088631 0.064401 0.044941 -0.095573 -0.058444 -0.054990 0.035348 -0.047622
 -0.050882 0.024142 0.003458 -0.041584 0.023217 -0.031763 -0.058262 0.030890
 -0.099576 -0.077137 -0.061468 -0.092944 0.066662 -0.006337 0.006766 0.024862
 -0.018907 0.009129 -0.012453 -0.013694 0.036196 -0.006523 0.025501 0.040869
 0.036395 -0.076030 0.088366 -0.078837 0.037113 -0.066097 0.039948 -0.092588
 -0.089549 -0.037064 0.057828 0.031108 0.004669 -0.080787 0.054710 -0.085565
 0.080783 0.056237 -0.087833 0.004901 -0.014874 0.028096 0.096164 -0.057803
 0.062155 0.065421 -0.023047 0.088342 -0.031384 -0.023637 0.076474 0.035891
 0.055578 -0.076874 0.037123 -0.031210 0.098593 -0.059301 0.091539 -0.006854
 0.026238 -0.040860 0.059122 0.042699 -0.077456 0.065809 0.034433 -0.019642
 -0.040982 0.071345 -0.092464 -0.011086 0.022252 -0.098041 0.042652 -0.081789
 -0.022848 -0.031176 -0.074385 0.070441 0.093815 -0.036742 -0.019318 0.073657
 -0.000796 -0.046770 0.069220 -0.005747 0.095748 -0.096732 0.085684 -0.029041
 0.006485 0.024214 0.041552 -0.085570 -0.012686 -0.001589 0.001762 0.009886
 -0.076443 0.063973 0.000638 0.083323 -0.035924 0.033656 -0.024471 0.006067
 -0.055019 0.033255 -0.000928 -0.091026 0.019699 -0.074377 -0.077455 -0.016762
 -0.074442 -0.094134 0.099719 0.024962 0.035847 0.043143 -0.037057 -0.020352
 0.062590 -0.029759 0.057760 0.037279 0.068526 0.036925 -0.063985 0.021208
 0.060558 -0.047531 -0.007157 0.073125 0.087380 0.006809 0.084577 -0.028379
 0.097012 -0.000580 -0.046171 0.003757 -0.089288 -0.022489 -0.047094 -0.058024
 0.086200 0.072652 0.075105 -0.066109 0.093954 0.017049 0.037201 0.045487
 -0.094266 0.042637 -0.018102 -0.078230 0.017433 0.000779 -0.022850 0.032954
 -0.013661 0.049891 0.018123 0.078615 0.073810 0.099388 -0.030807 0.031808
 0.097126 0.079712 0.017366 -0.090413 -0.061984 0.093500 -0.048965 0.040246
 -0.025333 0.017874 0.037050 -0.027635 0.004322 -0.072726 -0.030686 -0.012254
 -0.005445 -0.007067 0.032340 -0.076677 -0.020266 0.089748 0.008903 0.033560
 0.043262 0.065332 -0.034278 0.021005 0.077357 -0.060196 -0.090886 0.039047
 -0.021092 0.080965 0.024617 0.082032 -0.089266 -0.025320 0.097772 0.051797
 0.057743 -0.043652 0.012653 0.036474 0.012127 0.076168 -0.008868 0.069566
 0.051182 -0.068740 -0.047763 0.042450 0.030182 -0.072963 -0.064685 0.039416
 -0.027628 0.078788 0.010786 0.041808 -0.049109 -0.003918 -0.024317 0.055937
 -0.024479 0.021038 0.022098 -0.094910 -0.092349 0.076905 -0.043206 -0.080196
 -0.089246 -0.029484 -0.010900 0.083643 -0.069640 -0.029694 -0.025600 -0.098612
 0.071969 0.018844 -0.079752 0.028950 0.058450 0.041515 0.048002 0.084618
 -0.073701 -0.086540 0.095539 0.080780 0.071423 -0.041868 0.072087 0.009931
 0.074860 -0.012448 0.081843 0.041893 0.098061 0.097043 0.090619 0.065771
 0.074728 -0.013432 -0.065995 -0.008007 0.091609 -0.024019 0.045679 0.069141
 -0.020022 -0.049036 0.056219 -0.043611 -0.011376 0.082724 0.049114 0.044295
 -0.021117 -0.032103 -0.062540 -0.027739 -0.077142 -0.076565 -0.017947 -0.008419
 0.099591 -0.073815 0.069188 -0.093003 0.064474 -0.052523 0.094688 0.048767
 -0.051996 0.086553 0.010118 0.048403 -0.098193 0.045659 -0.061167 -0.048336
 0.008131 0.001430 0.000639 0.060557 -0.026416 0.098407 -0.037693 -0.070954
 0.087365 -0.081142 -0.042793 0.048186 0.005343 -0.045456 0.075209 0.022818
 -0.038939 0.074973 -0.030205 0.048517 -0.052758 -0.004194 0.080992 0.086582
 -0.083378 0.010984 -0.068453 0.020115 -0.083238 0.085539 -0.098355 -0.000063
 -0.031832 0.040038 -0.065698 -0.098431 0.000251 0.041644 0.090516 -0.070726
 0.034507 -0.044342 0.009732 -0.075674 0.098056 -0.063397 -0.010501 -0.031823
 0.088739 -0.005166 -0.010090 0.004693 0.043738 0.004944 0.077075 0.006139
 -0.044441 -0.053328 -0.070769 0.031348 0.085453 0.090072 0.015539 0.093504
 0.078495 0.058484 0.022397 -0.062289 0.056363 -0.080297 -0.003065 -0.023302
 -0.066739 0.035162 0.071887 0.071785 0.070308 0.040818 -0.091306 0.075402
 0.044098 0.050834 -0.051304 -0.071259 0.015023 -0.097180 -0.025733 0.034649
 0.074185 0.003114 -0.093299 0.057584 -0.070491 0.007006 -0.060553 -0.059704
 -0.098764 0.029142 -0.012104 0.023874 -0.092518 0.054935 0.032858 0.020147
 -0.069057 0.064983 0.090715 -0.066294 0.008054 0.090073 -0.025898 -0.089387
 0.046856 -0.067925 -0.082659 -0.040215 -0.072620 -0.091406 0.077287 -0.054684
 0.030891 0.089882 0.020276 0.038906 0.010953 0.088309 0.050657 0.073347
 0.012032 -0.084193 0.090349 -0.082496 -0.086129 -0.016023 0.007563 -0.039289
 -0.042218 0.013302 -0.064503 0.012934 0.061523 0.028463 -0.022855 -0.087398
 0.071368 0.033591 0.016854 0.068092 -0.076181 -0.015530 0.013370 -0.000787
 -0.089457 -0.085663 0.049672 0.088072 0.028231 0.050510 0.000269 0.019546
 0.041797 0.091603 0.061268 0.048927 0.086976 -0.068800 0.036967 -0.097609
 -0.015861 -0.056834 -0.002012 0.063182 -0.090691 -0.057953 -0.061304 0.088657
 -0.082525 -0.046714 0.053105 0.032065 0.064078 -0.025987 -0.079149 0.032533
 0.091168 -0.086361 0.021983 -0.001423 0.012198 0.035145 -0.053085 0.075396
 -0.041459 -0.070947 -0.070544 0.074672 0.007849 -0.047021 0.065431 -0.074664
 0.080323 0.038575 -0.001709 0.011239 -0.082278 0.053989 0.037662 0.055060
 -0.022430 0.031773 -0.034251 -0.080455 -0.030862 -0.089731 -0.099091 -0.004432
 0.073410 -0.014552 0.046030 -0.060263 -0.048580 0.037669 0.049136 -0.021439
 -0.066948 0.085652 0.050987 -0.041606 0.037024 -0.065798 -0.043269 -0.059196
 0.076397 0.036546 0.088138 -0.093899 0.023237 -0.088304 0.083943 -0.081316
 -0.051870 0.019009 -0.067075 -0.067715 -0.086043 0.062782 0.046046 0.037592
 0.093529 -0.066908 -0.073440 0.091379 -0.004124 0.031097 0.039357 -0.090059
 0.075882 -0.093677 -0.090298 0.056257 -0.085701 0.011854 0.018445 -0.027874
 -0.032210 0.039179 -0.011551 -0.080498 -0.015675 -0.072186 0.016679 0.050068
 0.030130 0.065978 -0.010839 0.013715 0.030049 -0.051035 -0.022658 0.069243
 0.014067 0.049340 -0.039819 0.095927 0.054501 -0.005193 -0.070435 -0.040813
 0.038968 -0.023002 -0.044987 0.006909 -0.067611 -0.007995 -0.014526 0.055677
 -0.019938 -0.053035 0.004611 -0.089381 0.093100 -0.058887 -0.048601 0.019825
 -0.055251 0.080716 0.086324 -0.074551 0.023104 -0.011858 -0.096052 -0.036972
 -0.048635 0.006806 -0.023311 -0.053035 0.035977 -0.017503 -0.049166 0.012306
 0.035364 -0.009808 0.067781 0.034385 -0.026333 -0.067289 0.059737 -0.084242
 0.006551 -0.008061 0.013327 0.069026 -0.009683 0.009992 0.003885 -0.055045
 -0.060306 0.065224 -0.063157 -0.016444 0.099391 0.075205 -0.074162 0.082056
 -0.083382 -0.080695 0.049425 -0.066763 -0.088759 -0.063684 0.085271 0.001103
 0.063431 0.010448 -0.066942 -0.046170 0.064286 0.039459 0.064367 -0.025089
 0.026226 0.058528 -0.012517 -0.054491 0.027464 -0.032022 0.082298 -0.040913
 0.033552 0.009721 -0.046314 -0.040782 0.024263 0.063878 -0.070989 -0.085050
 -0.084619 0.005968 -0.042265 0.040192 -0.006766 0.086232 0.060688 0.067750
 -0.055077 0.070621 -0.027669 0.068183 -0.057412 0.082291 0.015130 0.033139
 0.020461 0.042986 0.076210 0.009456 -0.042202 -0.005339 0.067268 -0.028248
 -0.070728 -0.085367 0.040186 0.053615 -0.064033 0.011148 0.012879 -0.063080
 -0.018713 -0.015290 -0.091139 -0.031041 -0.025964 -0.080423 0.072111 -0.052544
 -0.090752 0.032592 0.043842 -0.001057 -0.061850 0.049856 -0.073676 -0.016733
 0.048376 -0.020536 0.096491 0.016821 -0.032560 -0.050801 0.009607 -0.086845
 -0.001053 -0.082916 -0.097705 -0.096775 -0.022461 0.024211 0.023535 0.071466
 0.019940 0.095424 -0.023242 -0.083352 -0.058684 0.035788 -0.060354 0.086658
 0.051160 -0.063655 -0.026050 0.007428 -0.097976 -0.055470 -0.099434 0.068507
 -0.023241 -0.028966 -0.096090 -0.059891 0.049049 0.026634 0.061972 0.028590
 -0.002677 0.094388 0.030047 -0.075466 0.005178 0.055892 -0.082137 -0.055959
 0.061934 -0.014394 -0.022244 -0.039814 0.021760 0.072578 -0.007356 0.067654
 -0.075090 -0.043216 0.036749 0.075503 -0.015250 0.003727 -0.034860 0.072749
 0.099926 0.044666 0.016728 0.011320 0.083535 0.004232 0.018397 0.007771
 0.073273 0.025365 -0.034017 0.005705 0.060509 -0.086266 -0.033823 0.089470
 0.063374 -0.060133 0.040822 0.054609 0.071163 -0.044333 -0.055711 -0.027847
 0.033868 0.005501 -0.098598 0.077931 0.024032 0.054867 0.033720 0.071951
 -0.067054 -0.096656 -0.061490 -0.025280 -0.003319 -0.037587 0.097905 0.012267
 0.029831 0.057985 -0.063393 -0.020293 0.013080 0.053088 -0.084584 0.099277
 -0.057603 0.027689 0.049727 0.030074 0.086442 0.025114 -0.081862 -0.084225
 0.093323 -0.065971 -0.003380 0.076104 0.099095 0.011535 0.050008 0.049952
 0.089624 -0.048880 -0.011972 0.079640 -0.003939 -0.046492 0.025559 -0.053075
 0.058850 0.021642 0.019660 0.062534 -0.063248 0.025405 0.017057 -0.024922
 -0.038150 0.065909 0.028744 -0.004471 -0.031682 0.077728 0.016472 -0.048631
 0.043813 -0.000904 0.047093 0.041769 0.087558 -0.067979 -0.010301 0.065946
 -0.080267 -0.038582 -0.078816 -0.074879 0.016909 0.002037 0.085961 0.008009
 0.063953 0.061593 -0.094455 0.017260 0.000927 -0.088360 0.032476 -0.032634
 -0.033480 -0.028801 -0.038109 -0.029520 0.062661 -0.081643 -0.088404 -0.060426
 0.094863 -0.059822 0.077748 0.033132 -0.020253 0.031709 -0.009092 -0.092977
 -0.020722 -0.092942 -0.021312 -0.020190 0.041269 0.063616 -0.056249 -0.015301
 0.093379 -0.092227 0.098679 0.009744 -0.047767 -0.078771 -0.074082 0.041883
 -0.047522 0.068805 -0.004354 0.059760 -0.053596 0.085410 -0.096101 -0.060310
 0.024820 -0.039594 0.004001 0.076388 -0.009059 -0.072524 -0.081235 -0.017505
 -0.019083 0.068928 -0.083247 -0.002061 0.021468 -0.008213 -0.086613 0.069141
 0.083818 0.003743 0.059754 0.027797 0.020258 0.067475 -0.053861 -0.075028
 -0.093463 -0.019865 -0.052570 -0.057909 0.060773 -0.045260 0.007787 -0.066208
 -0.001170 -0.058871 -0.007297 -0.037601 0.088887 0.076504 -0.083115 -0.000318
 0.067432 -0.006262 -0.079877 -0.072768 0.029330 -0.032496 0.066938 0.026807
 -0.039393 0.046210 0.068931 0.018614 0.028763 0.033577 0.022631 0.036186
 -0.052779 -0.028424 -0.026516 0.088248 0.004648 -0.046299 0.007402 0.000643
 -0.041585 -0.042894 0.074220 -0.076546 0.084324 0.023441 -0.019659 0.013400
 0.039637 0.040062 -0.048059 0.077564 -0.028786 0.045965 0.093723 -0.014890
 -0.093665 0.079761 0.048488 0.086808 -0.081476 0.037182 -0.070378 -0.039323
 0.098231 0.079563 -0.098770 -0.044818 -0.058007 -0.051464 0.018518 0.010825
 -0.072327 0.037815 -0.018043 0.040546 0.072607 -0.098941 -0.050243 -0.060634
 -0.051253 -0.052301 -0.096600 0.025045 -0.030873 -0.030406 -0.059673 -0.086196
 -0.005096 0.043272 -0.001272 -0.091983 0.043426 0.019719 -0.053858 -0.022346
 -0.087325 -0.073069 0.053944 -0.054420 0.060433 -0.041030 0.065776 0.064563
 -0.028853 0.045571 -0.068714 -0.053557 0.012549 -0.030761 -0.040272 0.088795
 -0.080215 0.063353 0.021877 -0.099331 -0.039254 0.038501 -0.055037 -0.032867
 0.074977 0.060439 -0.094366 -0.076195 -0.087235 -0.024276 0.080342 -0.022713
 0.065848 -0.055172 0.043075 -0.091933 0.046044 -0.006240 -0.097021 -0.066505
 0.058843 -0.065427 0.021965 -0.067585 -0.013731 -0.089947 0.034958 0.034679
 0.015879 -0.010911 -0.003799 -0.039130 0.005837 0.009670 0.063143 -0.041452
 0.031990 0.043237 0.097440 -0.045841 0.032578 0.014999 0.032093 0.009190
 -0.055099 -0.007430 -0.058632 -0.089709 0.051616 -0.093971 0.012838 0.074611
 0.039548 -0.042862 -0.088415 0.080709 0.063196 0.045986 -0.054938 -0.006307
 -0.088650 -0.058991 -0.069347 -0.079189 -0.008584 0.016336 0.078419 -0.037788
 0.012078 -0.051379 0.099741 -0.050024 0.009717 0.085930 -0.005052 0.084070
 -0.005306 -0.031614 -0.007088 -0.082281 -0.036401 0.056559 0.004671 0.043530
 0.085928 -0.090659 0.027771 -0.049438 0.086530 0.062448 0.075800 0.023890
 -0.038747 -0.090692 -0.007249 0.028426 0.008598 -0.013002 -0.022718 -0.011499
 0.033658 0.065877 -0.004242 -0.010584 -0.098746 0.038837 -0.070406 -0.098335
 0.030500 0.051501 0.034696 0.033508 0.097381 -0.046300 -0.089854 0.010561
 0.092491 0.040559 -0.061956 0.079032 0.016404 -0.027359 -0.001091 -0.068697
 0.063067 -0.040006 0.028157 0.029206 -0.040161 -0.060951 -0.067027 -0.067775
 0.035262 -0.066375 -0.085090 0.066282 0.026932 -0.011133 0.082955 -0.016228
 -0.040968 0.039657 0.034776 0.002475 -0.034337 0.060091 -0.004429 -0.081930
 0.039050 -0.026236 0.068279 0.031624 -0.038847 -0.026237 -0.016385 -0.072089
 -0.087794 -0.022072 -0.096218 -0.050071 0.015519 -0.017164 0.042018 -0.083194
 0.061109 -0.008700 -0.037347 -0.086433 0.087906 -0.037446 0.009560 0.070553
 0.072498 -0.049078 0.015943 -0.068221 -0.064264 0.077459 0.055332 -0.035057
 -0.088025 -0.057697 -0.063660 0.047822 0.036695 0.018880 0.085478 -0.077073
 -0.003790 0.045976 -0.072423 -0.041013 -0.015498 -0.019721 0.078993 0.033722
 0.076100 0.058730 -0.063944 -0.010164 0.072022 -0.067948 -0.066390 0.026492
 0.090988 0.056696 0.096057 -0.048106 0.087226 0.096267 0.058204 -0.013631
 -0.051032 -0.064997 -0.032935 -0.065266 -0.083293 -0.055351 -0.096229 0.031126
 -0.016580 0.096973 -0.083994 -0.055606 -0.050382 -0.049906 0.055791 -0.038247
 -0.039388 0.063726 -0.051295 0.021856 -0.032532 0.091764 -0.018615 0.086291
 0.026164 -0.001989 0.043832 -0.004848 -0.035760 0.083338 -0.024952 0.064723
 0.037681 -0.061596 0.082345 -0.066043 -0.017610 -0.054783 0.074219 0.070928
 -0.027229 0.050767 -0.093694 -0.067585 0.074807 -0.099589 -0.038128 -0.091220
 0.027246 -0.028222 -0.008430 0.003598 0.027195 0.025326 0.082328 0.015973
 -0.045930 0.056869 -0.091645 0.020658 0.062886 0.023201 0.060627 -0.043553
 0.056918 0.091867 -0.095930 -0.019387 -0.006712 0.035609 0.014133 0.019619
 0.024058 -0.027934 0.052329 0.043808 -0.082104 0.035464 0.051827 0.063259
 0.031314 0.091272 0.001374 0.096992 -0.010992 0.038367 -0.022853 0.015713
 -0.014294 0.088223 -0.012464 -0.021595 0.077028 -0.028198 -0.054177 0.046111
 -0.034182 -0.082002 0.035494 -0.097229 -0.073260 0.050284 -0.017430 0.048305
 -0.054543 -0.061630 -0.077576 0.076592 -0.063006 -0.099628 0.022584 -0.024840
 0.063097 -0.070650 -0.064237 0.087870 -0.018123 0.053439 0.064717 -0.065942
 -0.088490 0.017303 -0.014249 -0.039747 0.089124 -0.057628 0.042199 0.090123
 0.027363 -0.075612 0.033283 0.066332 -0.079411 -0.008878 -0.086858 -0.043950
 0.055193 0.076960 -0.032700 -0.090836 0.029633 0.085004 0.077527 -0.076427
 -0.099950 0.081937 -0.017837 -0.054680 -0.010541 -0.002353 -0.098962 -0.099032
 0.031032 -0.093653 -0.061811 0.063857 -0.020516 0.061382 0.010155 -0.034664
 -0.035129 0.067928 -0.070529 0.009524 -0.016317 0.035631 0.037387 0.020333
 0.054681 0.084437 0.091442 0.090914 0.011719 0.089653 -0.033838 -0.033955
 -0.064411 -0.013188 -0.080048 -0.080287 -0.041471 0.007285 0.000516 0.018156
 -0.008761 0.031215 -0.015019 -0.095532 0.037100 0.081172 0.069710 0.069468
 0.036499 -0.081283 0.054908 0.009609 -0.095698 -0.062232 -0.003287 -0.002093
 0.046187 -0.080332 0.023406 0.098788 -0.098268 -0.020270 -0.084310 -0.037287
 -0.018537 0.015679 0.019116 0.023710 0.069841 -0.056886 0.069954 -0.070188
 0.060476 -0.072958 0.033356 -0.098421 -0.014082 0.014179 -0.063301 -0.019262
 -0.011607 -0.012781 -0.040183 -0.036996 0.040592 -0.064525 0.080166 0.081517
 -0.053366 -0.057457 -0.009727 0.024947 0.088040 -0.042090 0.039810 -0.042518
 0.037812 -0.004841 -0.006132 0.077878 0.038333 -0.073970 -0.085749 0.059824
 -0.006996 -0.044190 -0.083842 0.033100 -0.047706 0.075804 0.030425 0.066833
 0.067559 -0.056774 -0.000982 -0.059567 -0.016594 0.024502 -0.058715 0.009246
 -0.043351 -0.089020 0.050327 -0.078785 -0.042601 0.031553 0.053477 0.075168
 -0.088982 -0.002180 0.051454 -0.086296 0.092896 0.071899 -0.074159 0.049458
 0.029727 -0.080886 0.061544 0.082271 -0.043624 0.008718 0.044066 0.046037
 0.096316 -0.040276 -0.015983 0.022257 -0.072644 -0.008739 0.055149 0.080759
 0.048394 -0.052708 -0.025144 0.084937 0.096832 0.067061 0.089328 0.081460
 -0.095709 -0.095920 0.073425 0.065184 -0.087643 -0.066979 -0.022321 -0.052039
 -0.007854 -0.002417 0.002585 0.052274 0.042816 0.087223 0.002134 -0.039220
 0.073998 0.059016 0.072690 0.048211 0.052109 0.028036 -0.006076 0.049310
 -0.024625 0.050579 -0.081266 -0.094210 -0.082318 0.096431 -0.057476 0.019790
 0.041849 -0.095173 0.040836 -0.026394 -0.076498 -0.070369 0.062163 0.067441
 0.005027 -0.074240 0.016077 0.076094 0.087451 -0.082788 0.030445 0.025022
 0.007780 -0.049059 0.053192 -0.034337 0.022204 -0.007605 -0.028975 -0.007633
 0.043738 0.058934 -0.053548 0.035501 0.087305 0.074553 0.001529 -0.071715
 -0.042042 0.070061 0.034897 -0.071463 -0.074539 0.007922 -0.096636 -0.047886
 0.049829 0.053037 0.011737 -0.064662 0.054014 -0.079805 -0.006386 0.081739
 -0.077535 -0.062978 0.098508 0.094922 -0.005056 0.003646 0.021240 0.083963
 0.007649 -0.063878 -0.078788 0.089623 -0.073282 -0.088169 0.006303 -0.059725
 -0.035159 0.038382 0.021541 0.030516 0.034562 0.091763 0.062254 0.086719
 -0.057480 0.026019 0.041765 -0.086908 -0.046197 0.090829 0.085049 0.053576
 0.053094 -0.066371 -0.061010 -0.097575 0.037200 -0.081626 0.043657 -0.005580
 -0.046019 -0.051393 -0.028804 -0.091754 -0.099391 0.064121 0.036614 0.030882
 0.043350 0.095242 -0.063305 0.054252 -0.091314 -0.003389 -0.040189 0.031723
 0.084647 -0.085487 -0.067136 0.064615 -0.076363 0.008561 -0.067568 -0.085334
 0.073166 0.008964 0.022750 0.017940 -0.060396 -0.056059 0.003070 0.096168
 -0.004708 -0.068105 0.082385 0.084505 0.092543 0.037481 0.053954 0.002716
 -0.063748 -0.009315 0.041249 -0.022420 -0.047842 -0.014313 0.016529 -0.012812
 -0.000332 -0.045461 -0.063934 -0.042786 0.051927 -0.059771 0.069979 -0.081526
 0.077964 0.078215 -0.072807 -0.066443 0.054805 -0.074781 0.076141 -0.021155
 0.026589 0.013938 -0.094951 0.094142 0.015356 -0.048093 -0.070276 -0.073644
 -0.076410 -0.023011 -0.057406 0.097201 -0.003091 0.073307 -0.059184 -0.007879
 0.010145 -0.027871 0.032455 -0.036004 -0.087878 0.041483 0.055341 -0.056761
 -0.055792 -0.000884 -0.085944 0.034959 -0.032819 -0.068577 -0.030344 0.075088
 -0.031083 0.000552 0.076403 0.089786 0.069171 0.079587 -0.011598 -0.078387
 -0.088909 -0.014349 -0.054332 -0.067721 0.024071 0.037726 0.031885 -0.082220
 0.007381 0.081678 0.071921 -0.060844 0.026485 -0.005021 0.016925 0.049376
 0.037937 -0.043311 0.044936 0.083918 -0.055582 -0.081036 -0.001137 0.030869
 0.060271 -0.066843 0.007880 0.075335 -0.096514 0.094273 0.090675 0.008342
 0.084801 0.060359 0.067879 -0.038811 0.058229 0.011389 -0.022856 -0.012748
 0.019458 0.019428 0.031493 0.057946 0.016513 0.050180 0.002876 -0.026885
 0.049329 -0.098602 0.070118 -0.050384 -0.044359 0.025718 -0.011546 -0.064601
 -0.083761 0.003607 0.021883 -0.078578 0.003294 0.077441 -0.034794 -0.089253
 -0.069606 -0.048190 -0.030961 0.021361 -0.072841 -0.097945 -0.056682 -0.012758
 -0.048537 -0.092380 0.004281 0.095631 -0.090760 0.001288 -0.025649 0.039397
 0.093147 -0.001993 -0.093462 0.081324 0.021776 -0.060755 -0.083002 0.083529
 0.081412 0.000610 -0.038106 -0.022469 0.092153 0.037749 -0.018409 0.076722
 0.095653 -0.038503 -0.021805 0.020641 -0.011540 0.099057 0.024007 -0.013762
 0.041173 0.098551 -0.006892 0.075446 -0.067176 0.010851 0.051235 -0.011052
 -0.086340 0.018235 -0.036530 0.036110 0.041896 0.011654 -0.076115 -0.028001
 0.097330 -0.077568 0.007395 -0.056178 -0.096910 0.064105 0.056264 0.041193
 -0.022723 0.037186 -0.087386 -0.034830 0.066448 0.002415 0.086337 0.041947
 -0.085247 0.092668 0.031466 0.043046 0.096566 -0.007696 -0.057520 0.015058
 0.002351 -0.031007 0.098806 -0.062556 0.002620 -0.025001 0.033826 -0.008704
 0.057967 0.016337 0.083896 -0.086165 -0.009082 -0.039873 0.037149 -0.031735
 0.048672 0.003130 -0.096386 0.034671 0.078165 -0.051431 -0.000451 0.018191
 -0.058322 -0.081223 -0.084330 -0.095227 -0.088972 -0.069144 0.058368 -0.030500
 -0.066689 -0.056784 0.059494 0.095102 -0.030023 0.019291 -0.062339 0.042582
 0.031727 0.055469 0.053714 -0.008353 0.080027 -0.076321 0.014069 -0.021401
 -0.092179 0.066509 0.084460 -0.067524 -0.082008 0.025910 0.059791 0.060522
 0.019148 -0.054863 0.035499 0.012885 -0.071813 -0.073499 -0.054487 0.075207
 -0.055607 -0.051224 -0.067524 0.011240 0.025983 -0.004670 0.051397 -0.091278
 -0.034295 -0.026445 -0.057411 0.014634 0.005788 0.097023 0.096055 0.063866
 0.079368 0.040023 0.089901 -0.035732 0.050280 0.063603 -0.006109 -0.048192
 0.032885 -0.061607 -0.086312 -0.083195 -0.062396 0.014382 0.036064 0.071540
 0.078763 -0.000189 0.083947 0.006453 -0.058319 0.032139 0.032178 -0.053055
 -0.020172 -0.084607 -0.089585 -0.091473 0.046020 -0.061444 0.021167 0.059516
 0.080671 -0.094101 -0.056074 0.025119 -0.030895 0.002488 -0.088171 0.061468
 0.006689 0.045515 0.044153 0.000146 0.039797 -0.065647 -0.064365 0.039214
 -0.051197 0.048866 -0.052019 -0.047971 -0.069236 -0.002405 -0.045032 0.068905
 -0.030966 0.028552 -0.035029 0.001129 0.053075 -0.059054 0.010248 -0.021558
 0.085419 0.037561 -0.047323 0.069203 0.011970 -0.091282 -0.070659 0.034709
 0.054648 0.081936 0.048226 0.035779 0.039303 0.010565 0.040080 0.083014
 0.085526 -0.084667 -0.074095 -0.099380 0.069335 -0.013369 0.045551 -0.070162
 0.061744 0.002569 0.085339 0.086057 0.002694 -0.032611 0.066355 0.047697
 0.043895 0.024237 -0.010935 -0.019469 0.042067 -0.044942 0.035945 0.059941
 0.086590 -0.083772 0.007249 -0.085737 -0.075010 0.050852 -0.013170 -0.020535
 0.000492 0.046011 0.071740 0.032810 -0.054191 -0.098515 -0.083434 0.032114
 -0.010131 -0.015794 0.085685 -0.045888 -0.003041 -0.021106 0.045254 0.007658
 -0.045771 0.058843 -0.095360 -0.025981 -0.044306 -0.047927 -0.086231 -0.051759
 -0.007924 0.028480 0.049737 -0.013398 0.022139 -0.044960 0.083477 -0.074177
 0.083248 -0.095512 0.038614 0.037778 -0.074389 0.009362 -0.033715 -0.075815
 -0.000540 0.026124 -0.031975 0.096256 0.029779 0.082509 0.031199 0.060057
 0.031038 -0.006236 -0.049995 -0.025392 0.063872 -0.036549 0.099686 0.048327
 -0.077571 -0.097136 -0.099588 0.053769 0.047674 -0.004364 0.009539 0.042545
 -0.020025 -0.076937 0.050642 -0.034678 -0.031969 0.048370 0.071285 0.050456
 -0.049688 0.032438 0.009896 -0.001736 0.066118 -0.050377 -0.026955 -0.061585
 0.048232 -0.025831 0.064268 0.050168 -0.001383 -0.044863 0.007055 -0.059224
 -0.013946 -0.072186 0.083092 -0.021145 0.023657 -0.083532 0.034904 0.072760
 -0.076261 -0.006299 -0.086948 -0.048776 0.025371 0.068198 0.088995 -0.014510
 -0.076409 0.039295 -0.092103 -0.032590 -0.038091 0.048638 0.053032 -0.089070
 0.000423 0.020918 0.068050 -0.024473 -0.099678 0.021160 -0.038696 -0.065882
 -0.072670 0.048343 0.085623 -0.079691 -0.052943 0.023522 0.074266 0.075987
 -0.050411 0.015685 0.078555 -0.024197 0.013363 -0.026009 -0.002844 -0.057322
 -0.057129 0.007128 0.045001 0.091304 0.047219 -0.093158 -0.051329 0.061732
 0.011302 0.099133 -0.035947 0.013750 0.063493 0.084703 -0.084977 0.041675
 -0.012226 0.017553 -0.016544 -0.010801 0.022575 0.021117 0.037329 0.040833
 -0.024975 0.087413 -0.064445 0.098104 -0.071571 -0.051458 -0.093706 0.073605
 0.064721 0.027545 0.013154 0.093196 0.027573 -0.025689 -0.088406 0.055062
 0.077569 0.051258 -0.032083 -0.072603 -0.018027 -0.000861 0.094910 0.060284
 0.086130 0.099630 0.035240 0.038844 0.011460 -0.035547 -0.091580 -0.071632
 -0.047387 0.071801 0.066467 0.029503 0.041221 -0.057533 0.099398 0.023210
 0.042341 0.026489 -0.060633 -0.009595 0.034490 0.010230 0.048481 0.022385
 -0.085090 0.099226 -0.011642 0.078216 0.093939 -0.008761 -0.003591 0.068231
 0.028604 -0.054180 -0.040581 0.039878 0.051056 -0.064228 -0.040836 -0.071636
 -0.051096 -0.046976 -0.059509 -0.085545 0.010570 0.033108 -0.020274 -0.011708
 -0.045220 0.060981 0.068086 -0.097071 0.002463 0.089599 -0.078767 0.046833
 -0.025668 -0.099795 0.033034 -0.099756 0.093799 -0.089891 0.018899 0.066247
 -0.021710 -0.021934 0.094221 -0.018189 0.053214 -0.049399 0.013889 -0.086961
 0.036107 0.013871 0.070069 -0.087333 0.076434 -0.038032 0.074570 -0.063792
 0.076865 0.077868 0.081506 -0.047685 0.076435 0.014684 0.041069 0.095252
 -0.093033 -0.048914 -0.083280 0.027070 -0.010915 0.038839 -0.061280 0.007812
 -0.064285 -0.070602 0.029786 -0.027031 0.021949 -0.072779 0.034386 0.056060
 -0.028879 -0.086043 0.005755 -0.007222 -0.055844 0.061076 -0.023729 -0.086959
 -0.084831 0.023140 -0.032968 -0.042130 0.051126 0.025554 0.062084 -0.053240
 -0.063376 0.022684 -0.063213 0.081292 0.063115 0.070758 0.053775 0.087860
 0.061651 0.098714 0.074576 -0.099497 0.036380 0.072329 -0.051958 -0.034043
 0.042829 0.039015 0.007296 -0.014853 0.098144 -0.068727 -0.067466 -0.060430
 0.087525 -0.083668 0.044902 0.059155 0.089691 0.034414 -0.044271 -0.021083
 0.041080 0.055062 -0.014714 -0.001202 -0.065006 -0.016201 -0.006590 -0.086054
 -0.061394 0.048542 0.019406 0.049657 0.065363 -0.056698 0.065743 0.043339
 -0.070849 0.080080 -0.031847 0.006039 -0.059079 -0.096358 0.010440 0.057329
 0.057750 -0.017680 -0.052570 -0.089445 0.043636 -0.060428 -0.033689 -0.067545
 0.000915 0.072729 0.038300 0.054890 -0.018926 -0.066885 0.096917 0.053786
 -0.039207 0.007530 0.052992 0.083553 -0.000401 -0.097394 -0.067801 0.043375
 -0.000594 -0.093289 0.057185 -0.086506 -0.021539 0.006624 -0.073894 -0.072926
 0.029502 -0.094828 -0.085767 0.058357 -0.085014 0.056520 -0.036872 0.058653
 -0.095699 -0.002609 -0.071425 0.089949 0.014768 -0.075732 -0.004250 -0.025754
 -0.033950 0.053682 0.011743 -0.020586 0.028362 -0.014249 -0.086096 0.030783
 -0.093999 0.071277 0.011952 0.048658 0.065201 0.020498 -0.081900 -0.024572
 0.078832 -0.087518 0.021512 -0.047648 0.011589 0.043949 0.001879 -0.057089
 0.028357 0.085434 -0.061049 -0.012624 -0.064481 -0.091522 -0.007027 -0.031824
 -0.031750 -0.057880 -0.062355 0.091658 0.021469 -0.037970 0.088013 -0.012892
 0.049234 -0.045292 0.092663 -0.022897 0.025232 0.036503 0.011461 0.052575
 -0.085344 -0.084803 -0.047048 0.091181 0.004844 0.082830 0.064086 0.059107
 -0.073781 0.034207 0.007139 -0.010858 -0.057989 -0.028525 0.054293 -0.018780
 -0.094615 0.011702 -0.053126 -0.049860 0.096155 0.078082 -0.011894 -0.071829
 0.082140 -0.059002 0.068355 0.099770 -0.001201 0.035309 -0.096307 0.012072
 0.045461 -0.035667 0.068205 0.049742 0.040650 0.016107 -0.084565 -0.097499
 -0.079588 0.039320 0.038206 -0.099709 0.073161 0.034385 0.049974 -0.096530
 0.070014 0.042970 0.049188 0.041048 -0.054569 0.045036 0.069058 0.010564
 0.016983 -0.049355 -0.034913 0.037996 -0.062200 -0.045555 0.035633 -0.015064
 -0.023086 0.044270 0.000875 0.040918 -0.018075 0.062421 0.091618 0.002187
 0.003206 0.020884 -0.043473 -0.051233 0.078862 -0.008333 -0.003686 0.093767
 0.048248 0.017146 0.064171 -0.099861 0.037648 0.064821 -0.073105 -0.027852
 -0.012510 0.054151 0.096187 -0.014400 -0.067424 -0.029920 -0.003984 0.050284
 0.098409 0.082377 0.067847 0.019702 0.004896 -0.082730 -0.088040 -0.008851
 -0.082574 0.058164 -0.002918 -0.070863 0.068647 -0.052147 0.047782 -0.057229
 0.047797 0.007422 0.067433 0.052959 0.076225 0.063802 0.010641 0.023775
 -0.061423 0.085226 -0.095622 -0.075959 0.028702 0.028841 -0.070628 0.065506
 -0.038293 0.061784 -0.082844 -0.034515 -0.097208 -0.015150 0.085187 0.064328
 -0.049886 -0.066696 0.023491 -0.046094 -0.093062 -0.057319 0.046577 0.012570
 -0.090126 0.082741 -0.083108 -0.086669 0.014366 -0.014199 0.097937 0.045914
 0.076742 -0.087070 0.017676 -0.038342 0.070468 -0.052389 0.044920 -0.069043
 -0.049951 -0.034814 0.002349 0.018037 -0.090587 -0.040792 0.083544 -0.099680
 -0.007835 0.010118 0.080234 -0.047097 -0.066769 -0.039083 -0.093625 0.014147
 -0.093893 -0.075248 -0.011215 0.096929 0.080665 -0.036128 0.058929 0.093019
 -0.055005 -0.077242 -0.042533 0.090222 0.079803 -0.012596 0.093377 0.025606
 -0.077228 -0.089123 -0.042399 -0.006430 0.004747 0.014427 0.097029 0.065018
 0.076584 -0.061914 0.022039 0.087436 0.059115 -0.048057 0.028439 -0.073279
 0.036318 0.008197 -0.067557 0.002182 0.029620 -0.011453 -0.055727 0.008154
 -0.098056 0.079731 0.096649 -0.064898 0.004335 0.016660 0.089058 -0.068253
 0.061033 0.082325 0.098218 0.071282 -0.061713 -0.080868 0.066657 0.090989
 0.043848 -0.029664 -0.025467 0.006088 0.018198 -0.097136 0.000460 -0.081686
 0.089345 -0.034487 -0.086669 -0.096538 -0.010183 -0.081422 -0.080711 0.026918
 0.023975 0.043240 0.063451 0.086219 0.004627 0.004425 -0.009415 -0.098085
 -0.040810 -0.012717 -0.002236 -0.086750 -0.011021 0.012246 -0.088550 -0.055867
 0.072810 -0.053264 0.056706 0.008240 0.044352 0.010332 0.041615 -0.016336
 0.016804 0.042617 0.090494 0.031828 0.072112 -0.040717 0.061248 -0.095779
 -0.087490 -0.075429 0.040476 0.057600 -0.040570 -0.077788 0.004043 0.068534
 -0.027954 -0.029160 -0.024303 0.019597 -0.039271 -0.091861 -0.016291 0.081809
 0.054746 0.039367 0.007882 -0.016060 -0.070046 -0.083166 0.040070 0.061552
 -0.053667 -0.041494 0.026574 -0.005996 -0.027756 0.047213 -0.035415 -0.030861
 -0.077303 0.039039 0.017256 -0.002120 0.055331 -0.036592 -0.039958 0.050055
 -0.091539 -0.029660 0.030875 -0.043780 -0.078000 0.012533 -0.049183 -0.008452
 0.083697 0.019389 -0.062558 0.071496 -0.084612 0.079492 0.062998 0.056917
 0.048065 0.041941 0.000873 -0.009988 0.077906 0.064035 -0.093083 -0.098221
 -0.091735 0.061530 0.009337 0.009557 -0.014639 0.033055 0.081344 0.030389
 0.041706 0.023694 0.038670 -0.044312 0.065202 0.076471 0.021448 0.043915
 -0.082946 0.028835 -0.030739 -0.080941 0.021798 0.066901 0.075637 0.021715
 0.092156 0.043847 0.025301 0.012759 -0.071142 0.047642 -0.079486 0.099081
 -0.055117 -0.018628 -0.083728 0.071588 -0.015992 0.021870 -0.003660 0.006132
 -0.079121 -0.064284 -0.069616 0.099032 0.093280 -0.098236 0.093943 -0.043906
 0.088486 -0.031126 -0.055814 0.077331 -0.075159 0.030569 -0.090141 -0.076915
 0.086143 0.015383 -0.055289 -0.088815 0.061040 -0.009562 -0.099042 0.074412
 0.032524 -0.084454 0.009797 -0.094681 0.019096 0.016774 -0.060280 -0.010077
 -0.015954 -0.073536 -0.098676 -0.010384 -0.002149 -0.051126 -0.092470 -0.077200
 -0.072015 -0.005175 0.006328 -0.061474 -0.047866 0.044121 0.094919 0.079932
 0.080902 0.025482 -0.052234 -0.096329 0.055450 0.076920 -0.037735 0.090020
 -0.007459 0.034852 0.015194 -0.028269 0.068746 0.029538 0.015414 0.007328
 -0.048011 -0.094535 0.011306 -0.079578 0.063921 -0.065531 0.039247 0.039776
 -0.007100 0.053491 0.007746 -0.090475 -0.065316 -0.073800 0.078147 0.042337
 0.091245 0.001939 0.081764 -0.005230 -0.074683 -0.020004 0.045775 -0.041485
 0.026379 0.067835 -0.042417 -0.055194 0.085051 0.078018 0.069985 0.017261
 0.066537 -0.020152 -0.062916 -0.065339 -0.040402 0.051696 -0.016363 0.078688
 -0.020471 0.072421 -0.074234 -0.055238 -0.068404 -0.098173 -0.069142 0.073057
 0.019459 -0.058733 0.056988 0.057874 -0.045149 -0.088250 -0.027061 -0.076153
 0.070781 -0.041168 0.047410 -0.020745 0.066065 0.049736 0.049988 0.044772
 0.001802 -0.072288 0.048061 -0.001040 -0.073571 0.072832 -0.050302 0.074740
 0.016934 -0.042619 0.035657 0.064919 -0.091871 -0.006893 0.095625 0.078201
 0.065227 -0.038632 -0.083774 0.086465 -0.039041 0.069371 0.054392 -0.076511
 0.089363 0.043763 0.013860 0.015210 0.080191 -0.097358 0.059400 0.021252
 -0.032488 -0.083718 -0.034568 -0.019356 0.088727 0.089450 -0.010479 0.061122
 -0.013963 0.009277 -0.078510 -0.098461 -0.071201 -0.094262 0.076122 0.072973
 0.020665 -0.012764 -0.051874 0.034979 0.003181 0.033453 0.084603 -0.044115
 0.002578 -0.082098 0.026165 -0.003361 0.061574 -0.099654 -0.082074 0.091059
 0.076339 0.000981 0.078079 -0.008183 0.044720 -0.073425 -0.085411 -0.055853
 0.082664 0.086324 0.058503 -0.062474 0.080736 0.012185 0.050671 -0.023050
 -0.075832 -0.035592 -0.066020 -0.057875 -0.060326 0.079583 -0.050775 -0.087682
 0.022933 0.036158 -0.015608 -0.078938 0.069765 -0.086100 0.029711 -0.097860
 0.067661 -0.053217 0.083686 0.090891 -0.005360 -0.077620 -0.000572 -0.037385
 -0.050793 -0.085717 0.034550 0.063428 0.086273 -0.025799 0.092726 0.020232
 -0.077257 -0.021749 -0.019992 0.083213 0.013484 -0.018836 0.039637 -0.055936
 0.096224 -0.005356 0.089976 0.069887 -0.043525 0.031971 0.052517 0.051589
 -0.067084 -0.085005 -0.086688 0.022984 0.093792 0.034392 0.011170 -0.051271
 -0.068758 -0.045290 -0.071377 0.020323 0.036363 -0.030883 0.025952 -0.045596
 -0.039003 -0.033315 -0.024083 0.016132 0.012348 -0.049466 0.041969 -0.015389
 -0.075813 -0.074083 0.047941 -0.081133 0.075413 0.067259 0.043770 -0.073521
 -0.097815 -0.097221 0.010473 -0.057204 -0.071801 0.053784 0.044524 0.066833
 0.058531 0.022908 0.071137 -0.046457 0.097106 -0.092661 -0.049481 -0.044340
 0.002320 -0.077805 -0.077196 -0.033564 -0.068274 0.000937 -0.019058 -0.094944
 -0.066140 -0.056276 0.065382 -0.000985 0.091931 0.016790 0.041441 -0.028277
 -0.017117 -0.069941 0.094933 0.064321 0.081893 -0.046339 0.096807 -0.041837
 -0.050198 -0.092638 0.050430 0.093995 0.018220 0.098132 -0.003917 -0.068102
 0.086799 -0.035966 0.029515 -0.081986 0.073958 0.044407 -0.058856 -0.079062
 -0.092477 0.029390 -0.098235 0.075552 0.026609 0.001224 -0.072800 -0.022287
 -0.043774 -0.033977 -0.017658 0.013755 -0.064363 0.065018 -0.059417 -0.011771
 0.000763 -0.058427 0.065926 -0.054817 0.072661 0.012992 0.075567 -0.079711
 0.062809 -0.081188 -0.088936 0.002356 -0.052145 0.045073 0.084370 -0.078903
 0.084949 0.004265 0.041711 0.044553 0.079597 0.049443 -0.022713 0.062798
 -0.000389 -0.061759 -0.059158 -0.069935 -0.096220 -0.088654 0.080563 -0.022667
 0.093029 0.026975 -0.039659 0.052962 0.051948 0.048701 -0.098963 -0.047097
 -0.005648 0.051775 -0.016332 0.088348 -0.027160 0.040641 -0.046862 0.048042
 0.096099 0.017718 0.022346 -0.094765 0.013611 -0.032857 -0.042253 0.040590
 -0.061857 0.043150 0.087577 -0.062792 -0.052834 0.078707 -0.058930 0.029609
 -0.078941 0.017928 0.069192 -0.036052 0.073814 -0.043832 0.056792 0.011950
 -0.095368 -0.073206 -0.050572 0.093333 -0.083513 0.095308 -0.096577 -0.047279
 -0.012259 -0.091930 -0.083406 -0.009703 -0.063222 0.051911 -0.015447 -0.050561
 -0.084483 -0.064068 -0.045179 0.047053 0.035121 -0.012806 -0.002686 -0.014478
 -0.008447 0.089555 0.077948 -0.073567 0.079883 0.008389 -0.014601 0.001321
 -0.067238 0.009988 -0.063441 -0.031057 -0.066161 0.070717 0.009302 -0.035134
 0.079860 -0.067233 0.023601 0.055782 -0.086736 -0.038573 0.088745 0.088568
 0.012922 0.031160 0.057917 -0.035852 0.068762 -0.037174 -0.021396 -0.064720
 -0.061887 0.058658 -0.046661 -0.077810 -0.070361 -0.021364 0.098879 0.065629
 -0.059610 -0.003565 -0.085970 0.050751 -0.085317 0.046025 -0.037661 -0.067979
 -0.079585 0.003759 0.095501 -0.062907 -0.095912 -0.089416 -0.067798 0.059935
 -0.064597 0.058126 -0.067759 0.037764 0.040751 -0.060221 0.038748 0.003260
 0.017526 -0.080397 -0.033884 0.056333 0.039607 -0.054608 0.098797 -0.057314
 0.077362 0.092523 -0.089607 -0.033321 -0.044885 0.050867 -0.060381 -0.080175
 0.034197 -0.007805 -0.045073 -0.068650 0.006723 0.037247 -0.026495 0.005666
 0.036199 -0.071576 0.016244 -0.076486 0.045397 -0.048738 0.053416 -0.028286
 -0.074191 0.037349 0.063720 -0.016642 0.005216 0.055237 -0.071949 0.065769
 0.031800 -0.026478 -0.022465 -0.061252 -0.007528 0.027527 0.041964 0.021324
 0.060698 -0.036945 0.026535 -0.054336 -0.069508 -0.083719 -0.034633 0.078316
 -0.015889 0.043498 0.006526 0.001477 0.055032 -0.034606 -0.000174 0.054756
 0.043711 -0.033432 -0.050242 0.063034 -0.098067 -0.064930 -0.038930 0.080775
 -0.082560 -0.012644 -0.027423 -0.051580 0.072265 -0.000012 -0.050481 0.019509
 -0.005956 0.030849 -0.011531 -0.056421 -0.038235 0.045350 0.015464 -0.021892
 -0.036544 0.027296 -0.019017 -0.029620 0.024718 0.087146 0.030514 0.072615
 0.011448 0.015953 0.060219 0.017615 -0.054444 0.066834 0.064655 -0.030269
 0.046567 -0.023124 0.060429 0.008004 -0.027683 0.010807 -0.033500 -0.021268
 -0.086791 0.031804 -0.005075 0.071012 -0.060624 -0.010360 0.006471 -0.057315
 0.097910 0.097927 -0.047396 0.010407 -0.089589 0.052857 -0.000123 0.094088
 0.007595 -0.013176 0.084825 -0.074082 -0.083820 0.091808 0.098936 0.050582
 -0.053936 0.032183 -0.032249 -0.046261 0.095886 -0.016952 -0.010093 -0.024712
 -0.002473 0.098656 -0.005614 0.094166 0.002720 0.022914 -0.042993 -0.014350
 -0.058184 0.040538 0.016458 -0.097823 0.067058 -0.034810 0.021194 -0.095663
 -0.033856 -0.022678 -0.069518 0.068950 0.014714 0.007638 -0.098560 -0.062512
 0.066052 -0.098969 0.021038 -0.021625 0.012800 0.087735 -0.048354 -0.022373
 -0.057726 -0.080033 0.091000 -0.071677 0.011281 -0.053992 0.025617 0.041868
 0.061178 -0.015934 -0.083545 0.035235 0.034647 -0.012108 -0.033126 -0.083069
 -0.031984 0.059856 -0.081635 0.088723 -0.019269 -0.066629 0.074495 -0.023966
 0.009664 0.086877 0.091324 -0.008856 0.067767 0.094542 -0.067932 -0.025603
 -0.013881 0.077801 0.020625 -0.032951 0.067527 0.077074 0.073137 -0.070024
 0.045159 0.072636 -0.062726 0.091989 0.042814 0.048807 0.034458 0.059644
 0.078054 -0.086132 0.087639 0.009620 0.018098 0.034660 -0.089225 -0.062849
 0.047812 -0.017208 -0.097173 -0.049807 -0.078032 0.050659 -0.062812 0.034172
 0.014843 -0.054329 0.086256 -0.023070 0.031070 -0.038519 0.026205 -0.008600
 0.012475 -0.007630 -0.058694 0.011854 -0.001212 -0.015028 -0.091400 0.083975
 -0.051271 -0.044305 -0.078285 0.089724 -0.007632 -0.004400 0.061027 -0.079290
 0.085211 -0.039865 0.003552 -0.092906 -0.058552 0.092825 -0.092791 -0.064060
 0.051296 -0.060386 -0.021961 -0.044071 -0.092521 -0.095020 -0.026927 0.075179
 -0.026613 0.003349 0.078729 -0.064391 0.033847 0.074353 0.074598 -0.062188
 0.057479 -0.079827 -0.074119 -0.022043 -0.082961 -0.000991 0.063439 -0.091755
 0.032517 0.046493 0.060806 0.042505 0.022708 -0.063549 0.027493 0.021901
 0.055479 -0.081952 -0.083306 0.070695 -0.035445 0.036932 0.048221 0.046078
 -0.078738 -0.092759 -0.011736 0.041550 0.021624 -0.082039 0.002455 0.095199
 -0.065100 -0.084979 -0.014277 -0.041193 0.007668 0.073646 -0.083300 -0.082797
 -0.078955 -0.024984 0.087799 -0.041784 -0.055709 -0.053341 0.053352 0.068877
 -0.043533 0.095878 -0.038806 -0.088474 0.028173 -0.092426 -0.047434 -0.022246
 -0.049950 0.044412 -0.080327 0.064643 0.055409 -0.054738 -0.079777 -0.060365
 -0.072652 0.098315 0.018195 -0.047577 0.063625 -0.046398 0.071903 0.079489
 -0.024551 -0.046890 -0.008820 -0.092550 -0.074762 0.035554 0.041191 0.063654
 -0.066875 0.073064 0.048669 0.058352 -0.044132 -0.073944 0.065355 0.047801
 -0.032238 -0.011316 -0.039753 0.040666 0.098810 0.012412 -0.028554 -0.026752
 -0.083732 -0.085877 0.082646 0.070351 0.042186 -0.083739 -0.038290 0.076055
 0.079216 0.047620 -0.092368 0.018157 -0.078298 0.060751 0.086007 -0.099345
 0.080382 -0.000379 -0.092488 -0.089577 0.081304 -0.051884 -0.048141 0.016905
 -0.054180 -0.010278 -0.028080 -0.047746 -0.067114 0.055528 -0.065839 -0.070455
 -0.012766 0.044312 0.078837 -0.029326 -0.022112 -0.020970 0.072024 0.067712
 0.065465 -0.086465 -0.008044 -0.081407 -0.092037 0.020125 0.031164 -0.006945
 0.031979 -0.098536 -0.097541 -0.026872 -0.085925 -0.088150 -0.067841 0.084180
 0.076276 -0.044652 -0.089291 -0.058899 -0.078545 -0.000508 0.018465 0.091846
 0.019107 -0.070629 0.018090 0.093387 0.043564 -0.023082 0.039393 0.009191
 0.010350 -0.064306 0.090503 0.035304 -0.026958 0.028625 -0.031069 0.013090
 0.009189 -0.095577 -0.073439 -0.054542 0.049316 0.040608 -0.027761 0.059351
 0.097514 -0.020724 0.040419 0.035331 0.045610 0.012399 -0.013649 0.087029
 -0.085981 -0.081531 0.094032 -0.077936 0.015563 0.032168 -0.001043 0.049434
 -0.074985 0.033363 0.082131 -0.093697 -0.086208 0.052475 0.080770 -0.077882
 -0.018883 0.055720 -0.018970 0.002513 0.012989 0.063883 0.036435 0.087973
 -0.009117 0.055724 0.074121 -0.035306 -0.039571 -0.027907 -0.039038 -0.092956
 0.033678 0.022808 0.053454 0.074911 0.099395 -0.089938 -0.011396 0.021326
 0.014954 0.033667 0.064774 0.091037 0.040082 0.025660 -0.074087 0.082320
 0.099607 -0.001545 0.082062 -0.011076 -0.087635 -0.076729 -0.097421 0.020554
 -0.064909 0.098241 -0.010983 0.041877 0.031537 -0.004432 0.049295 -0.047170
 -0.065684 -0.081331 0.024054 -0.093427 -0.000713 0.077167 -0.064021 0.087754
 -0.024211 -0.083286 0.020341 0.045703 0.080196 0.017371 -0.044384 0.022411
 -0.075808 -0.031725 -0.023993 0.000984 0.091476 -0.050584 0.052467 -0.055104
 -0.066109 -0.033827 0.015310 0.009779 0.094134 0.099824 -0.061566 0.058062
 0.060839 -0.044195 -0.061677 -0.002599 0.033380 0.030482 -0.020642 0.071039
 -0.010417 0.041298 0.081358 -0.020907 -0.058691 0.056958 0.091279 -0.082862
 -0.020530 0.039487 0.022842 0.047035 -0.000202 0.082632 0.038743 -0.046006
 -0.008001 -0.020479 -0.002907 0.048571 0.059148 -0.040356 -0.006411 0.078073
 -0.010989 -0.071669 0.058509 0.020112 0.084700 -0.002209 0.047365 0.014015
 0.032264 -0.078181 0.046131 0.053491 0.030978 -0.019240 0.019695 -0.007287
 0.067309 -0.084376 -0.004675 0.057635 0.009474 -0.013055 0.002861 -0.082048
 -0.001195 -0.026927 0.000265 0.021495 0.051196 0.030401 0.014053 0.094450
 0.097320 0.024807 0.021393 -0.085619 0.053524 -0.091330 -0.084534 -0.016214
 -0.042985 -0.015142 0.093070 -0.006693 -0.005198 0.092698 0.095071 0.019729
 0.004241 -0.004371 -0.032820 -0.014685 -0.077293 0.048240 -0.008877 0.080488
 -0.046244 0.093737 -0.034982 -0.042310 -0.049112 0.070604 -0.097854 -0.055870
 0.029543 -0.029651 0.021208 -0.049164 -0.005265 0.068293 0.022639 -0.058095
 -0.093461 0.048937 -0.024665 0.088361 -0.030453 -0.096671 0.007307 -0.045568
 -0.028829 0.002862 -0.036656 0.053558 0.016330 -0.028145 -0.009342 0.089957
 0.011624 0.020672 0.087279 -0.044150 -0.080181 -0.067227 -0.075797 0.018890
 0.061404 0.001194 -0.018019 0.093498 -0.017580 -0.067175 0.001837 0.013374
 0.091962 -0.059438 0.051814 0.069264 0.083516 0.087080 0.054965 -0.080266
 -0.047624 -0.026542 -0.067609 0.078048 -0.074008 -0.030505 0.046234 -0.026839
 -0.029001 -0.052563 0.044487 -0.009473 -0.040991 0.032074 0.049877 0.040796
 -0.034858 -0.042734 0.002292 -0.010348 -0.055900 0.052379 -0.046267 0.027348
 0.058445 0.025228 -0.066245 -0.076063 -0.055380 0.034144 -0.091020 -0.011703
 0.050696 -0.067393 0.020637 0.004572 -0.085797 -0.087387 -0.058226 0.009475
 0.073419 0.066680 0.090798 -0.014902 -0.069415 0.043726 -0.017030 -0.003677
 -0.075481 0.057448 -0.025506 -0.060114 -0.068736 -0.013072 -0.036326 -0.000140
 0.099682 0.021627 -0.078559 -0.024834 -0.010825 0.053770 0.097466 -0.053813
 0.051182 -0.021012 -0.068961 0.084392 0.098167 0.000370 -0.008804 -0.087218
 -0.054382 0.032321 0.052459 0.055281 -0.056497 0.028911 0.031770 0.009953
 0.000855 0.086295 0.037458 -0.058989 -0.096216 -0.032116 -0.087147 -0.053352
 -0.049059 -0.027946 0.064331 -0.086956 0.011439 -0.081102 -0.047812 -0.024548
 -0.019390 0.032071 -0.079175 -0.010741 0.048285 -0.059737 -0.051142 -0.071135
 -0.089013 -0.061822 0.024762 0.028285 0.068245 0.055590 -0.057127 -0.037343
 -0.075197 -0.042705 0.053138 0.015994 0.034056 -0.075170 0.075445 -0.028119
 0.009741 -0.071369 -0.033197 0.084866 -0.065578 -0.062682 0.005594 0.023776
 0.094040 0.099216 0.016477 0.028272 0.098389 0.036025 0.014003 -0.049436
 -0.056070 0.038596 -0.068844 0.016502 -0.086997 0.064587 0.059978 0.045447
 -0.033090 -0.035142 -0.074220 -0.081740 0.037566 -0.033676 -0.086857 0.075121
 -0.031753 0.054285 -0.039071 -0.023444 -0.002295 -0.042365 0.058522 -0.091512
 0.020910 -0.089667 -0.055812 -0.036651 -0.024391 -0.014626 0.049476 -0.069318
 -0.030367 -0.054282 -0.064673 0.025323 0.030807 0.055748 -0.096101 -0.069799
 -0.089206 -0.002676 0.088799 0.023057 0.017087 -0.085178 -0.005501 -0.006153
 -0.072124 -0.090803 -0.091131 0.057019 0.076136 0.056285 -0.043167 -0.081368
 0.037479 -0.063670 -0.048348 0.051410 -0.012456 0.008693 -0.078328 -0.012021
 0.065550 0.038619 0.039485 0.064217 -0.094595 0.063996 0.037448 -0.056729
 -0.028127 -0.022984 -0.016017 -0.034414 0.021830 0.066278 0.004596 -0.028345
 0.050523 -0.097069 0.042100 0.028681 -0.050215 0.040167 0.074578 0.057031
 0.030081 0.057015 0.042422 0.002473 0.097832 -0.080149 0.007524 -0.000975
 0.066898 -0.054010 -0.014045 0.012342 0.044280 0.065516 -0.093591 -0.028816
 -0.065266 0.071343 -0.070193 0.084520 -0.078330 -0.050288 0.084285 0.066939
 -0.033987 -0.087622 0.018101 -0.084658 0.094140 -0.081175 -0.069909 0.065997
 0.021740 0.095055 0.047738 0.056138 0.075577 -0.099163 -0.059162 0.059416
 0.042075 0.086554 -0.042497 -0.085880 -0.011294 -0.072302 -0.095898 -0.062922
 -0.039805 0.009414 0.018720 -0.089216 -0.005005 -0.036836 0.067866 0.017403
 -0.086805 0.051856 0.004422 0.066630 0.033459 0.086052 -0.040878 -0.001572
 -0.035193 -0.033783 -0.016125 0.087078 -0.029719 -0.031235 0.098731 -0.093166
 0.027621 0.075102 -0.013868 0.076046 -0.083125 0.035266 -0.008537 -0.041353
 -0.083865 0.058468 -0.062867 0.057270 -0.022798 -0.022799 0.025456 -0.018543
 0.017379 -0.044196 -0.095014 0.097801 -0.064840 0.000969 0.003097 0.085292
 0.064159 0.027995 -0.053966 -0.081907 -0.007710 0.016738 0.061592 0.067852
 -0.056330 -0.059060 0.048395 -0.044982 -0.028698 -0.068340 0.048823 -0.071079
 -0.080224 -0.088449 0.074409 0.079520 0.044165 -0.053803 0.053136 -0.056270
 0.024448 -0.094156 0.011965 0.043315 -0.000774 -0.005002 -0.091168 0.083723
 -0.056417 -0.059592 0.099356 0.054692 -0.077475 0.057446 0.031585 -0.034830
 0.041840 -0.049887 -0.026262 0.028673 -0.079147 -0.061644 0.073318 -0.001485
 -0.052876 0.027096 0.036125 0.013554 -0.079218 0.037958 0.062667 0.094664
 -0.002000 0.032386 0.051698 0.001981 0.026407 0.016869 -0.044007 0.097008
 0.078655 -0.000351 0.044643 -0.006419 0.028375 0.054302 0.033125 -0.014708
 0.007009 0.095984 -0.073130 0.035157 -0.005286 0.096768 0.037129 0.025257
 -0.037256 -0.012172 0.093577 -0.012988 0.043642 -0.074854 0.000299 -0.055589
 0.004346 -0.014088 0.061946 0.088721 0.022678 0.076638 0.077176 0.088768
 -0.035902 -0.032624 0.031747 -0.004776 0.087197 0.048898 0.079861 -0.047163
 -0.004130 0.036303 -0.036469 0.030078 0.017619 0.031983 0.064876 0.044766
 0.087661 0.053748 0.066032 0.063249 0.057734 -0.081627 -0.073931 -0.089770
 0.074275 0.078649 -0.097232 0.062681 0.058837 -0.055916 -0.059603 0.025822
 0.018607 -0.084832 0.045789 -0.079350 -0.003603 0.052234 0.062369 0.026060
 -0.024077 0.010881 -0.053510 -0.043354 0.042213 0.042485 -0.023461 -0.088622
 0.001889 0.014219 -0.055591 -0.005823 -0.090448 -0.051954 0.046958 0.025834
 -0.033258 0.032710 0.004411 0.053007 -0.042467 -0.032852 -0.011372 0.027696
 -0.095139 -0.097077 0.009325 -0.056756 -0.048194 -0.022416 0.068207 0.010567
 -0.082212 0.058821 0.048403 0.069887 0.098685 -0.035521 -0.014976 -0.078644
 0.083281 -0.038521 -0.090206 -0.033783 -0.057847 0.013593 0.050112 0.038554
 0.097135 -0.077195 -0.026828 -0.015329 -0.074625 0.031633 -0.071261 0.067027
 -0.072168 0.070629 0.046538 -0.014399 -0.067623 0.097005 -0.069154 0.074077
 0.004977 -0.002406 0.013261 -0.077379 -0.025895 0.039136 0.044841 0.087420
 0.017423 0.020709 -0.069609 -0.063281 0.036778 0.058958 -0.072916 -0.068939
 0.077454 0.075257 0.093697 -0.058670 -0.035646 -0.033509 0.068030 -0.083423
 -0.017040 -0.079641 0.039641 -0.065766 0.082670 0.083009 0.057912 -0.080039
 0.004078 -0.066421 -0.025672 -0.013740 0.014903 -0.036465 -0.042348 -0.045448
 0.034684 -0.067666 -0.016659 0.085657 -0.060541 0.041517 -0.098498 0.043897
 -0.048179 0.061614 0.000895 -0.069557 0.085786 0.070736 0.042493 -0.076712
 -0.019449 0.091807 -0.055110 -0.019155 0.044069 0.058238 0.000922 -0.028157
 0.072770 -0.077200 -0.089159 0.085508 -0.025743 0.000390 0.075037 0.012647
 -0.004524 -0.019548 0.036493 0.061277 -0.079153 0.043092 -0.080849 -0.079235
 0.074675 -0.018203 0.069606 0.065501 -0.047547 -0.090214 0.088858 0.035885
 0.031682 0.028554 -0.053256 0.074904 0.017056 0.095027 -0.096009 -0.082716
 0.070117 0.072907 0.063581 0.077304 -0.078658 0.071219 -0.005009 -0.035316
 0.071678 0.046899 0.044526 -0.024015 0.049920 -0.031627 0.046399 -0.055433
 -0.011217 -0.048860 0.041084 0.060153 -0.063821 0.052734 -0.070969 0.052918
 -0.058130 0.087843 0.054360 0.012438 0.020284 0.085460 -0.022764 0.037280
 -0.005887 -0.016928 -0.038790 0.098002 -0.018285 -0.059417 0.072699 0.004793
 -0.021267 -0.008283 -0.015712 -0.056513 -0.016207 0.075062 -0.038687 -0.012447
 0.053649 0.051773 -0.047088 0.024979 -0.012378 0.024609 0.087671 -0.062556
 -0.025942 -0.035391 -0.045930 0.056101 -0.053370 0.036083 -0.075934 0.018012
 -0.053007 -0.007023 0.071400 -0.031716 -0.010663 0.094655 -0.072416 0.059566
 0.061428 0.030916 0.058714 -0.091808 -0.043124 0.035976 0.021993 0.082231
 0.073282 -0.095315 -0.003394 -0.027638 -0.015247 -0.010770 0.090389 0.039080
 -0.080035 -0.075228 -0.047991 0.097823 -0.082217 0.062841 -0.001397 -0.060276
 0.063627 -0.025511 -0.038267 -0.076790 0.026429 -0.069038 -0.070211 -0.099143
 0.087885 -0.077071 0.091752 -0.064831 0.017261 0.065539 -0.080363 -0.022288
 -0.066806 0.038065 -0.035223 0.000503 0.019990 -0.093175 -0.080238 0.050234
 -0.056314 0.048911 0.021317 -0.030611 0.040796 0.099132 -0.041813 -0.004326
 -0.073609 0.087465 0.034630 -0.077295 -0.004681 -0.046771 -0.051214 0.038734
 -0.018425 -0.087912 0.012452 0.069539 0.090399 0.074609 0.063764 0.092319
 0.056117 0.010209 -0.047045 -0.061444 -0.038680 -0.074116 0.058945 -0.069434
 -0.038265 -0.003710 -0.010804 0.067371 -0.070548 -0.094096 0.046483 -0.039973
 0.000436 -0.000017 -0.012873 0.048814 0.068384 -0.089496 -0.018386 -0.053322
 0.042851 -0.003620 -0.003060 -0.073511 -0.098164 0.048610 0.080694 0.041558
 -0.036002 0.064409 -0.042299 -0.072608 0.070258 0.043214 0.097358 -0.055020
 0.023380 0.069022 0.008494 0.068229 -0.070013 -0.024705 -0.075972 0.035077
 0.096369 -0.018720 0.005800 -0.000102 0.059291 0.005118 0.032668 -0.047136
 -0.034899 -0.055417 0.096215 0.010530 0.068717 -0.095627 -0.058488 -0.033842
 0.089839 0.076809 0.025023 -0.030343 0.075874 -0.044334 -0.009414 -0.093951
 -0.089276 -0.038317 -0.019668 -0.066252 0.089865 0.008439 -0.069313 0.010902
 0.064159 0.055920 -0.046728 -0.091209 -0.002721 -0.066225 -0.082828 0.077041
 0.049319 -0.075001 0.067104 -0.084534 -0.029291 -0.039453 -0.059889 -0.046071
 0.035890 -0.084074 -0.082836 0.094894 -0.013683 0.034664 0.069908 0.023619
 0.061457 -0.025646 0.000481 0.051325 -0.022213 -0.006605 -0.067288 -0.024315
 0.008030 -0.074925 -0.092971 -0.018970 -0.006086 0.038564 -0.024611 0.099751
 0.094294 -0.046996 -0.077798 0.015714 0.051129 0.002504 -0.088912 0.030581
 -0.051940 -0.026080 0.040521 0.050387 0.019143 -0.028368 0.041737 -0.057585
 -0.050103 -0.094613 0.004394 0.003143 -0.075016 0.008761 0.017144 0.060213
 -0.065117 -0.045000 -0.007901 0.011882 0.065682 0.096422 0.076636 -0.097987
 -0.087108 -0.087317 -0.051986 -0.021251 -0.075804 -0.015030 0.052564 -0.036034
 0.082562 0.071345 -0.099146 0.089423 0.053374 -0.011600 -0.035656 -0.013704
 0.080449 0.046170 0.068825 -0.076957 0.042174 0.091490 0.034586 0.054133
 -0.034718 0.079135 -0.048654 0.029133 -0.071402 0.093848 -0.097149 0.014873
 0.040707 -0.064999 -0.006929 0.039224 -0.074693 0.065209 0.017950 -0.081822
 -0.064477 -0.035182 -0.026909 -0.008101 -0.015044 0.030364 0.011717 0.044498
 0.088587 0.025083 -0.080940 0.094931 -0.040089 -0.044824 -0.061780 0.041104
 -0.093988 -0.010153 -0.027729 0.058853 0.017710 0.058388 -0.057624 0.040019
 0.023461 0.068052 -0.027698 0.025949 -0.098513 -0.008121 0.056314 -0.045735
 -0.002048 0.015280 0.072483 0.030162 0.061539 0.059765 0.010476 0.001050
 0.020738 0.092763 -0.002169 0.085144 -0.061575 -0.086676 0.036949 -0.023013
 -0.043244 -0.010403 -0.014001 0.016996 0.063392 -0.071159 0.073911 0.000882
 0.070376 -0.090413 0.048229 0.039863 -0.063963 0.097189 0.022916 -0.063477
 -0.063964 -0.050993 -0.074029 0.036259 0.049406 0.007349 -0.098343 0.050964
 -0.032272 0.018739 -0.071465 -0.099107 -0.056767 0.036198 -0.024176 0.066556
 0.028623 -0.061530 -0.076341 0.081042 0.084701 0.037405 -0.062612 -0.093205
 0.077125 0.090126 -0.075675 0.045041 0.010804 -0.070429 0.096096 0.034772
 -0.092962 0.098587 0.095124 -0.096771 -0.025951 0.011385 0.009707 0.006106
 -0.037688 0.090840 -0.045723 -0.007898 -0.053852 0.020914 -0.066827 -0.008586
 0.003622 0.037321 0.078232 -0.050313 0.052979 0.015204 0.072135 0.021877
 0.065593 -0.023685 0.023833 -0.046034 -0.017986 0.014042 -0.090531 0.079091
 0.078364 -0.001251 -0.019186 -0.085457 -0.007612 0.089251 -0.033642 0.078091
 -0.080709 -0.073710 -0.083683 -0.042436 -0.026303 -0.070463 0.003568 -0.056721
 -0.005585 -0.097567 0.078037 0.094793 0.030876 0.033193 0.050541 0.063019
 0.084393 0.062320 0.031906 -0.048873 0.078205 -0.090177 -0.032112 0.073503
 -0.029475 -0.000041 -0.086994 -0.062550 -0.089639 -0.034264 -0.016673 0.084581
 -0.053235 0.016076 -0.036617 0.002632 0.056347 -0.064464 -0.074252 0.024936
 0.046914 -0.047502 0.050843 0.082600 0.037824 0.096513 -0.059710 0.039495
 -0.018845 -0.039015 -0.072062 0.013461 -0.090332 0.082772 0.009702 -0.041865
 0.070875 0.070250 0.029159 0.043036 0.022151 -0.090054 0.072768 -0.024705
 -0.013206 -0.087259 0.059722 -0.021257 0.090319 -0.070844 -0.078071 0.036752
 -0.082758 0.000469 -0.044403 -0.030267 -0.005942 0.025844 -0.026309 0.096789
 0.041008 -0.030345 -0.025183 -0.081045 0.049537 -0.064079 -0.028231 -0.076952
 -0.051819 0.098785 0.094403 -0.064883 -0.022166 -0.061649 -0.065402 0.057209
 -0.079286 0.078249 0.059172 0.055200 0.046960 0.019692 0.068913 0.098003
 0.063537 0.045901 0.013405 -0.090123 0.015546 0.049913 0.048707 -0.017249
 -0.084859 -0.089207 0.069655 0.040173 -0.050254 0.043394 -0.062112 0.006081
 -0.053691 0.051468 0.092952 -0.093364 0.066971 0.084644 -0.010760 0.085310
 -0.054409 0.047545 0.015413 -0.009658 0.021445 -0.027817 -0.092520 -0.041664
 0.072168 -0.022305 0.073901 0.044835 0.050829 -0.056680 -0.033839 0.071244
 -0.041246 0.076959 0.060347 0.044082 -0.038134 0.002181 -0.067177 0.095709
 -0.048521 0.068187 -0.037966 0.087850 0.043693 0.065822 0.067839 0.028968
 -0.061061 0.073002 0.078397 -0.031198 -0.090961 -0.071911 0.068060 -0.014349
 0.012320 0.048219 -0.029927 -0.069003 0.042520 0.007648 0.014333 -0.042347
 -0.098488 -0.075788 0.029277 0.082048 0.034995 -0.097476 -0.075243 -0.057431
 -0.054363 0.067802 -0.031934 -0.092807 0.067842 -0.053447 0.041698 -0.009225
 -0.064242 -0.055022 -0.020355 -0.077573 0.063446 0.029321 -0.087090 0.010359
 -0.034192 0.063377 -0.060780 0.040429 0.074785 0.044347 -0.000221 -0.008233
 -0.059436 0.084318 0.096872 0.088593 -0.084320 -0.062984 -0.018986 0.017620
 0.068261 -0.090120 0.027969 -0.075816 -0.057407 -0.049881 -0.030461 -0.098965
 0.085761 0.009515 0.056712 -0.061012 0.058758 -0.084733 -0.052741 -0.098854
 0.080994 0.003475 0.068155 0.098501 0.080043 -0.027836 0.019209 -0.016272
 -0.048695 0.008515 -0.037108 -0.060660 0.092521 -0.076904 -0.043807 -0.094270
 -0.053069 -0.061901 0.098390 -0.034065 -0.084973 0.037179 -0.056623 -0.053101
 -0.034812 -0.049518 0.043383 0.064313 0.093904 -0.054427 0.026625 0.028477
 -0.009087 -0.014035 0.076529 0.007377 0.033668 0.006266 0.085933 0.085800
 -0.056533 -0.013206 -0.081635 -0.035764 0.002709 -0.068889 -0.000634 0.056821
 0.075145 0.032685 0.047232 0.005539 -0.007899 -0.008468 0.086485 -0.024178
 -0.094794 -0.046542 0.059595 -0.031911 -0.006461 0.060269 0.025259 -0.074277
 -0.083925 0.069149 0.098654 0.087568 -0.089913 0.088733 -0.012501 -0.030724
 0.002227 -0.032930 0.065465 -0.027370 -0.067040 -0.065740 0.024280 0.000207
 -0.049701 -0.017383 -0.059670 0.049091 -0.006002 -0.022605 -0.016321 0.099784
 -0.060390 -0.066103 0.016418 0.017267 -0.075521 -0.007295 0.055662 0.094362
 -0.063769 0.025390 -0.052114 -0.093541 0.048942 -0.053824 -0.073272 0.040166
 -0.060276 -0.072615 0.024200 0.065872 -0.047749 -0.056172 -0.038875 0.076756
 -0.013775 -0.062793 0.093556 0.093399 -0.049644 -0.082803 0.001125 0.082909
 -0.088489 0.015368 -0.002923 -0.030595 -0.094868 0.006115 -0.067250 -0.096167
 0.014380 -0.083728 -0.043501 0.036575 -0.023811 -0.094924 -0.082103 0.069980
 -0.022523 -0.080832 -0.054299 -0.068878 -0.073485 -0.080697 -0.042797 0.008241
 -0.037261 -0.054250 -0.098508 0.002197 0.094530 -0.010900 0.019037 -0.061841
 -0.013455 -0.067257 -0.078744 -0.020403 -0.035078 -0.058535 0.013824 -0.093512
 0.087377 0.064540 0.024815 -0.035783 0.008894 0.086121 0.073883 -0.098939
 0.050886 0.019350 -0.066061 0.058223 0.054468 -0.071401 0.093962 0.038790
 -0.010688 -0.091578 0.010323 -0.078580 0.003178 -0.075387 0.034443 -0.068118
 0.007125 0.054397 -0.002625 -0.071019 0.032486 0.033499 0.074196 -0.010605
 0.085746 0.063580 -0.092750 -0.048246 -0.041251 0.013808 0.067272 0.017917
 0.098165 0.011971 -0.073921 0.064155 0.074843 -0.003816 0.078272 -0.080991
 0.027336 0.026299 0.043735 -0.017635 -0.079096 -0.084982 -0.003270 -0.085538
 -0.073934 -0.060354 -0.038512 -0.039181 0.057173 -0.025624 0.051482 -0.083888
 0.042189 0.091131 -0.098088 -0.051086 0.035050 -0.010139 -0.026415 0.087864
 -0.073384 0.049699 0.029060 -0.053252 -0.090529 0.025752 0.062119 -0.083152
 0.070778 -0.001685 0.012759 -0.012113 -0.006779 0.019625 0.053162 -0.093628
 -0.092456 0.014751 -0.005575 -0.034895 -0.072921 -0.027287 -0.088775 0.013321
 -0.096981 -0.060749 0.064089 0.052896 -0.092921 0.055037 0.039094 -0.042206
 0.082850 0.072473 0.050182 -0.084304 0.097791 0.040600 0.045356 0.061894
 0.060647 0.076048 -0.060646 0.055663 0.067211 0.002665 -0.038219 -0.090127
 0.013980 0.070489 -0.076291 -0.065555 0.000264 0.000584 -0.065598 -0.046738
 -0.079101 0.007774 -0.015177 0.093947 0.032596 -0.059332 -0.075815 -0.088786
 0.002721 0.005270 0.088235 0.002956 0.047687 0.052385 0.016397 -0.026716
 0.068128 -0.071462 0.032565 0.092500 0.032389 0.072111 0.096396 -0.037668
 -0.068092 0.094156 -0.019424 0.043975 0.033600 -0.056658 0.095244 -0.018818
 0.093700 -0.034336 0.009834 0.066162 0.094149 0.015776 0.030257 -0.039034
 -0.031403 0.085960 0.012798 -0.059390 -0.042602 -0.066015 -0.036968 -0.015278
 -0.014252 -0.030427 0.008052 0.033926 -0.051378 0.076901 0.052352 0.016331
 -0.050657 0.023720 -0.025329 0.001689 0.029371 -0.049067 0.044413 0.004969
 0.094588 0.012504 0.084120 0.072217 0.067617 -0.071711 0.008817 0.035770
 0.001610 -0.044188 -0.091938 0.024700 0.094746 0.063103 -0.086147 -0.035979
 -0.041540 0.044870 -0.095270 -0.062532 -0.081521 0.045463 -0.002104 -0.031566
 -0.072651 0.041212 0.072862 0.058676 -0.009103 -0.048606 0.024656 -0.026608
 -0.067004 0.062521 -0.047141 -0.029947 -0.004039 0.073173 -0.070958 -0.009096
 -0.025078 0.043481 -0.064741 -0.085168 -0.097663 -0.037086 0.021317 0.003164
 0.031253 0.061780 -0.074910 0.008612 -0.022828 0.043978 0.089771 -0.067020
 0.045999 0.064095 -0.014555 -0.013154 0.068206 0.026642 0.046197 -0.080422
 -0.057086 0.008885 -0.076537 0.089986 0.063487 0.006155 -0.014344 -0.088551
 -0.056585 0.083434 -0.084624 0.074981 0.084990 -0.087054 0.058772 0.060879
 -0.097161 -0.015660 0.022623 -0.047670 -0.067925 0.077497 0.022136 -0.003591
 0.064853 -0.062764 -0.082535 0.073168 -0.023542 0.054261 0.066555 -0.025390
 -0.091938 0.011780 -0.020387 -0.069917 0.076815 0.061628 0.056571 -0.037121
 -0.066264 0.015539 0.043536 0.002222 0.054298 0.017674 -0.056880 -0.062387
 -0.088684 0.083730 -0.034269 0.090041 -0.026590 -0.011236 -0.041937 -0.048432
 -0.012160 0.076000 0.022035 -0.078345 -0.063059 0.001593 -0.069801 0.010607
 -0.030090 0.062328 0.088141 0.046903 -0.055013 0.065505 0.012149 -0.013327
 -0.019076 -0.087867 -0.018251 0.071621 -0.099324 -0.031034 0.006289 -0.037032
 0.007848 -0.060295 0.038836 0.060913 -0.050682 0.073874 -0.023256 0.037471
 -0.019857 0.032806 -0.058710 -0.058419 0.037533 0.060189 -0.092572 0.058092
 -0.065581 -0.029379 0.017640 -0.024886 -0.043043 -0.089347 0.080029 -0.013727
 0.041993 -0.001333 0.092122 -0.028382 0.033136 0.010618 0.030793 0.072490
 -0.031553 -0.074993 -0.022274 -0.040267 0.009799 -0.032404 0.055359 -0.049944
 -0.060524 -0.098498 -0.069131 -0.020780 0.076680 0.027309 -0.048577 0.034679
 0.064194 -0.008934 -0.036495 0.072915 0.030208 0.066867 -0.099374 -0.087234
 -0.077158 -0.083699 -0.029565 0.057233 -0.035689 0.017405 -0.086579 0.051880
 0.000431 -0.042760 -0.084417 0.010168 0.085611 0.080871 0.080966 -0.036738
 -0.048491 0.031731 0.029856 -0.039023 0.084977 -0.082198 0.062161 0.063385
 -0.095658 -0.028381 0.048213 -0.004391 0.010742 -0.026549 -0.038437 0.067864
 -0.053570 0.093277 0.038808 0.052517 0.078075 -0.050922 -0.099965 0.074925
 0.016215 -0.027753 -0.022777 0.035156 0.021756 0.012086 -0.067202 -0.049666
 0.095648 0.014467 -0.056373 0.020650 -0.096593 -0.002787 -0.099015 -0.049480
 -0.026453 -0.072078 0.019200 0.000418 -0.040491 -0.068985 -0.024064 -0.029778
 0.045927 -0.021335 -0.037649 -0.095592 0.002008 -0.001117 0.090584 0.030937
 0.071109 -0.092558 0.097915 0.064220 -0.086819 0.084597 0.034502 0.097457
 0.073795 0.005932 0.007494 -0.063108 0.072526 -0.083771 -0.008702 0.034707
 0.059949 -0.043277 0.050059 0.058590 0.000005 -0.071237 -0.066533 0.063842
 -0.030320 0.017247 0.081633 0.087038 0.064141 -0.032880 -0.079573 -0.034462
 0.037802 -0.027124 -0.042457 -0.084858 -0.031792 -0.099248 0.047753 0.036140
 -0.007090 0.069664 0.015556 -0.007811 -0.051638 -0.088511 -0.039251 -0.062906
 0.075517 0.087954 0.022707 0.003426 0.085616 0.081287 -0.080422 0.067128
 -0.075921 0.038635 -0.088620 -0.042234 -0.025527 0.015698 -0.068578 -0.036052
 0.039945 0.026989 0.003784 -0.067466 -0.033689 0.096157 -0.076958 -0.010495
 0.059524 -0.089823 -0.066413 -0.039687 -0.033348 -0.098265 0.059650 -0.080937
 0.063717 -0.060941 0.043107 0.080985 -0.017305 0.040940 0.011735 0.024098
 -0.089772 -0.076704 -0.044363 0.002729 0.044102 -0.077584 0.070665 0.019963
 -0.060482 0.090211 -0.086388 -0.084532 -0.002178 0.067773 -0.004326 0.055264
 -0.048549 0.055692 -0.082064 0.061334 0.033493 -0.058763 0.068966 -0.060302
 -0.069521 -0.074737 0.009858 0.017480 -0.003404 0.055479 0.025186 -0.046704
 0.027190 0.020977 -0.037249 -0.096135 0.074779 0.015844 -0.075940 -0.069542
 0.035748 -0.084039 0.026891 0.003495 -0.065874 0.007503 0.054087 0.092152
 0.068540 -0.001561 0.062154 -0.053599 0.018556 -0.093593 -0.083201 0.050585
 -0.069278 0.037731 0.011918 -0.092335 -0.041409 -0.060103 -0.002295 -0.038638
 0.098973 0.007278 0.015099 -0.069304 -0.057334 0.091709 -0.088084 -0.066928
 0.066714 -0.091643 -0.003747 0.082968 0.057880 0.021007 -0.067705 -0.093251
 0.060010 0.005754 0.016580 0.067182 0.092628 -0.029851 0.036239 -0.022910
 0.023311 0.046111 -0.011457 0.084418 0.092637 0.027953 -0.063647 0.017280
 -0.088755 0.026553 0.081479 0.091927 -0.031792 -0.045319 0.089427 0.006744
 0.051146 0.085300 -0.004849 0.002114 -0.095780 0.023286 0.044884 -0.073450
 0.066123 -0.079438 -0.021370 -0.055723 -0.074096 0.077914 -0.073762 -0.056939
 0.071546 -0.061001 0.021715 -0.005231 0.059886 0.077894 -0.088992 -0.070533
 -0.052330 0.063756 0.051134 -0.056640 0.080176 0.079556 0.081574 -0.011868
 -0.015404 -0.066431 -0.058819 -0.002101 -0.093360 0.019121 -0.011539 -0.023508
 0.071671 0.045941 -0.062207 -0.042418 0.046248 0.023111 -0.027275 0.008082
 0.040524 0.034768 0.067861 -0.076286 -0.047667 0.095582 -0.047806 -0.009525
]
Total memory size for keys: rot_key_cnt = 263, rot_key_size = 6618702184 bytes, total_key_size = 6658548608 bytes
Total memory size for weight plain: cnt = 265, size = 285756040 bytes
RTLib functions         	       Count	      Elapse
--------------------    	    --------	    --------
FINALIZE_CONTEXT        	           1	    0.004900 sec
PREPARE_CONTEXT         	           1	   29.116624 sec
ENCODE_ARRAY            	         266	    1.314442 sec
NTT                     	        8643	   10.176379 sec
INTT                    	        1623	    2.061888 sec
MAIN_GRAPH              	           1	    8.343657 sec
 HW_ADD                  	        1650	    0.119586 sec
 HW_MUL                  	        1090	    0.317511 sec
 HW_ROT                  	        1100	    0.076569 sec
 PRECOMP                 	         266	    2.107023 sec
 MOD_DOWN                	         532	    3.631962 sec
 FAST_DOT_PROD           	         532	    0.708800 sec
 RESCALE_POLY            	           8	    0.039115 sec
 COPY_CIPH               	           4	    0.002505 sec
 INIT_CIPH_SM_SC         	         532	    0.002807 sec
 INIT_CIPH_UP_SC         	         265	    0.021349 sec
 INIT_CIPH_DN_SC         	           4	    0.000189 sec
 PT_ENCODE               	         265	    1.309254 sec
MAIN_GRAPH              	   sub total	    8.336671 sec
37.81s 6746488KB
Exit 0 - Check log: /app/ae_result/hpao/i256x8x8_k2p0s2.lmr.log
LINK_EXEC RETV:0
LINK_EXEC CMD TIME:38.591857s
