FAST_DOT_PROD=0
/app/hpao_cmplr/bin/fhe_cmplr /app/model/i64x16x16_ci64_co128_k3p1s1.onnx -o /app/ae_tmp/i64x16x16_ci64_co128_k3p1s1.onnx.c -VEC:conv_fast -VEC:ms=32768 -CKKS:N=65536 -P2C:df=/app/ae_tmp/i64x16x16_ci64_co128_k3p1s1.onnx.weight -CKKS:sk_hw=192 -O2A:ts -FHE_SCHEME:ts -VEC:ts -SIHE:ts -FHE_SCHEME:ts -POLY:ts -P2C:ts -CKKS:ts:q0=60:sf=56 -POLY:ts -P2C:ts -P2C:fp -SIHE:relu_vr_def=10
[/app/hpao_cmplr/bin/fhe_cmplr][ONNX2AIR][--] : phase_time = 0.001027 / 0.001170(s)
[/app/hpao_cmplr/bin/fhe_cmplr][SCHEME_INFO_ANALYZE][--] : phase_time = 0.000015 / 0.001191(s)
[/app/hpao_cmplr/bin/fhe_cmplr][VECTOR][--] : phase_time = 0.176802 / 0.177997(s)
[/app/hpao_cmplr/bin/fhe_cmplr][SIHE][--] : phase_time = 0.034086 / 0.212096(s)
[/app/hpao_cmplr/bin/fhe_cmplr][CKKS][--] : phase_time = 0.035908 / 0.248012(s)
[/app/hpao_cmplr/bin/fhe_cmplr][POLY][--] : phase_time = 0.143259 / 0.391280(s)
[/app/hpao_cmplr/bin/fhe_cmplr][POLY2C][--] : phase_time = 0.035749 / 0.427039(s)
COMPILE RETV:0
COMPILE CMD TIME:0.462113s
/app/hpao_cmplr i64x16x16_ci64_co128_k3p1s1.onnx /app/test/i64x16x16_ci64_co128_k3p1s1.c i64x16x16_ci64_co128_k3p1s1.onnx.c
ckks_param: _provider = 0, _poly_degree = 65536, _sec_level = 0, mul_depth = 3, _first_mod_size = 60, _scaling_mod_size = 56, _num_q_parts = 2, _num_p = 2, _num_rot_idx = 73,_hamming_wieght = 192
input(tensor): [
 -0.029737 0.045913 0.011344 0.099211 -0.023482 0.009296 -0.009949 0.008826 -0.003551 0.046500 0.049368 -0.075766 -0.055647 0.064883 0.000969 -0.057140
 0.038229 -0.035431 -0.062255 -0.057401 0.067499 -0.016166 -0.085143 -0.016040 -0.076258 0.068342 0.045688 0.093614 0.025359 0.091369 0.061326 -0.000404
 -0.018293 0.045786 0.086995 0.013572 0.085070 0.009213 0.072757 0.078935 -0.034605 -0.044018 -0.039322 0.008025 -0.037946 0.018882 -0.040868 -0.034702
 -0.054779 0.076877 0.086047 -0.033354 -0.094554 -0.006151 -0.009627 -0.074780 -0.043154 -0.044321 0.020600 -0.074407 -0.014707 0.004496 -0.032230 -0.037011
 -0.038303 0.088126 0.073312 -0.014931 -0.071456 -0.035620 -0.046828 0.045091 -0.065146 0.057665 0.082519 0.016615 -0.057227 0.033307 -0.093382 -0.084324
 -0.042953 0.028718 -0.077151 -0.002220 0.081415 0.067028 0.087634 -0.021728 -0.038491 -0.075154 -0.094994 -0.070646 0.007818 -0.022607 -0.014741 -0.001671
 -0.070324 0.025035 -0.071927 -0.050615 -0.017434 0.052106 0.085849 -0.002276 -0.046589 0.007636 0.072128 0.001149 -0.065641 -0.036181 -0.030906 0.056460
 0.021172 0.000019 0.061433 0.026114 0.060651 0.011535 -0.030042 -0.019181 0.059486 -0.040634 0.012400 0.030345 -0.014011 0.011373 0.062269 -0.028440
 0.078876 -0.098427 0.036107 -0.040770 0.030303 0.069827 0.005020 -0.007862 0.055245 -0.092158 0.097440 -0.095087 0.027534 -0.035557 0.062628 -0.069266
 0.010763 0.044940 0.042688 -0.022113 -0.088774 -0.049979 0.088790 0.022020 0.034271 -0.004028 -0.067730 -0.033017 -0.011721 -0.049808 -0.060880 -0.050707
 -0.084508 -0.088036 0.026940 -0.093653 0.035864 0.019298 -0.000485 -0.061212 0.023885 0.046376 0.096792 0.046325 0.058740 -0.091645 -0.013246 0.081033
 -0.087362 0.040095 -0.061236 -0.073534 -0.066079 0.070780 0.058641 -0.066326 0.047235 -0.003280 -0.087708 -0.011424 -0.053265 0.013660 -0.001786 -0.046524
 -0.044893 0.054125 0.090930 -0.079246 0.019103 0.022956 -0.087046 0.048673 -0.082174 -0.077430 0.088693 0.098892 0.016275 0.090452 0.051388 -0.020321
 0.071430 0.043732 0.037032 0.008974 0.006615 0.091888 -0.020802 -0.036301 -0.050605 0.027179 -0.040703 -0.061005 -0.066160 0.025129 0.009068 0.042944
 -0.049250 0.069553 -0.071156 0.011794 0.031913 -0.093619 -0.052167 -0.093053 0.085139 -0.018825 0.069300 -0.097648 0.024656 0.034251 0.013896 -0.030129
 -0.039056 -0.070700 -0.076428 -0.029118 0.043801 0.011399 -0.013550 -0.076695 0.091333 -0.033955 -0.087392 0.058091 0.053381 0.062442 0.084135 0.019168
 -0.079672 0.040958 0.012690 0.018082 0.066170 -0.001816 -0.047160 0.020092 0.086648 -0.069078 -0.091952 -0.031935 -0.002311 -0.010445 -0.028957 -0.086586
 -0.029717 0.085483 0.068596 -0.065312 0.031958 -0.027570 0.012890 0.069361 -0.002446 0.002484 0.000898 0.090132 0.065458 -0.089485 0.025703 -0.040756
 0.061014 -0.068271 0.011706 0.025256 -0.003502 0.046232 -0.080773 0.081830 -0.072764 0.063640 0.027584 -0.088104 0.036107 -0.059924 -0.051767 -0.015063
 0.035385 0.008277 -0.024455 0.063542 0.095621 0.000816 0.028961 0.021451 0.004896 -0.069795 0.007893 -0.040434 -0.032710 -0.015372 -0.093992 0.029280
 0.093731 -0.041529 -0.024415 -0.094624 -0.009134 0.081186 -0.060341 -0.034455 0.028640 0.013994 0.073293 0.083126 -0.076552 -0.049349 -0.024504 -0.027876
 -0.085432 0.084185 -0.026767 0.029802 0.019538 -0.044808 0.050234 0.047359 -0.054025 0.012448 -0.023836 -0.092779 -0.094355 -0.072183 0.084073 0.099050
 -0.048149 0.021359 -0.044090 0.098155 -0.065398 -0.093395 -0.072309 -0.016846 0.079307 -0.081993 0.017819 0.010372 -0.031729 0.015188 -0.004306 -0.012545
 -0.030344 -0.016141 0.050306 -0.006396 -0.085898 -0.080942 -0.020842 0.002166 -0.087790 0.081489 -0.072741 -0.031397 0.055520 -0.037935 -0.060998 0.037818
 -0.076426 -0.018051 0.031169 0.021275 0.029606 -0.005748 0.090643 0.079669 -0.042326 -0.088707 0.098189 -0.081624 0.087070 0.045766 -0.041435 -0.040860
 0.043785 0.024454 -0.063262 -0.087209 0.071625 0.001422 0.005427 -0.078714 0.078984 -0.092195 -0.093606 -0.004119 -0.098500 0.032689 -0.087074 0.087914
 0.081907 0.016653 -0.082411 0.096748 -0.095613 -0.051978 0.069686 -0.058358 -0.035864 -0.087339 0.005039 -0.091652 0.045623 -0.046939 -0.089179 -0.042516
 -0.023018 -0.007063 0.030908 0.062566 -0.066931 -0.044597 0.093191 0.023961 0.029092 0.069408 -0.052544 0.029509 0.031930 -0.070970 0.054426 0.095285
 0.045552 -0.085583 -0.023267 -0.089527 0.088945 -0.011262 -0.071711 -0.045430 -0.070710 0.062578 -0.026058 -0.031188 -0.042023 -0.066445 -0.055587 -0.078288
 0.012647 0.006407 -0.051747 0.011003 -0.013668 0.050042 0.073536 -0.086475 -0.094945 -0.025058 0.007505 0.085315 0.005100 -0.064105 -0.007485 0.062594
 -0.080308 -0.089635 0.075393 0.037872 -0.039376 0.039946 0.090361 -0.004667 -0.007537 0.013759 0.081090 -0.046692 -0.096616 -0.080498 -0.092548 0.090810
 0.023839 0.084495 0.033920 -0.092408 0.027579 -0.062731 0.011924 -0.075900 0.057663 0.043602 -0.067493 0.027061 0.066219 -0.087509 -0.004276 0.096523
 0.029916 -0.081002 0.063658 -0.045474 -0.033525 0.036117 -0.076264 -0.042083 -0.084085 0.012547 0.029378 0.083323 -0.051880 -0.074925 0.014629 -0.071086
 0.092762 0.032788 0.040437 0.049088 -0.054793 -0.026057 0.032591 0.038600 0.004615 -0.017888 -0.053643 -0.038597 -0.076044 -0.021349 -0.075605 0.059272
 -0.020011 0.093783 -0.077145 0.005516 -0.072276 0.040500 0.067018 -0.090283 -0.026372 -0.090523 -0.035367 0.086798 0.089699 0.015779 0.024042 0.092582
 -0.056781 -0.007662 -0.029583 0.095937 0.010926 0.070215 0.076057 0.077952 -0.030043 -0.049297 0.080144 -0.009237 0.082832 0.025830 0.029415 -0.077264
 0.050310 0.029551 -0.072471 -0.034941 0.095574 -0.035013 -0.022225 0.027319 0.035497 -0.026136 -0.044780 0.040655 0.038408 -0.054577 -0.093961 0.079262
 0.012215 -0.035989 0.053524 0.062130 -0.020329 0.098214 0.084608 -0.099308 0.029727 0.053636 -0.087742 -0.028868 -0.096168 -0.052279 -0.094214 -0.047773
 0.007428 -0.046303 -0.018135 0.017545 -0.078115 0.019592 0.081309 0.016782 0.080000 0.004395 -0.001421 -0.072558 -0.099627 -0.094891 -0.070848 0.092477
 -0.098284 0.086020 0.065029 -0.032273 0.087324 0.091601 -0.073364 -0.041025 -0.056506 -0.095409 -0.097868 0.037243 -0.041177 0.046996 0.069287 -0.074387
 -0.081818 -0.047076 0.050888 -0.004749 0.063449 -0.046914 -0.046138 0.025507 -0.005449 -0.033248 -0.065370 -0.002614 -0.023215 -0.054823 0.067872 0.072643
 -0.068185 0.046399 0.057696 0.019510 0.068819 -0.058290 0.035014 -0.084041 0.014531 -0.023083 -0.029320 -0.088388 -0.074206 0.059621 0.048867 0.046289
 -0.009084 -0.004820 -0.045706 0.086340 -0.048973 -0.041570 0.003148 0.098278 -0.029702 0.028832 0.019543 0.016358 -0.016583 0.051624 -0.082858 0.077241
 0.072123 0.052311 -0.003951 0.082883 0.085386 -0.090895 0.026482 0.016220 -0.059027 0.007625 -0.081973 -0.018050 0.089112 0.010172 0.049667 -0.067623
 0.073388 0.095059 0.055540 0.012599 0.082344 -0.059748 -0.033863 0.051493 -0.007310 -0.045452 -0.055087 -0.072758 -0.098375 0.078479 0.060984 0.048063
 -0.058336 0.043351 0.017321 0.027991 -0.002118 0.045342 0.015596 -0.077483 -0.018442 0.045562 -0.053152 0.085315 -0.020092 -0.084697 -0.091554 0.093538
 0.075978 0.001727 -0.083835 0.045141 0.031973 -0.042237 -0.050724 0.040331 -0.071664 0.026522 0.045292 -0.056847 0.062118 0.000890 0.040100 -0.081849
 0.067238 -0.048255 -0.001969 0.099382 0.034574 0.074791 -0.017920 0.010520 0.086273 0.084161 -0.032108 0.010015 -0.081713 -0.084495 -0.021010 0.047280
 -0.009507 -0.073860 0.024057 0.097040 -0.019889 -0.084913 0.059323 -0.053829 -0.097969 -0.025976 0.059904 0.073004 0.007871 -0.051492 0.087193 -0.089013
 -0.063333 0.043756 -0.058285 -0.086995 0.080240 0.069897 0.029305 0.014271 -0.016203 0.054205 0.019669 -0.093505 0.024812 -0.096695 -0.088684 0.077519
 0.029646 0.000590 -0.004518 -0.045139 -0.029488 0.027445 0.042539 -0.027030 0.013253 0.033561 0.095161 -0.003258 0.046970 -0.011830 0.014329 -0.067132
 0.098305 -0.088405 0.023235 0.097029 -0.067335 0.006820 0.083983 0.079970 0.009059 0.057934 0.044251 0.001844 0.083659 0.043761 -0.038813 -0.076460
 -0.088834 0.083752 0.008579 -0.022961 0.045819 0.092171 -0.004688 -0.072845 0.076519 -0.022355 -0.087697 -0.051286 0.087380 0.057621 0.009718 0.006303
 0.002017 0.032960 0.010488 0.032791 0.051308 0.068389 -0.051246 0.050225 0.030365 0.048352 -0.037546 0.034831 -0.062048 -0.000448 -0.056053 -0.028487
 0.072474 -0.023734 -0.027588 -0.000916 -0.000855 0.095712 0.073886 0.076328 -0.000640 0.059948 -0.042489 -0.001517 -0.078302 0.097915 -0.015314 -0.009494
 -0.077791 0.087576 -0.065951 -0.075102 0.044247 -0.091337 0.092846 0.089548 0.030169 0.048061 -0.017588 0.041728 0.048904 -0.088543 0.010811 0.034851
 0.042778 -0.073558 -0.006314 -0.005997 0.051989 -0.033236 -0.002553 -0.085731 0.093880 0.002359 0.077838 0.092901 0.048794 0.007682 0.050584 0.059308
 -0.055710 -0.067882 -0.050463 0.044220 0.068076 -0.055173 0.035021 -0.097167 0.017703 0.068206 0.045059 0.024945 -0.057558 -0.028047 -0.051807 0.038060
 -0.056991 -0.038898 0.025580 -0.062899 0.060784 0.039440 -0.022328 0.052989 -0.048508 -0.019741 0.080655 0.071695 -0.075116 -0.021243 0.098514 -0.095846
 0.067347 -0.039986 0.067251 0.047255 0.064553 -0.037073 0.054531 0.002372 -0.040468 -0.079206 0.041605 -0.060506 -0.000544 -0.045702 0.011895 -0.072596
 -0.034263 -0.017478 0.053782 -0.075245 0.022988 -0.096755 -0.027706 -0.088719 -0.015870 -0.005823 -0.061128 0.031373 0.082438 0.076544 -0.004394 -0.071625
 -0.028527 0.022839 0.064123 -0.026957 -0.000701 0.026963 0.076895 -0.012771 -0.081126 -0.079349 -0.001163 0.050515 0.078028 0.025288 0.064007 0.056084
 0.033753 0.081333 -0.020545 0.042886 0.064663 -0.065671 0.006616 -0.064475 0.014467 -0.071620 0.092227 -0.067210 -0.073112 0.016208 -0.031327 0.066068
 0.056705 0.058315 0.026090 -0.052655 -0.073281 -0.033131 0.068492 0.063339 0.005568 -0.099404 0.075029 0.045427 -0.014916 0.036094 0.094285 -0.087565
 -0.038791 0.020392 0.097299 0.068595 -0.022542 0.068104 0.097457 -0.030835 0.076426 -0.012824 -0.040050 0.020634 0.066703 0.092052 -0.011355 -0.086871
 0.075619 -0.098807 -0.068294 -0.022813 -0.000653 -0.040422 0.063517 -0.070808 -0.085343 0.093581 -0.052748 0.041827 0.089002 0.025595 -0.003090 0.012673
 0.017670 0.099563 0.001348 0.006766 0.027134 0.085710 -0.011677 0.097300 -0.060601 0.030903 0.008410 0.083811 -0.041670 -0.036682 -0.020965 0.046113
 -0.026577 -0.039741 -0.095347 0.050811 -0.037081 0.059074 -0.015218 0.061168 0.093039 -0.017649 0.050496 0.012062 -0.047983 -0.009894 0.032029 0.026145
 0.049270 0.025746 0.027863 0.032678 0.056275 0.065217 -0.016190 -0.089422 -0.013237 0.065119 0.053716 -0.002240 -0.095432 0.062826 0.008822 -0.058115
 -0.057781 0.074581 -0.073053 0.026093 -0.054148 0.056680 0.033880 -0.034950 0.023175 -0.046537 -0.039935 0.021377 -0.021480 0.004711 0.054206 0.023280
 -0.073714 -0.092902 0.091074 0.019400 0.071108 -0.040430 -0.048392 -0.095646 -0.005081 0.034267 0.013424 0.074419 0.058270 -0.049999 0.091806 -0.061469
 0.010464 -0.038486 0.028164 -0.019388 0.093171 0.021169 0.093660 -0.014802 -0.012192 0.098169 0.098597 -0.052471 -0.014127 -0.036740 -0.040925 0.082018
 -0.040546 -0.063780 0.036823 -0.016212 0.045833 -0.061486 0.087370 0.063242 -0.059561 -0.079510 0.088747 -0.076522 0.022933 -0.039378 -0.081978 0.055518
 -0.092565 0.026598 -0.050465 -0.007176 -0.047677 -0.015497 -0.050030 0.008127 0.086110 -0.020788 -0.073404 -0.022376 -0.090459 -0.098108 0.045605 0.089062
 -0.021874 0.044216 -0.016755 0.099510 0.002244 0.043892 -0.061386 -0.088725 -0.011129 -0.076085 0.030101 -0.016471 0.066311 0.044697 0.038705 -0.045146
 -0.061709 -0.030581 0.043544 -0.038713 0.005599 -0.084049 -0.042054 0.069985 -0.095943 0.008766 -0.049837 0.082861 -0.050058 0.077558 -0.087585 -0.096944
 -0.095355 -0.046647 0.087730 0.064052 -0.008749 0.082472 0.019399 0.031925 0.015208 0.014879 -0.022887 -0.099393 -0.009219 0.096938 -0.070472 -0.004925
 0.023403 0.061352 0.034096 0.070549 0.057804 -0.026266 -0.055397 0.011903 0.010339 -0.000461 -0.009164 -0.039541 -0.087525 0.098128 -0.024000 -0.085180
 0.092217 0.071409 -0.043703 -0.010990 0.079082 0.072119 0.030935 0.070503 -0.016958 0.099465 -0.057181 -0.001888 -0.070762 0.087219 0.074591 0.073737
 -0.065841 -0.098647 -0.036786 -0.000216 0.057174 -0.089469 0.043569 -0.064947 0.010230 0.014865 0.061016 0.034374 -0.030656 -0.061984 0.094586 0.082528
 -0.057620 -0.071512 -0.089747 0.033483 -0.065371 0.038185 0.021564 0.005139 -0.035623 0.044855 0.075375 -0.071520 0.054735 -0.047999 -0.060810 -0.013466
 -0.095243 0.060184 0.098920 0.023954 -0.021513 0.027046 -0.069391 0.032789 0.054874 0.045240 0.075724 0.017923 -0.041833 -0.043402 -0.001527 0.045980
 0.080198 0.059692 0.019292 0.068970 0.009494 0.003781 -0.081429 -0.021140 -0.093545 0.024991 0.072287 0.060805 0.000037 0.045584 -0.010710 -0.095364
 0.060371 -0.036132 -0.054644 -0.037696 -0.037765 -0.039901 0.005729 0.039343 0.020811 -0.071042 0.012901 0.098780 0.012155 0.084851 0.014784 0.002487
 0.071642 -0.091034 -0.089355 -0.022145 -0.099315 -0.066422 0.082042 0.093857 0.017026 0.084123 -0.059074 -0.045597 -0.018018 0.063136 0.020419 0.036542
 0.034310 -0.060419 0.068337 -0.041411 0.021793 0.015489 -0.089908 0.065926 -0.035193 -0.085126 0.088385 0.086651 -0.034347 -0.071237 0.060375 0.074877
 -0.032338 0.026249 -0.023773 -0.098413 -0.000493 0.019295 -0.019676 -0.058304 0.025896 0.036061 -0.092885 0.059745 0.015218 -0.009922 0.092997 -0.021240
 -0.096072 -0.083670 -0.070837 0.093344 0.008745 0.061303 0.065274 -0.089720 0.048858 -0.032278 -0.041965 0.001577 0.069426 0.080532 -0.005849 0.007437
 -0.055858 -0.028735 0.047525 -0.048244 0.022049 -0.095017 0.019683 0.097495 0.094619 0.099433 0.032418 0.089701 -0.022718 0.003351 0.042795 -0.096727
 -0.076327 0.033419 -0.068292 0.086084 -0.072132 0.013799 0.085105 0.077312 -0.012405 -0.016134 0.097363 -0.008024 0.009525 0.054801 0.086504 0.047599
 -0.071361 -0.043973 -0.043044 -0.000566 0.084327 -0.026154 0.003310 -0.047283 -0.050538 0.002689 -0.023850 0.017664 -0.055997 0.018598 -0.014603 0.094050
 0.014018 -0.021960 0.022638 0.032937 0.040844 -0.038589 0.001044 0.087603 0.007152 -0.042285 0.070271 0.065667 0.000581 -0.063775 0.055228 0.006213
 0.093749 0.097098 -0.093626 -0.070758 -0.026118 -0.043258 0.061424 -0.052033 0.023860 -0.064464 -0.049766 -0.095776 0.037742 0.069558 -0.035706 0.059891
 -0.077886 -0.037861 0.095431 0.071163 0.011190 -0.012691 0.039215 0.058446 -0.044601 0.016620 -0.093523 0.049313 0.081960 0.072740 -0.037628 -0.033788
 -0.023847 0.020991 -0.090697 -0.031090 -0.041364 -0.019608 0.012936 -0.078564 -0.060186 0.093979 0.077139 0.025214 0.082316 -0.095635 0.034034 -0.055708
 -0.093167 -0.016225 -0.025350 0.066363 0.053984 0.097419 -0.061137 0.096197 -0.084604 -0.008142 -0.014125 -0.006663 0.016830 0.093131 0.021384 0.063143
 0.095568 0.096158 0.039269 0.074143 -0.081088 0.051259 -0.012651 0.085995 -0.006528 0.094776 0.081636 -0.062493 -0.009454 -0.042281 -0.010985 0.062754
 -0.055536 -0.031351 -0.000901 -0.065582 -0.052555 -0.077444 0.024007 -0.090005 -0.035748 -0.045335 -0.032155 0.055256 -0.068447 0.047044 0.067726 -0.076614
 -0.048935 0.080725 -0.011836 -0.091582 0.036439 -0.098384 -0.036622 0.049973 0.032282 0.044212 -0.006888 -0.020190 0.070935 -0.081301 -0.005150 0.016562
 -0.069527 0.060851 -0.067810 -0.034582 0.016314 0.004069 -0.008652 0.064072 0.062559 0.091386 -0.066759 -0.068687 0.068307 0.073308 -0.036345 -0.099028
 0.053883 0.061272 -0.042022 0.001659 -0.098828 -0.036134 0.067877 0.062346 0.019760 -0.041803 0.083374 -0.093800 0.033932 0.018418 0.059424 0.000036
 0.052238 0.017471 0.066294 -0.091754 -0.020531 -0.053269 -0.051291 0.096965 -0.089539 -0.015337 0.031644 0.003727 0.089410 -0.053419 -0.007334 -0.047309
 -0.031900 -0.025966 -0.042255 -0.012437 0.090267 -0.094286 0.044013 0.074028 0.041900 -0.046126 -0.056543 0.036189 -0.076707 -0.054736 -0.077401 0.033774
 0.093008 -0.008759 0.098271 -0.056629 -0.012204 0.092560 -0.078795 0.096396 0.052021 -0.091288 -0.089329 0.096808 -0.016791 0.017520 0.039656 -0.095178
 -0.030542 0.019554 0.085983 0.027701 0.033064 0.008380 -0.088520 -0.054218 -0.044803 0.082467 -0.090958 -0.043682 0.082576 -0.084219 0.027609 -0.054394
 -0.036995 -0.013985 0.016650 -0.098749 0.068083 -0.069306 -0.042787 0.001497 -0.004110 -0.011481 0.008694 -0.093124 -0.075917 0.000338 0.010950 0.075527
 0.007123 0.060570 0.080435 -0.058135 0.008670 -0.016337 0.029768 -0.050046 0.080003 -0.081586 0.035192 0.023114 0.073780 -0.011217 0.040968 -0.060016
 0.094132 -0.037829 0.024605 0.012209 -0.031627 0.042166 0.023783 0.054471 0.004980 -0.045057 0.005916 -0.023224 0.001308 -0.056954 -0.027983 0.073965
 0.072947 -0.096674 0.013651 -0.060260 -0.036084 0.037032 0.018018 -0.039334 -0.059659 -0.038102 -0.079835 -0.090534 -0.003563 -0.074680 0.079858 0.067380
 -0.030751 0.090759 -0.037437 -0.020636 -0.084339 -0.050436 0.091844 -0.018500 -0.075287 0.082821 -0.096906 -0.057442 -0.092376 -0.002105 0.025491 -0.016370
 -0.015744 -0.003572 0.045439 -0.032158 0.058683 0.006851 -0.059414 0.033351 -0.085174 0.070753 0.031380 -0.083133 -0.018041 -0.016688 -0.038358 -0.005141
 0.069531 -0.086418 -0.031873 -0.046389 -0.010724 0.073521 -0.005674 -0.021169 0.089918 -0.085823 -0.079368 0.024794 -0.065698 0.042812 0.093564 0.080625
 -0.024885 0.093615 0.023066 0.066875 0.048215 0.070609 -0.007037 0.001433 0.077939 0.077815 -0.060457 -0.027909 0.040690 -0.086942 0.043669 0.027285
 0.096285 0.012820 -0.061872 0.021263 0.032367 -0.023570 -0.002914 0.037207 -0.094987 0.078362 -0.077299 0.034018 0.070000 0.042160 -0.071548 0.067111
 0.006582 -0.055715 -0.000947 -0.083577 -0.055916 0.097589 0.006884 -0.096778 0.096089 -0.068508 0.085350 0.057855 -0.077874 -0.025276 0.057344 0.040001
 -0.042623 0.076263 -0.052219 -0.068522 -0.080377 0.063547 -0.015916 0.017648 0.059417 0.084447 -0.028765 -0.085341 0.086121 -0.021373 -0.014498 0.002731
 0.051599 -0.069511 -0.053178 0.072990 0.072590 -0.026129 0.067599 -0.063873 -0.044679 0.052482 -0.012321 -0.073261 0.090331 -0.062366 0.048202 -0.087480
 0.024836 0.030826 0.052415 -0.093411 0.012603 0.022675 0.009524 -0.036109 0.088414 -0.004290 -0.000505 0.050017 0.092915 -0.092194 0.016120 0.002139
 0.054334 -0.067198 0.075399 0.073471 0.095132 0.046788 -0.002351 -0.081344 -0.014340 0.079283 -0.059981 -0.097196 0.046292 0.010001 -0.067125 -0.066111
 0.027300 0.008829 -0.065461 -0.002943 -0.089374 0.044143 0.050373 0.058259 0.038754 0.044865 0.055113 -0.021224 0.030979 -0.043661 -0.068218 0.068203
 0.090752 0.005466 -0.026586 0.026986 0.052058 0.032570 0.007498 -0.015132 -0.022790 -0.017692 -0.093111 0.087506 -0.066945 -0.048338 0.070667 -0.079258
 0.080654 -0.035475 -0.081907 -0.056869 -0.026669 0.004342 -0.061889 -0.060154 -0.048160 0.077315 0.062798 0.051633 -0.045481 -0.047573 -0.055509 -0.074416
 0.015504 -0.090432 -0.050691 -0.024813 0.034769 0.044488 0.037777 -0.043808 0.009347 0.071371 0.043418 -0.056623 -0.075394 -0.024595 0.007897 -0.020992
 -0.047190 -0.006039 0.008695 -0.044304 0.076890 0.042573 -0.030154 -0.019116 0.009917 0.036249 -0.014184 0.088215 0.087079 0.046465 0.078835 0.084571
 0.055877 0.072925 -0.044983 0.024291 -0.078812 0.061445 0.027127 0.088429 0.095570 -0.071686 -0.062084 0.054326 0.067334 -0.079835 -0.035825 -0.080222
 0.056246 0.014628 -0.045107 -0.055910 -0.081267 0.038085 -0.071193 0.014449 0.026032 0.054928 0.063708 -0.054950 -0.027509 -0.095734 -0.091939 -0.016562
 0.039659 -0.081327 0.076057 0.063526 0.086386 0.006527 -0.090598 -0.088534 -0.078635 0.022201 0.065404 0.023297 -0.010620 0.066604 -0.092711 -0.012807
 0.042404 -0.079759 0.017800 0.001552 0.088485 0.065240 -0.088560 0.055015 0.041177 0.069460 -0.072408 -0.062585 -0.032003 -0.097030 -0.085256 -0.044577
 -0.099148 0.043869 -0.091828 -0.070716 -0.059397 -0.023495 -0.011010 -0.066376 0.052962 -0.043974 -0.010006 0.038780 0.079086 -0.033524 0.084201 0.065295
 0.028978 0.091159 -0.057355 0.067444 0.081904 -0.040667 0.099990 0.065652 -0.035517 -0.073993 -0.049716 -0.071674 -0.027098 0.035020 -0.071837 0.054915
 -0.016058 -0.030689 -0.093679 0.035530 -0.064411 -0.022334 0.011247 0.054357 0.027791 -0.041425 -0.095203 0.008207 0.009032 -0.089350 0.034241 0.008579
 -0.008553 -0.065922 -0.029106 -0.023326 -0.096752 0.030477 0.057109 -0.003628 0.069687 0.061544 0.021771 0.008802 -0.018243 0.054123 0.038192 -0.053081
 0.006399 0.048371 0.017234 -0.070644 0.046223 0.048427 0.052812 0.009890 -0.011276 0.043873 0.038696 -0.012744 -0.045034 0.075181 -0.027323 0.091331
 -0.052358 -0.066150 0.096306 0.056218 0.054683 -0.029421 0.069622 0.054524 0.063377 0.056596 -0.032625 0.056179 0.072747 0.095347 -0.068613 0.028186
 -0.029184 -0.015824 -0.014113 -0.001769 -0.056069 -0.073004 -0.083280 -0.039116 0.001588 -0.051556 0.054295 -0.052375 -0.092863 0.002577 -0.030279 -0.057734
 0.008340 -0.038328 -0.012048 0.076947 0.087829 0.077635 0.032694 -0.013466 0.096999 0.046864 -0.067481 0.075672 -0.012442 0.001471 -0.079279 -0.092111
 0.005708 0.013202 0.070931 0.037539 0.016095 0.086898 -0.018971 -0.082593 -0.084930 0.004012 0.068054 -0.015567 0.044262 0.065346 -0.070860 0.019058
 -0.008052 0.072336 -0.099334 0.089269 0.023854 -0.097573 0.058170 0.067226 -0.095304 0.010076 -0.043054 -0.091326 0.094355 -0.062325 -0.017841 0.074451
 -0.057014 0.059827 0.035201 -0.086056 -0.057109 0.035813 -0.049397 -0.023491 -0.053743 -0.048548 0.060273 -0.083181 0.018099 0.085116 -0.001195 -0.049512
 -0.099503 0.000461 -0.045559 -0.081652 0.046008 -0.033061 -0.043332 0.085943 -0.010769 -0.067446 0.091719 -0.081446 0.019729 -0.012098 0.013683 -0.009784
 -0.051863 0.020195 0.084240 0.050396 0.006414 0.013453 0.083214 0.085732 -0.086002 -0.045568 -0.047230 0.094875 0.072956 -0.094788 0.044602 0.097778
 0.061577 0.021089 -0.066676 0.058623 0.051417 -0.085183 0.005970 0.053498 0.080917 -0.029209 0.091314 -0.092056 -0.000061 -0.023540 0.049529 -0.002508
 -0.045799 0.097498 0.064591 0.040288 0.009940 -0.001348 0.067246 -0.010998 0.042356 -0.025613 0.011765 0.028343 -0.083820 0.013747 -0.070692 0.073473
 0.068155 -0.039945 0.057393 -0.054720 0.075344 0.077747 0.008000 -0.029112 -0.064158 -0.063300 -0.099872 0.027052 0.018790 0.002704 -0.096901 -0.046924
 -0.044071 -0.027111 -0.047788 -0.066696 0.062917 -0.079565 -0.092895 -0.082384 0.040357 0.002896 0.050954 0.081204 -0.074271 -0.071858 -0.079404 0.007997
 -0.013622 -0.055757 -0.064446 0.091234 -0.027850 -0.031326 -0.009538 0.093143 0.052671 0.086931 -0.053598 -0.059863 -0.065180 -0.095773 0.064799 -0.075518
 0.088487 0.023834 0.026298 0.012625 -0.085645 -0.060066 0.050127 0.083275 -0.098484 -0.036123 -0.023916 0.095752 -0.087051 0.068150 0.019420 -0.034707
 0.088949 -0.094237 0.068097 0.012727 0.029535 0.011713 -0.079086 -0.014914 0.074715 -0.058999 0.065167 0.050634 -0.070769 0.012103 0.018262 0.004074
 0.066013 0.032429 0.084078 -0.096621 -0.090241 0.099661 0.029334 0.040606 -0.046980 -0.095137 0.041797 0.005810 -0.057350 -0.007126 0.026883 -0.050466
 0.096794 -0.054748 -0.074555 0.055458 -0.056177 0.080765 -0.021970 -0.083006 -0.047149 0.006554 -0.085986 -0.013338 0.022735 -0.028798 0.012070 0.027575
 0.024634 0.058354 -0.074329 0.032211 0.025046 -0.009391 -0.074402 0.039656 -0.028966 0.093487 0.029162 0.083111 -0.025039 -0.055887 -0.022046 -0.000566
 0.097367 -0.060703 -0.043478 0.016723 0.007387 -0.099328 0.074554 -0.012400 -0.034778 -0.035822 0.099919 -0.071407 -0.067448 -0.024418 -0.084684 0.014640
 -0.079724 0.010492 0.083732 -0.044213 -0.011409 -0.079831 -0.022325 0.012747 -0.081003 -0.003086 -0.091099 -0.003549 0.087645 -0.090230 -0.032528 -0.084753
 -0.068811 0.039258 -0.051015 -0.043293 0.026629 0.016329 -0.035367 -0.055660 0.071297 0.046008 0.088950 -0.074956 0.031627 -0.079910 0.066663 -0.014746
 -0.022555 0.065957 0.081312 -0.048395 -0.081277 -0.063779 0.041989 0.084707 0.086510 0.092074 0.088830 -0.025955 -0.097225 -0.075194 0.048949 -0.083930
 -0.022376 -0.062740 0.083874 -0.040036 -0.083338 -0.012075 -0.057336 -0.071941 0.083738 -0.049214 0.037838 -0.090012 0.094402 0.005658 -0.009272 -0.097086
 -0.013266 -0.001220 0.041578 0.019292 0.053137 0.077239 0.063917 -0.029937 -0.004343 0.038430 -0.094283 -0.067685 -0.036782 -0.057852 -0.075605 -0.055300
 -0.037125 0.049919 0.013241 -0.036304 0.077972 0.031454 0.049192 0.091834 0.036273 0.075704 0.024503 -0.099705 -0.078772 0.028614 0.030703 -0.095535
 0.031902 0.064078 -0.097499 0.032282 0.034114 0.078939 -0.061529 -0.067605 0.053714 -0.043896 -0.017443 -0.072678 -0.042263 0.018771 0.038843 -0.057946
 -0.059819 -0.020789 -0.093753 0.018757 0.075376 -0.066657 0.059921 0.099452 0.079848 0.077852 -0.021728 -0.097393 0.020095 0.005383 0.034447 0.090788
 0.026748 -0.071355 0.096867 -0.023549 -0.045617 -0.059555 -0.030299 0.052890 -0.048473 -0.016679 -0.064233 0.050691 0.005121 -0.083080 -0.074679 0.055876
 0.096724 -0.053364 0.076321 -0.004785 0.066596 0.019927 -0.021346 0.000550 -0.041292 -0.001814 -0.012087 -0.005555 -0.013975 -0.093984 -0.041123 -0.036977
 0.075118 -0.096390 0.055241 -0.055639 0.005152 0.076246 0.042439 -0.056429 -0.033919 -0.061749 -0.071026 0.066613 -0.020734 -0.090367 -0.012243 -0.006787
 -0.000263 -0.065656 0.019488 0.003357 -0.060812 -0.014692 -0.018110 0.032404 0.010097 -0.002050 0.067964 -0.091413 0.002281 0.057648 0.009601 0.081761
 0.023324 0.096477 0.071627 0.051166 -0.052891 0.071331 -0.086506 -0.084628 -0.079490 -0.061419 0.017606 -0.057970 0.045276 0.051385 0.045285 -0.053092
 -0.017817 0.073073 -0.098273 0.057571 -0.059500 -0.051106 -0.065704 0.044279 -0.047271 0.048690 -0.089500 0.081858 0.015131 -0.002842 -0.019954 -0.083798
 0.000674 -0.027159 -0.064880 -0.063540 -0.092738 0.023460 0.039899 -0.000018 -0.016489 -0.001478 -0.045402 -0.069689 -0.017154 -0.025548 0.058867 -0.065723
 -0.087796 -0.055358 0.002604 -0.020663 -0.053689 -0.002860 -0.007192 -0.003667 0.078619 0.009565 0.081101 0.002904 -0.047849 0.052919 -0.068907 0.029687
 -0.023152 -0.023815 0.038371 0.081273 0.065124 -0.091190 -0.095576 -0.021954 -0.006732 0.029179 0.084837 -0.096081 0.093823 -0.074848 -0.040283 0.081139
 0.088756 -0.066839 0.005109 0.041948 -0.069563 -0.094187 0.081347 0.063343 0.041398 0.089422 -0.073865 0.009755 -0.040568 -0.079965 0.044173 -0.054363
 0.029688 -0.058928 -0.004370 0.094420 -0.017465 0.029576 -0.063544 -0.086816 -0.066247 -0.080061 0.009728 0.034050 -0.038125 0.005551 -0.075761 -0.057463
 0.012983 -0.006307 -0.060792 -0.052813 0.045872 -0.078560 -0.028195 0.085627 0.089573 0.056805 -0.009794 0.042518 -0.094243 -0.074290 -0.030767 -0.065132
 -0.011077 0.085616 -0.002018 0.028818 0.048648 -0.023464 0.050974 -0.010750 -0.086115 0.000522 -0.072116 -0.006719 0.084474 -0.025511 -0.092812 0.093073
 -0.099643 0.082535 0.047285 0.021092 0.036166 -0.003325 0.060031 -0.003867 0.029204 0.036765 0.045904 -0.007569 0.048786 0.091870 -0.079133 0.075019
 0.062814 -0.000730 -0.040624 0.063712 -0.063813 0.058367 -0.060281 -0.029801 -0.076923 0.068839 0.000453 0.051858 0.019943 -0.042401 -0.084103 0.044139
 0.055001 -0.082583 -0.092514 -0.018721 -0.084243 0.077683 -0.079523 0.010835 0.066996 0.079282 0.055099 -0.088562 -0.036038 0.069530 -0.068308 -0.009481
 -0.061059 -0.080651 -0.084083 -0.012353 0.036525 0.041948 -0.070789 -0.027738 -0.081408 -0.054748 0.006468 -0.074329 0.086068 0.000434 0.099152 -0.093318
 -0.019688 0.081596 0.058395 -0.024821 -0.029525 0.041848 0.040152 -0.012662 0.076824 -0.042890 -0.026292 -0.086534 -0.001983 0.008915 -0.031419 -0.084883
 0.068366 -0.012454 -0.009866 0.049598 0.080637 -0.001757 -0.067073 0.006987 -0.093949 0.098675 0.013399 0.001045 0.010771 0.052098 0.023488 -0.014207
 0.096772 -0.096873 -0.062068 0.073559 0.021769 0.090844 0.054412 0.090542 -0.030857 0.070680 -0.060796 0.057020 -0.067349 -0.057952 -0.032063 0.032715
 0.078486 -0.015312 0.092010 0.020549 0.078300 -0.011507 0.028571 -0.061221 -0.023571 -0.007652 0.034875 0.066427 -0.079432 0.000718 0.027837 0.005014
 0.048308 -0.080762 -0.024169 -0.066831 0.087093 -0.057095 0.083754 0.087898 0.007200 -0.071222 0.051300 -0.065931 -0.088690 0.040311 0.044268 -0.066834
 0.005635 0.061775 -0.011767 0.028002 0.046170 0.028778 0.090550 -0.053642 0.079244 -0.078263 0.036169 0.013155 0.048644 -0.050846 0.005750 -0.083832
 -0.032869 -0.097800 0.039842 -0.022348 0.051896 0.024627 0.062566 -0.006823 0.058432 -0.068706 -0.027553 0.064249 0.056132 -0.075127 -0.069779 -0.020477
 0.053566 -0.010313 0.017242 0.023289 0.098231 0.045471 0.016803 -0.041780 0.054091 0.078898 0.072800 -0.042536 0.079727 0.098551 -0.024286 0.035897
 0.037120 0.062976 0.065206 -0.086511 0.082676 -0.092048 -0.070168 0.025611 0.065756 0.079832 -0.093091 0.007488 -0.015812 -0.077006 0.059083 0.064544
 -0.010891 0.065764 -0.032483 -0.053615 0.026656 -0.031881 -0.050065 0.011271 0.089392 -0.009609 0.032082 -0.002534 -0.001941 -0.075063 -0.015446 0.058960
 0.048290 -0.012216 0.049281 -0.075394 0.044090 -0.022386 0.056137 -0.015476 0.077183 0.048173 -0.034545 0.020332 -0.085297 0.072139 -0.042619 0.013883
 -0.014218 -0.050467 -0.073188 0.099600 0.071044 -0.016623 0.010637 0.060767 -0.028181 -0.012962 -0.049007 0.028339 0.078550 -0.059828 0.080352 0.048751
 0.068001 0.007460 -0.022426 -0.082739 -0.085891 -0.038044 0.062221 -0.094529 0.085112 -0.028577 0.063269 -0.013316 -0.011104 0.028210 -0.070485 -0.089423
 -0.029982 -0.046170 0.048148 0.050340 -0.064276 -0.012339 -0.035441 -0.088048 0.068593 -0.078947 0.077700 -0.000311 -0.065635 -0.062111 -0.020438 -0.053364
 -0.011742 0.079179 -0.084247 0.037131 0.056440 -0.094588 -0.055258 -0.030303 -0.095493 0.097568 0.078962 0.097092 0.042811 0.092896 -0.050765 0.072100
 -0.026436 0.096026 0.012601 -0.085640 -0.069453 -0.041277 0.020661 0.068037 0.096210 0.019661 -0.056705 -0.065744 0.077632 0.049151 -0.079768 -0.047234
 0.057022 -0.078682 0.073349 -0.035834 -0.016122 -0.062904 -0.004613 0.078343 0.070554 0.025153 0.009031 0.000482 -0.008565 -0.093962 0.067442 -0.067409
 0.013503 -0.093355 -0.039598 -0.027971 -0.063447 -0.080693 -0.053037 0.047186 0.041743 0.087105 -0.094135 0.094388 0.085375 -0.013393 -0.012881 -0.090627
 -0.031627 -0.038049 0.026552 0.076041 0.060736 -0.042507 -0.028210 -0.030015 0.099627 0.010395 -0.027954 0.008272 -0.048157 0.001571 0.003969 -0.060262
 -0.088847 0.013317 -0.060210 -0.016956 -0.044164 0.028813 -0.082951 -0.076064 0.082219 0.022533 0.060734 0.032691 -0.032290 -0.007368 0.096354 0.034587
 -0.095747 -0.024705 -0.095656 0.006558 -0.096698 0.047799 0.092373 -0.045871 -0.073366 0.056169 -0.051479 -0.016282 0.000927 0.080919 0.064410 -0.049526
 -0.072710 0.046614 0.017857 -0.029412 -0.089800 -0.066532 -0.039148 0.036088 0.032862 -0.048690 -0.009989 -0.081412 -0.098616 -0.025346 -0.073858 0.074410
 0.073659 0.020707 -0.089407 0.080645 -0.025095 -0.077466 0.047929 0.066373 -0.091144 -0.020181 0.085945 0.016809 -0.087918 0.099189 0.073083 -0.058054
 -0.021455 -0.023067 0.059943 -0.028329 0.025174 -0.095493 -0.060123 -0.098143 -0.057982 -0.082390 -0.069116 -0.022352 0.015377 -0.048072 -0.058528 -0.016778
 0.066897 0.066350 0.004425 -0.017350 0.085247 -0.070387 -0.090909 0.006991 0.065577 -0.055363 0.044948 0.004727 -0.052551 -0.029636 -0.072412 -0.089850
 0.030899 -0.067271 -0.090798 0.016968 -0.029758 0.076983 0.015601 -0.008411 0.046921 0.031313 -0.059892 0.073095 0.038744 0.046304 -0.053602 -0.052400
 -0.042801 0.045543 0.078825 -0.024402 0.088755 0.042852 -0.028381 -0.012324 -0.007665 -0.085301 0.099004 0.025027 -0.095265 -0.005390 0.030122 0.024001
 0.076825 -0.070460 0.062592 0.093980 0.055725 -0.078138 0.035973 0.036714 -0.014720 0.094293 -0.050549 -0.042483 -0.089076 0.039718 -0.051749 -0.078502
 -0.093877 -0.063637 0.074924 -0.001638 -0.034271 0.021578 -0.050801 -0.062261 0.015436 -0.072356 0.047648 -0.058530 -0.039615 -0.027160 -0.010719 0.029638
 0.093921 -0.029640 -0.047577 0.095900 -0.021444 -0.087961 -0.040285 0.073571 -0.043938 0.050653 0.052471 0.061703 -0.066935 0.017250 0.069286 0.066803
 0.067971 -0.067881 0.014263 -0.084973 -0.079829 0.053128 0.000819 -0.063579 -0.038816 -0.067197 0.038801 -0.025494 -0.094154 0.070992 -0.075719 -0.082784
 0.014436 0.056645 -0.027349 -0.001536 -0.004442 -0.001549 0.035881 0.087817 -0.097300 -0.099764 -0.065212 0.082507 -0.024884 -0.097488 0.011714 -0.055501
 -0.099211 -0.061623 0.090562 0.028447 0.001307 -0.002019 0.068363 0.033896 0.045321 0.051382 -0.058120 -0.050534 0.009368 0.057469 0.085850 -0.022385
 -0.030724 0.035655 -0.091517 0.038243 0.055594 -0.078853 0.082523 0.021572 0.038253 0.000783 -0.012556 -0.027263 0.060368 0.066979 0.051404 0.009929
 0.074645 -0.048141 -0.041951 -0.049604 0.043053 -0.048051 0.074340 0.016197 0.046819 0.033246 0.067772 0.013893 0.038060 0.079393 0.004406 -0.040102
 0.006876 -0.073041 0.003053 0.099182 0.075039 -0.027397 0.005477 0.074232 0.069762 0.026625 -0.023350 0.013802 0.040891 -0.061986 -0.078106 -0.026127
 -0.005144 0.078197 0.057223 -0.077821 0.097616 -0.093256 -0.069819 -0.041030 0.012518 -0.034204 -0.071009 -0.010794 0.096731 -0.024428 -0.064643 0.014044
 -0.036563 -0.021117 0.009206 0.023648 0.040539 0.039568 0.037243 -0.056756 -0.068532 -0.057435 0.032104 0.069795 0.048003 0.002367 0.022026 -0.036843
 0.022463 0.086123 -0.006766 -0.040139 0.054886 -0.067502 0.066039 -0.090064 0.059093 0.078767 0.001433 0.056289 0.087877 0.097333 -0.017391 -0.017807
 -0.047548 0.041308 0.083146 -0.088172 0.011589 0.018921 -0.016955 0.060622 -0.030782 -0.055706 0.040185 0.088114 -0.036997 -0.068906 -0.065299 -0.037242
 0.078507 -0.004324 0.084279 0.057351 -0.068022 0.077221 0.009655 -0.001878 -0.054022 -0.092858 -0.031478 -0.001167 0.038221 0.066187 -0.007225 -0.062450
 0.014105 0.049846 -0.029001 0.054699 -0.095341 0.078320 -0.046354 -0.090810 0.091418 0.023213 0.047533 -0.049234 0.067265 0.013569 0.057305 -0.083435
 0.010131 0.062104 -0.083912 -0.048188 0.052934 0.058136 -0.052377 -0.012436 0.002140 0.070777 0.039121 -0.004677 0.047400 0.070510 0.017885 0.081519
 -0.025836 -0.050994 -0.084131 -0.033187 -0.081048 -0.093740 0.055598 -0.024831 0.023661 -0.099708 0.007104 0.073518 0.083649 0.087160 0.032247 -0.014053
 0.071694 -0.008364 -0.098646 -0.090749 -0.027007 -0.079625 -0.030367 0.034976 0.085193 -0.039941 -0.094487 -0.007653 -0.098881 0.010927 0.050446 0.089550
 0.031556 -0.057521 -0.033719 -0.077729 0.080814 -0.045204 0.028825 -0.003633 -0.026058 -0.065031 0.089094 -0.078413 0.040473 0.077556 0.079084 0.056615
 -0.055783 -0.078262 0.073980 0.080439 -0.090551 -0.015015 0.011049 0.046110 -0.002743 -0.056885 0.040766 0.079513 0.031403 -0.039134 -0.090699 0.024975
 0.084235 0.045631 0.088404 -0.021644 0.043976 -0.038422 -0.004661 -0.018255 -0.057056 -0.094826 0.042989 -0.097259 0.023881 -0.053537 0.075369 -0.030751
 0.058549 0.097451 0.077974 0.037934 -0.060072 -0.095080 -0.060349 -0.074383 -0.080046 0.022363 0.034387 -0.073529 0.074153 0.086383 0.098927 0.033407
 -0.020747 -0.008081 -0.035613 0.081679 -0.025682 -0.065701 0.059644 -0.048602 0.019821 0.041875 0.014354 -0.073909 -0.001784 -0.043490 -0.090683 0.081389
 -0.008101 -0.068243 0.058262 0.030000 -0.017956 -0.089762 -0.081616 -0.089425 0.074252 0.059926 -0.011216 -0.015636 0.059051 -0.075752 -0.092466 0.039931
 -0.052521 -0.047963 0.061151 -0.033339 0.022831 -0.074241 -0.025698 0.074828 -0.024115 0.098563 0.040067 0.017354 0.090051 0.060434 -0.083345 0.084882
 -0.096037 -0.046861 -0.080477 0.016666 -0.094285 0.036168 -0.055665 -0.070400 -0.064611 0.067179 0.018574 -0.081482 -0.042309 0.018140 -0.036920 -0.089805
 0.047795 0.076067 0.078540 0.030119 0.092002 -0.046573 0.077353 0.052370 0.046010 0.024036 -0.006305 0.039562 -0.040890 0.084959 0.049734 -0.016722
 -0.042162 -0.040236 0.037279 -0.011367 0.095632 -0.049467 -0.030397 0.072455 -0.098230 0.030369 0.088465 0.026715 0.043443 -0.081164 0.031767 0.019394
 0.090176 0.029597 0.077781 0.068125 -0.018302 0.076406 -0.052259 -0.045550 0.029757 0.036498 -0.085915 0.026441 0.083286 -0.047272 0.083690 -0.001740
 0.003753 -0.019812 -0.095172 0.052229 0.081741 0.079244 -0.056980 -0.097810 -0.037859 0.062903 0.073732 -0.051962 0.057836 0.026985 -0.066740 -0.039151
 -0.035692 -0.058808 0.042000 0.021402 0.066010 0.075195 -0.086826 0.037103 0.057556 0.006780 -0.044668 -0.077695 0.096143 0.025238 0.016116 -0.082279
 -0.046297 0.054206 -0.072023 -0.037135 0.053094 0.094199 0.091538 0.009459 -0.041685 -0.051930 0.091123 0.032209 -0.064748 -0.000292 0.050522 -0.030298
 0.023395 0.058651 -0.021810 -0.019956 -0.044971 0.061108 0.021404 0.010495 -0.069207 0.090830 -0.037900 -0.026282 -0.035226 0.016267 0.006144 0.040527
 -0.071436 0.055921 -0.001641 0.065181 -0.071195 0.083809 -0.006773 -0.084500 0.030078 0.016818 0.051857 -0.051157 -0.003421 0.095608 0.023563 -0.031026
 -0.013715 0.024240 -0.085448 0.081023 0.053342 0.017595 0.066720 0.043990 0.052611 -0.027108 -0.091151 -0.012076 0.035455 0.031776 -0.071161 -0.056931
 -0.006289 -0.095929 -0.099662 0.040561 0.088454 0.026006 0.010628 0.088154 -0.093964 -0.079706 -0.007255 0.014491 0.067199 0.024808 -0.039353 -0.001932
 0.042624 0.053692 -0.051443 -0.065946 0.053110 0.045748 0.095605 -0.095618 -0.046621 0.095563 -0.012599 -0.040204 0.035641 -0.027119 0.059423 0.003635
 -0.073355 -0.017726 0.007381 -0.093143 -0.085229 -0.028868 -0.075203 -0.095904 0.010846 -0.006661 -0.034880 0.059460 -0.045813 0.055491 -0.098225 -0.021087
 -0.026319 0.088564 -0.082098 -0.001169 -0.096135 -0.098212 0.018461 -0.004582 0.092487 0.005584 -0.053715 0.039806 0.036978 -0.029595 -0.006513 0.099012
 -0.008784 0.086537 -0.046524 0.045065 -0.003803 0.091347 0.009169 -0.043051 0.054976 0.058575 -0.072630 0.099818 0.011394 -0.098298 -0.015953 -0.097153
 0.059055 0.066217 0.065443 -0.060484 -0.073296 -0.046654 -0.045856 -0.015691 -0.065110 -0.076536 -0.064464 0.078646 -0.051355 0.019952 -0.081513 -0.055055
 0.093240 -0.084716 0.050496 0.074292 -0.006625 0.093904 -0.011366 -0.062552 0.021013 -0.002159 0.079728 -0.016271 -0.067431 0.037355 -0.079544 -0.016573
 -0.001971 0.043212 0.057498 0.028149 -0.082324 0.032465 -0.083907 -0.061932 -0.015473 -0.080226 -0.050375 0.060490 -0.070991 0.080305 0.057347 -0.052286
 0.002810 0.067100 -0.082317 0.066357 0.005483 0.025505 -0.082172 -0.077769 -0.034271 0.057130 0.043869 -0.071044 -0.001957 -0.071491 0.049768 -0.026322
 0.039860 -0.066477 -0.094651 -0.082160 -0.015159 -0.056443 -0.077933 0.037116 0.076440 -0.016033 -0.086347 -0.038075 -0.073480 0.061099 0.056300 -0.092246
 0.015660 -0.026023 -0.060313 0.052764 0.000667 0.076948 0.030154 -0.005705 0.021983 0.006018 0.033146 -0.062544 -0.019342 0.004321 0.076383 -0.062895
 0.089554 0.040709 -0.028561 0.098026 -0.050011 0.059976 -0.015633 -0.036221 -0.097257 -0.044805 -0.052354 0.006460 -0.088734 -0.023153 -0.090661 -0.064581
 -0.037266 -0.021681 0.020978 0.083768 0.029614 -0.043785 -0.050264 0.059633 -0.019586 0.089227 -0.011119 -0.014834 -0.013257 0.047315 0.039598 -0.013268
 -0.095163 0.013836 0.049194 -0.068027 -0.057805 -0.075213 0.086115 0.033473 0.061055 -0.024708 -0.070151 -0.012231 -0.003022 -0.000800 0.057327 0.033296
 -0.025215 0.076726 -0.066767 0.082044 -0.059183 0.096035 -0.095509 -0.063260 0.053603 0.091556 0.087817 -0.006768 -0.098304 -0.099102 -0.000866 -0.069756
 -0.056761 -0.080054 0.023113 -0.036859 -0.048693 0.015001 -0.061374 -0.029942 0.071931 -0.081929 -0.095973 -0.087261 0.051733 -0.072346 -0.001384 0.065757
 0.014210 -0.074471 0.026343 0.031943 -0.002344 -0.099383 -0.001686 -0.079890 -0.070379 0.029185 -0.014050 0.021401 0.065186 0.072195 -0.092700 0.003924
 -0.075588 -0.016226 0.044916 0.057229 0.067429 0.038358 -0.008557 -0.021126 -0.026946 0.014237 0.036180 -0.057649 -0.064006 0.031241 0.070034 -0.009053
 -0.004620 0.015988 0.090823 -0.005406 0.079518 -0.000543 0.027265 -0.091727 0.069270 -0.075324 0.081904 0.040595 0.006286 -0.002484 -0.009550 0.068348
 -0.000209 0.037882 0.078387 -0.033313 0.054132 -0.080487 0.082804 -0.008317 0.010577 -0.095335 0.056270 0.032954 -0.083035 -0.049908 0.071294 0.017753
 0.076136 0.037070 -0.076973 0.030007 -0.020567 0.073162 0.066855 0.076647 0.057347 0.039064 0.063123 -0.032999 0.015663 -0.089779 -0.068525 0.023415
 0.046495 0.051409 0.013006 -0.058291 0.075891 0.049611 0.026217 0.086844 -0.021777 -0.040369 -0.054117 0.074449 0.016121 0.012415 0.020416 0.009174
 -0.073282 0.081754 0.046378 0.069015 -0.052501 -0.004956 -0.082583 0.049115 -0.055737 -0.095515 0.044423 0.039389 0.033554 -0.095174 -0.053595 -0.065767
 -0.058679 -0.051993 -0.028577 0.018827 -0.025723 -0.096201 -0.034684 -0.003921 -0.007768 0.047188 0.001664 0.038680 -0.082044 -0.084623 -0.012042 0.041483
 0.054762 -0.088063 -0.005084 -0.048687 0.063139 -0.055268 0.049557 0.003512 -0.076705 -0.011526 0.099918 -0.082031 0.002556 -0.003890 0.080580 0.078654
 0.053943 0.089501 -0.093463 -0.051155 0.055826 -0.085943 -0.096338 0.084431 0.034028 -0.092713 -0.045505 -0.020104 -0.088127 -0.016903 -0.010093 0.064441
 0.009827 0.014920 -0.037711 -0.055591 -0.021231 -0.022260 0.013898 0.078672 -0.050034 -0.033891 -0.095498 -0.076289 -0.064814 -0.088477 0.067328 -0.021191
 -0.034104 0.081596 0.028328 0.015204 0.034661 -0.098673 -0.042549 0.087107 -0.062387 0.028419 0.039999 0.076241 0.020400 0.052021 -0.063267 -0.089668
 0.006372 0.026294 0.066962 0.094541 0.005691 -0.050217 0.088950 -0.018884 -0.087030 -0.097227 0.058286 0.015756 0.075562 -0.001489 0.094030 -0.014257
 0.062252 -0.055848 -0.093196 -0.059493 0.035624 0.060654 -0.029417 0.054752 -0.039731 -0.079490 0.016345 -0.065451 -0.048980 -0.078322 0.060042 -0.061962
 0.068773 0.043963 0.056911 -0.011345 0.078034 -0.068511 -0.029179 -0.086809 0.069831 -0.044247 0.007874 -0.034731 0.016603 -0.035650 0.056358 0.011953
 0.082072 0.082838 0.080218 -0.051070 -0.030805 -0.082051 -0.067648 -0.050073 -0.000606 0.077309 0.036639 -0.038082 -0.026803 -0.052346 -0.003118 -0.085225
 0.062349 0.031947 0.062275 -0.027368 0.026777 0.053304 -0.061054 -0.037188 0.041994 -0.099053 0.094618 -0.059947 -0.072674 -0.001622 0.079260 0.098729
 0.046837 0.033575 0.088980 -0.098509 0.009181 -0.049545 -0.095881 -0.058428 0.027504 0.063819 -0.079160 0.086452 -0.081771 -0.063897 0.024641 -0.019730
 0.035301 -0.074656 0.007600 -0.013743 0.076768 -0.099042 0.052378 -0.092361 0.066140 0.087767 -0.077676 -0.062445 -0.047872 -0.091809 -0.097357 0.037817
 -0.086113 0.003585 0.066350 0.039994 -0.034644 -0.073017 0.006473 -0.013104 0.076964 0.098739 -0.002810 -0.006540 0.068146 0.021446 0.029019 -0.092244
 0.094211 0.098948 0.094504 0.032405 -0.089023 -0.061968 -0.042710 -0.085868 0.003349 0.089190 0.034638 0.023590 -0.092577 -0.032188 -0.053459 -0.082860
 0.033434 0.046852 0.087659 -0.081071 0.056701 0.079895 0.080829 0.092947 -0.063047 -0.020493 0.065621 -0.011416 0.052888 0.003075 -0.021071 0.047031
 -0.017175 -0.022744 0.007824 -0.010979 0.003404 0.021626 -0.070696 0.069548 0.030685 0.000175 -0.097173 -0.044734 0.061593 0.055247 -0.017022 0.003066
 -0.082028 -0.039594 0.010390 -0.034062 -0.075569 0.034759 -0.029936 -0.011445 0.006482 -0.001430 0.013227 0.055438 0.044628 0.023265 0.054732 0.070834
 -0.038145 -0.004464 0.025213 -0.030476 0.038408 0.060125 -0.051838 -0.079747 0.079911 0.000505 0.094060 -0.078608 0.002127 0.065958 0.061049 -0.096443
 0.032266 -0.012855 -0.032696 -0.027627 -0.036801 -0.024906 -0.065822 0.008709 -0.003836 0.048284 -0.081009 0.085679 0.051207 0.004824 -0.058325 -0.014847
 0.010405 -0.069285 -0.067088 -0.087698 0.008467 -0.090767 0.011980 0.001460 0.045880 0.080421 0.019959 -0.016445 -0.006446 0.033527 0.003221 0.089560
 -0.081711 0.088777 -0.092255 0.054458 -0.041645 -0.079791 -0.045263 -0.083190 0.065714 0.098755 -0.082826 0.035149 -0.087598 -0.028928 0.077457 -0.057865
 -0.038297 0.091122 -0.099239 -0.051565 -0.063633 -0.074305 0.096784 0.075318 0.033655 0.042841 0.030002 -0.018585 0.064186 0.087807 0.018414 -0.035107
 0.012522 -0.077333 -0.016473 0.058349 0.022699 0.095172 -0.042310 0.006953 -0.063947 -0.044932 -0.018775 -0.021835 0.013923 0.059047 -0.022779 -0.099275
 0.090051 -0.013281 0.005830 -0.068176 0.008682 -0.033346 -0.074553 0.048526 0.034154 -0.047614 0.031883 -0.024412 0.048406 -0.080753 -0.011478 0.029566
 0.030983 -0.098383 -0.045227 0.080072 -0.084641 -0.054680 -0.014246 -0.097997 -0.088782 -0.080888 0.008583 -0.033740 0.097971 0.095082 0.004333 -0.012024
 0.066730 0.056791 0.028102 0.036800 -0.062081 0.027904 -0.058881 -0.019401 0.054020 -0.042577 -0.000949 -0.093132 0.016578 -0.025280 -0.028231 0.088613
 0.085555 -0.004112 -0.097418 -0.071237 0.000873 -0.077637 0.006191 0.063995 -0.030476 0.079174 -0.025090 0.014925 0.014062 -0.087207 -0.002225 -0.097222
 0.049480 0.055657 -0.028683 -0.015595 -0.074750 0.012262 0.041123 0.080391 0.002978 -0.023210 0.026360 0.063083 -0.051021 -0.096579 0.043074 -0.022600
 0.090086 0.035382 0.064699 0.006255 0.036230 0.013096 -0.018955 -0.094923 -0.053190 0.082548 -0.025859 -0.064906 -0.068209 0.064361 0.059838 0.077643
 0.063428 -0.071252 -0.033353 0.044765 -0.040481 -0.086265 0.027741 0.062936 -0.091774 0.087652 -0.015879 0.094272 -0.047809 0.001417 0.068879 -0.028142
 -0.000687 0.091386 -0.098609 0.088751 -0.029190 0.048055 -0.086212 -0.077677 0.024459 0.045895 -0.004463 0.030387 -0.062278 0.025831 0.046215 0.097059
 0.091558 -0.088007 -0.078094 -0.060362 0.086113 -0.081633 -0.046492 -0.033375 0.001715 -0.049031 -0.036469 0.059326 0.024331 -0.040242 0.007370 0.081621
 0.095031 0.087736 -0.046135 -0.057819 -0.047432 0.070789 -0.089300 -0.074010 -0.082781 0.058652 -0.040102 0.066543 -0.028461 -0.031155 0.096935 -0.050986
 0.084420 0.070323 -0.066687 0.074800 0.099208 0.074116 -0.007955 0.079874 0.066920 0.088230 0.097217 -0.056218 0.045391 -0.093953 -0.019117 0.047777
 0.053373 -0.078784 0.011359 -0.084562 -0.091981 -0.077758 0.021975 -0.012910 -0.043662 0.063110 -0.042490 0.078751 -0.064782 0.088199 -0.020293 -0.097677
 0.051774 0.017667 -0.029669 -0.001347 -0.018150 -0.080466 0.085011 0.009008 0.087466 -0.031908 0.092588 -0.049398 -0.022877 -0.077657 -0.096216 -0.033900
 0.026386 -0.002476 0.068564 0.065500 0.011338 -0.038239 -0.034944 0.003401 0.015373 -0.034462 -0.045339 0.030094 -0.012955 -0.087755 -0.056159 0.039110
 0.016443 0.031465 0.042715 -0.044299 0.023312 0.004891 -0.040101 -0.026210 -0.082022 -0.099904 0.078188 -0.038952 -0.049637 0.082694 -0.078803 0.079817
 0.075059 0.085310 -0.076108 0.045791 0.033554 0.062512 0.087384 -0.042883 0.096191 -0.084343 -0.035623 0.091454 -0.078824 -0.064989 0.072794 0.011512
 0.095697 -0.015640 0.052182 -0.057016 -0.022388 0.009457 0.010292 -0.052107 0.064802 -0.085920 0.083050 0.067338 0.030140 0.008018 0.071181 0.018882
 0.080459 0.093472 -0.057075 0.004360 0.073550 -0.023595 0.040694 0.045915 -0.083460 -0.098677 -0.079743 -0.001191 0.003855 0.093954 -0.014216 -0.050249
 0.031773 -0.069606 0.034207 -0.072731 0.010646 0.071500 0.055616 0.012173 0.006075 0.071125 -0.010810 -0.011742 0.074609 -0.024854 0.045048 0.005921
 0.058099 -0.014283 -0.009618 0.049471 0.033096 0.039770 -0.079024 0.058192 0.074223 -0.056360 -0.036553 0.077172 0.037607 -0.044168 0.065294 0.096155
 0.085617 0.038732 0.021854 -0.029470 0.067494 0.002347 -0.034978 0.083666 0.094757 -0.046850 -0.074381 -0.040754 -0.001411 -0.059553 0.055167 -0.048985
 -0.075355 -0.004333 0.000137 -0.079038 -0.081082 -0.028183 0.074993 0.066755 0.015375 -0.014397 -0.027143 0.086494 0.069266 -0.021121 -0.038796 -0.000422
 -0.080431 -0.099648 0.067435 -0.072988 0.083308 0.062752 -0.024488 -0.030817 -0.040978 0.075318 0.047903 0.092356 0.054537 -0.008818 0.031678 -0.002844
 -0.080603 0.037953 -0.046812 -0.018375 0.040890 0.078502 0.085942 0.095491 0.003730 0.055791 -0.004762 0.089760 -0.073803 -0.093611 -0.054525 -0.039510
 0.017595 0.008297 0.047805 -0.055294 -0.088408 0.046962 0.011174 -0.070454 0.006020 -0.071412 -0.031485 0.070855 0.010052 -0.092804 0.056058 -0.079310
 -0.038327 0.012586 0.031251 -0.037809 -0.035790 0.060036 0.035565 0.026484 -0.057534 -0.008090 -0.011269 -0.049045 0.053755 0.017399 -0.008557 0.000636
 -0.031738 0.032500 0.049329 -0.082133 -0.004352 -0.045633 -0.053124 0.007606 -0.026023 0.092835 0.023027 0.036014 -0.040465 0.028740 -0.064696 -0.089913
 -0.038501 -0.069048 -0.017618 -0.089649 0.013284 -0.052920 -0.039321 0.067305 -0.055668 0.088486 -0.052151 -0.028588 -0.036262 -0.072357 0.038083 -0.019387
 -0.039126 -0.068843 0.089099 0.039797 0.099852 -0.065773 -0.045090 0.091258 -0.073241 0.071826 0.086479 0.085112 0.070137 -0.010198 -0.023565 0.035249
 0.082146 0.051322 -0.037742 -0.017219 -0.088212 -0.020995 0.080507 -0.029867 -0.077021 0.086279 0.096547 -0.056638 -0.090875 -0.035148 0.031194 -0.078830
 0.053245 -0.058438 0.031061 0.020840 0.037159 0.023010 -0.044009 -0.057353 -0.019226 0.053517 0.058901 0.087673 0.098696 -0.013898 -0.056687 0.064273
 0.036348 -0.008843 -0.039852 -0.083202 0.036348 0.060525 0.058738 0.072420 0.074027 -0.006728 -0.070356 -0.016593 0.052692 0.044257 0.021367 0.000527
 -0.071343 0.022417 -0.015727 0.031110 0.072906 -0.045714 0.095448 0.070127 0.092560 0.053140 0.032895 -0.040660 -0.055358 -0.032471 0.004492 0.010790
 -0.079271 0.073258 -0.009955 0.068648 0.094283 0.067152 -0.054318 -0.074329 -0.072464 0.068166 -0.079081 0.028146 0.023066 0.094056 0.077450 -0.040863
 -0.038844 0.094638 -0.071765 0.087071 -0.068529 -0.064107 -0.032189 0.067804 -0.094408 -0.096273 -0.017376 0.042724 0.041730 -0.088955 0.081463 -0.098390
 0.049758 0.054664 -0.071905 0.034202 0.020205 0.043771 0.051534 -0.015719 -0.007133 -0.049936 0.077940 -0.009090 -0.063675 0.062134 0.039037 -0.083995
 -0.040263 -0.045389 -0.096471 -0.070826 -0.001248 -0.021486 -0.027454 0.056387 0.086151 -0.011283 -0.030416 -0.030300 -0.084865 -0.041449 0.098376 -0.061825
 -0.045440 0.008591 0.029320 0.078239 0.040124 -0.016450 0.068579 -0.088152 0.061098 0.028196 -0.058040 -0.077457 0.028004 -0.060614 -0.024338 -0.061556
 -0.043807 -0.098466 0.066533 -0.061377 -0.008092 -0.040926 -0.047739 0.050880 -0.081753 0.076005 -0.018539 0.033283 -0.025977 -0.087562 0.052870 -0.061464
 0.062471 -0.025140 0.092925 -0.041877 0.077710 0.044700 -0.004923 -0.015895 -0.021247 0.065912 -0.022932 0.087447 0.018236 -0.086033 0.078911 -0.037840
 -0.099626 -0.098537 -0.056224 0.072036 -0.008808 0.024804 0.075444 0.038248 0.025274 0.089905 0.089956 0.088787 0.072307 0.016469 -0.034237 -0.076840
 0.050895 -0.099465 0.070193 -0.009240 0.003216 -0.079441 0.096189 0.023388 0.036838 -0.059729 -0.050002 0.063977 0.025843 -0.018948 -0.045871 0.070502
 -0.085157 -0.089750 -0.060007 -0.011051 -0.091307 -0.005971 0.058486 -0.050109 -0.095041 0.036814 -0.069988 0.075769 -0.069922 0.048506 -0.043670 -0.057772
 -0.031842 0.073090 0.056963 0.056607 -0.000860 0.022582 -0.048365 -0.056213 -0.024256 -0.028470 0.012707 -0.098582 0.025514 0.094491 0.037919 0.052881
 0.032126 -0.011056 0.009040 -0.051987 0.042998 0.049426 -0.050272 -0.028984 0.078238 0.012063 0.068358 0.075829 0.052365 0.093950 -0.009255 0.022637
 -0.096803 0.067106 -0.038280 -0.005751 0.079842 0.046826 -0.024604 0.078104 0.046173 0.016937 0.094402 -0.057071 -0.075656 0.087134 -0.093278 0.025623
 0.058219 -0.012739 0.016815 0.024553 -0.037340 0.037581 -0.093261 -0.060863 0.010805 0.058004 -0.082398 0.004018 -0.097673 0.070831 -0.023295 -0.023442
 0.025588 -0.026434 0.016088 0.001136 -0.067699 -0.097463 0.022030 -0.054337 0.052325 0.097133 0.063210 0.015982 0.016475 -0.053464 0.073880 -0.059073
 -0.082653 0.066913 -0.079781 -0.093433 0.018137 -0.015749 -0.068712 -0.014362 0.060149 0.002491 0.016320 0.060872 -0.085840 -0.059985 -0.042257 0.092294
 0.064362 0.025418 -0.022126 -0.058376 0.022325 -0.028422 -0.066955 -0.005292 -0.005796 0.061052 0.057003 0.020341 0.095545 0.042139 0.056321 -0.086211
 0.099900 -0.084725 -0.002037 0.047023 -0.085406 -0.082574 0.042736 -0.050891 -0.001805 0.013815 0.025900 0.052767 0.082960 -0.012001 -0.081822 0.063735
 0.019628 0.035095 -0.036073 -0.060021 0.075420 -0.081327 -0.012480 -0.013089 -0.039990 -0.002447 -0.091906 0.015310 -0.039077 -0.041574 -0.047058 0.072879
 0.034549 0.026742 -0.035119 0.033649 0.097467 0.065151 0.047763 -0.026134 0.046020 0.083538 0.027310 0.012547 -0.062572 0.064617 0.017738 -0.094985
 0.055106 -0.029359 0.012009 -0.091876 -0.014226 0.024664 0.084544 0.028631 0.004738 -0.036693 0.023373 -0.087238 -0.084568 -0.056564 -0.041316 -0.007862
 -0.096648 0.061250 -0.052784 -0.013542 0.081152 -0.041488 -0.060212 -0.023722 -0.080529 0.004794 -0.080703 -0.009560 0.068472 -0.018140 0.053842 -0.070567
 -0.028436 -0.023519 0.010749 0.095034 0.006006 0.081117 0.030855 0.080218 -0.038379 -0.028994 -0.065757 0.048971 0.098762 0.077473 -0.078568 -0.009910
 -0.064545 0.051180 -0.049659 0.072125 -0.001527 0.088107 0.042145 -0.029206 0.034512 -0.027350 -0.062470 -0.083233 0.022548 -0.040571 0.021212 -0.053392
 -0.047496 0.097965 -0.078866 -0.007676 0.075994 0.019432 0.039349 0.014935 0.000891 -0.098757 0.029045 -0.056454 0.007597 0.098973 0.011771 -0.067005
 0.080405 0.060840 0.034696 0.012424 0.058491 -0.066128 0.064540 0.044773 -0.043698 -0.058203 -0.037039 -0.009214 0.033157 0.043069 -0.073554 -0.036707
 -0.050244 -0.060446 0.078474 -0.050990 -0.098314 0.029878 0.044750 0.082448 -0.077282 0.021757 -0.070301 0.060143 -0.035455 -0.068866 0.077883 -0.011990
 -0.055970 -0.041986 0.078991 0.016058 0.093528 -0.057639 0.083454 0.004100 0.029531 0.027603 -0.000844 -0.094603 0.015661 -0.089515 0.016661 0.027417
 -0.066576 0.080232 0.023583 -0.034576 -0.060597 0.095622 0.096978 0.022426 0.043353 -0.090161 -0.093134 -0.015999 -0.076848 -0.009419 0.040356 -0.054466
 -0.057765 0.041749 0.073313 0.090817 -0.082911 0.004478 -0.073920 0.090133 -0.005753 -0.057510 0.070561 -0.003144 0.033739 0.071008 -0.059617 0.093839
 -0.015715 -0.095744 0.011542 -0.038429 -0.088725 0.034480 -0.096402 0.089277 0.010028 -0.041465 -0.093680 0.023541 0.084090 -0.016260 0.033696 -0.059557
 -0.096597 0.004352 -0.059273 0.028914 -0.029512 0.084622 -0.010763 -0.058799 -0.082594 -0.001746 0.065752 -0.068186 -0.001256 0.067355 0.035601 0.085925
 -0.003664 0.085992 0.026079 0.058535 -0.094842 -0.005759 0.078852 -0.021324 0.051879 0.062290 -0.066892 0.079905 0.050441 -0.029402 0.035798 -0.059517
 0.028585 -0.002586 0.076900 -0.056021 0.042325 0.002708 0.008032 -0.074556 0.033269 -0.079327 0.040022 0.026260 -0.070020 -0.004133 -0.007241 0.058293
 0.070759 0.035932 -0.020620 -0.023805 0.058982 0.056325 -0.026097 -0.012452 -0.037722 -0.007218 -0.081628 -0.040372 -0.099941 -0.089740 0.072446 0.098071
 0.093511 -0.012721 0.042087 0.092049 0.002585 -0.078268 0.046529 -0.038233 0.016085 -0.071015 -0.066569 0.086257 -0.099271 -0.087626 -0.000738 0.084872
 -0.089697 -0.098246 0.046676 0.002994 -0.040514 0.004009 0.055232 0.083862 -0.007876 0.073249 -0.039551 0.059174 -0.012504 -0.080639 -0.086557 -0.061082
 -0.083058 -0.062373 -0.058152 -0.097780 -0.034171 0.071179 0.061822 -0.063161 0.004384 -0.089757 0.086505 -0.094966 -0.052087 0.019082 -0.075925 -0.021487
 0.067840 0.061680 -0.006558 0.069001 -0.098241 0.099581 0.062548 0.025023 -0.097100 -0.090201 -0.001167 -0.074736 0.008423 -0.040366 0.002303 -0.045506
 -0.097550 -0.087240 0.079898 0.085429 -0.078951 0.020375 -0.039509 0.010399 -0.000117 -0.085576 0.039831 -0.002684 0.085350 -0.025183 -0.020164 0.066967
 0.058769 -0.028473 0.015179 -0.079224 0.029635 0.052659 0.084645 -0.005421 0.079402 -0.052063 0.029724 -0.013797 0.085232 0.023078 -0.010305 0.063753
 -0.041454 -0.009693 -0.067289 -0.050177 -0.076858 0.072682 -0.054787 -0.000875 -0.085377 -0.056725 0.041301 0.062444 0.005113 0.015023 0.020324 0.075960
 -0.036090 0.055328 -0.037326 0.006280 0.086607 -0.098497 0.059590 0.031466 -0.098123 0.017636 -0.007525 -0.022792 0.054614 0.067371 0.041078 -0.082872
 0.051053 -0.066507 -0.039992 -0.053247 -0.080026 0.062453 -0.061602 0.028323 0.093544 0.053535 -0.051366 0.004851 0.013228 0.010662 0.026359 0.071948
 -0.039864 -0.011056 -0.071930 -0.030845 -0.094786 -0.033142 -0.021700 0.058386 0.034545 0.028492 -0.059216 0.089796 0.097020 0.020689 -0.072383 -0.049022
 -0.093302 0.044762 -0.059207 -0.071604 -0.062930 -0.000569 -0.036409 -0.010853 0.057916 0.036372 0.037056 -0.098564 -0.021963 -0.088069 0.094383 0.011802
 0.014335 -0.085951 0.051767 0.026299 0.006924 -0.045837 0.059368 -0.035145 0.021803 -0.035705 -0.072263 -0.035215 -0.051635 0.023860 -0.078428 0.072826
 -0.051319 -0.091614 0.048510 0.032062 -0.053228 -0.070927 0.001013 0.064512 -0.071178 -0.002313 -0.095744 -0.017661 -0.024181 0.004027 -0.079950 -0.096543
 0.072900 0.045950 0.081411 0.009451 0.058205 -0.000331 -0.051148 -0.083296 -0.052006 0.003992 -0.090571 0.047461 0.054974 -0.081828 -0.002544 -0.012215
 0.072193 -0.060792 0.091358 0.040797 0.094405 -0.089278 -0.005368 -0.051524 0.069137 0.045333 0.052536 0.025463 0.065994 -0.048288 -0.028444 -0.084198
 0.003085 0.067925 0.018438 -0.053952 -0.088855 0.077252 0.080381 -0.009514 0.051810 -0.066583 -0.033974 0.003928 0.094037 -0.052209 0.050273 0.079940
 0.059691 -0.047183 0.027302 -0.058264 -0.057968 0.032124 0.031440 0.061737 -0.088436 -0.022798 0.074466 -0.057400 -0.015404 -0.004903 0.024132 0.050992
 -0.048642 -0.067232 0.004534 0.034221 0.044907 0.034920 0.091213 -0.054760 -0.041870 0.009121 -0.089713 0.093726 0.097345 -0.076989 -0.074835 -0.061880
 0.093198 -0.072395 -0.081390 0.076046 -0.063347 0.095570 -0.057445 0.090512 -0.086078 0.092348 -0.019007 -0.082248 0.088013 0.058159 -0.039858 0.086756
 0.029074 -0.082097 -0.098425 0.094688 0.062729 0.021729 0.054527 -0.051689 -0.055849 0.078989 -0.056003 0.052447 -0.015116 -0.068740 -0.033653 -0.080809
 0.032596 -0.021692 -0.065634 0.019084 0.010930 0.063332 0.080114 0.051964 0.090772 -0.086803 -0.052204 0.062494 -0.015558 0.038553 0.047963 -0.052087
 0.064632 -0.032350 0.031394 0.099251 -0.031920 -0.023609 -0.017210 0.073626 -0.010080 0.002770 0.083559 0.038665 -0.067408 0.062785 -0.021912 -0.072135
 0.017875 0.076218 0.053249 0.033352 0.052351 -0.028368 -0.010357 -0.088991 -0.079314 -0.068885 0.096057 0.073867 0.094587 -0.099409 0.064519 0.085405
 0.057260 -0.041993 0.067774 0.089736 0.045931 0.028770 -0.079754 -0.065738 -0.095636 0.035435 -0.091584 0.042467 -0.064039 0.016072 0.044106 0.068474
 -0.058049 -0.021001 -0.037230 0.009001 0.094895 0.017471 0.005119 -0.048008 -0.027376 -0.075520 -0.075990 0.061823 -0.082361 -0.009005 0.029128 -0.051430
 -0.048872 0.051739 -0.026472 -0.063172 0.081193 -0.067038 -0.071649 0.068232 -0.062361 0.084384 0.095082 -0.096082 -0.028186 0.055772 0.034589 0.050822
 0.069699 0.041228 0.038936 0.094965 -0.017086 0.092437 -0.064934 -0.024913 -0.020790 -0.081294 -0.002218 0.021929 0.029274 0.002836 0.022512 0.066990
 -0.017873 0.045309 0.062081 0.083379 -0.057584 -0.040478 -0.068156 0.010474 -0.014704 -0.096065 0.013778 -0.048099 -0.052535 0.054716 0.014877 -0.093031
 0.010816 0.094738 -0.069550 0.055738 0.070846 -0.033671 -0.065696 0.071626 0.099586 0.051091 -0.012136 -0.030848 0.039493 0.071886 -0.007927 -0.009122
 -0.029106 -0.043664 -0.093711 -0.030074 -0.065814 0.092221 0.038895 -0.060106 0.029215 0.099750 0.038903 -0.020229 -0.039295 -0.041208 0.062299 0.056586
 0.048782 0.069299 -0.047634 0.080865 -0.069564 -0.045420 -0.041789 -0.083907 0.027089 -0.009997 0.036659 0.060640 0.000199 0.097132 0.008688 -0.060635
 -0.069756 0.070994 -0.071452 0.057919 -0.020570 -0.058792 0.088054 -0.064199 0.087981 -0.024997 -0.076810 0.066022 -0.060493 0.043735 -0.081077 -0.017716
 0.006267 -0.074579 -0.014538 0.070607 0.070514 0.022304 -0.012311 0.060301 0.037109 0.066522 0.064252 -0.043523 -0.038568 -0.058731 0.088603 0.008263
 -0.088827 -0.064005 -0.075694 -0.084583 0.082864 0.094359 0.086946 -0.051968 -0.023858 0.047806 -0.024725 -0.028722 -0.071618 0.095843 -0.014849 0.008889
 -0.057176 -0.018778 -0.093210 0.006843 -0.037774 -0.070477 0.024600 0.083905 -0.002853 -0.062532 0.024858 0.043276 0.094697 0.096624 0.043496 -0.040674
 0.004320 0.065338 0.031028 0.011418 0.094802 -0.047143 -0.084925 0.007144 -0.057771 -0.048577 0.047060 0.018145 0.081335 0.042816 0.018097 0.058731
 0.062168 -0.015096 -0.074977 -0.000609 -0.035194 -0.099046 -0.023742 0.028739 0.065230 -0.073713 -0.092455 -0.055095 -0.041506 -0.054061 0.016093 0.031725
 0.034202 -0.051720 0.031480 -0.079641 -0.097544 0.068357 -0.083931 -0.076805 0.096395 0.038768 0.039095 0.078503 0.008374 -0.010176 -0.039341 0.027091
 0.043139 -0.093054 0.057080 -0.081080 0.010659 0.047212 -0.001893 -0.046504 -0.046805 -0.069595 -0.064391 -0.040763 0.031638 -0.080212 -0.024538 0.015457
 0.077404 -0.089485 0.019066 0.039261 0.095834 0.069278 -0.042704 0.011827 -0.026668 -0.029456 -0.085798 0.054084 0.013389 0.011389 0.095765 0.019018
 0.036802 0.052762 0.077200 -0.022567 0.086405 -0.021868 0.078474 0.069416 -0.004979 0.079988 0.083399 0.033726 0.085313 0.097613 0.039155 0.071134
 -0.039248 0.059895 -0.052225 -0.056093 -0.063430 -0.015420 -0.040200 -0.008780 -0.090366 -0.073900 -0.064743 0.083996 0.066697 0.011598 0.022686 -0.053035
 0.045146 0.002014 0.047254 0.095639 -0.013526 -0.033237 -0.042687 -0.057936 -0.068139 0.099723 -0.059582 0.090545 0.033136 -0.012074 0.051109 -0.093747
 -0.041759 -0.018701 -0.035812 0.035520 -0.063311 -0.052484 -0.070046 0.001772 -0.048678 -0.075755 0.027420 0.034064 -0.078296 0.097051 0.035528 -0.003477
 -0.020320 0.097604 -0.066653 0.065214 0.084893 -0.084205 0.030519 -0.013311 -0.060409 0.080245 0.016830 0.017469 -0.040438 0.053777 0.041704 0.073237
 0.020146 -0.011787 0.003381 -0.010777 0.078995 -0.010817 -0.087482 -0.003999 -0.006882 -0.086641 -0.016242 -0.051039 0.097677 -0.089699 -0.098088 0.009643
 -0.055847 -0.086933 0.008992 -0.051490 -0.009657 -0.017999 0.067325 -0.051143 -0.056017 0.028796 0.061082 -0.055080 -0.016866 -0.040465 0.088465 -0.055271
 -0.057432 -0.019577 -0.034091 -0.083622 0.089748 -0.047113 -0.093626 -0.059291 -0.063575 -0.026378 -0.016527 -0.045508 -0.045461 -0.064791 0.080311 0.085867
 -0.036527 -0.047877 -0.045755 -0.095865 0.018580 0.048512 -0.051361 -0.065548 0.023184 -0.064765 0.083484 -0.010891 0.039549 -0.094029 -0.002930 -0.087466
 -0.036273 0.049730 0.093970 -0.045300 0.014170 -0.027963 0.078305 0.055106 0.056108 -0.051478 -0.036284 -0.070993 -0.079837 0.042171 -0.037764 0.080512
 0.024051 -0.094059 -0.053947 0.009869 -0.052163 0.085779 0.048623 -0.049321 0.067253 0.001349 -0.040027 0.077133 -0.040756 -0.060689 -0.026839 -0.083540
 -0.055129 0.048601 0.052653 -0.054239 -0.002856 -0.085880 -0.092215 0.014856 0.098706 0.043993 0.015209 -0.026100 0.081219 -0.084471 -0.018837 0.044176
 0.066580 0.038637 -0.041850 -0.016907 0.098963 0.006439 0.044311 -0.025124 0.052704 0.021923 0.012937 -0.003288 0.085083 0.079124 0.051319 -0.049310
 0.000985 0.012865 -0.013768 0.070440 0.014268 -0.097010 -0.032004 0.014754 0.096720 0.031231 -0.006653 -0.096196 -0.037997 -0.076782 -0.081120 0.079527
 -0.059096 -0.054021 0.083809 -0.000964 0.074803 -0.003837 -0.049258 0.074332 0.062248 0.073164 0.070541 -0.027340 -0.077673 0.063691 -0.052074 -0.014071
 -0.087669 -0.056829 0.034112 0.013355 0.025404 -0.045839 -0.043848 -0.074935 -0.070683 -0.014182 0.018113 -0.079470 0.003728 -0.097821 0.090513 0.083674
 -0.058275 0.009627 0.081413 0.099045 0.046220 -0.085203 -0.020181 0.011603 -0.032522 -0.076826 0.054702 -0.036806 -0.032807 -0.054633 0.035641 0.003192
 0.030521 0.018747 0.042241 -0.072494 -0.032048 -0.067116 0.012399 -0.084846 -0.058503 0.059996 -0.081778 -0.048770 0.038059 -0.083923 -0.007976 -0.055841
 -0.082237 0.039174 0.050192 -0.054124 0.014091 0.032398 -0.011862 0.034490 -0.072412 -0.021203 -0.055667 -0.033113 0.074750 -0.071131 0.009033 -0.022059
 0.050099 -0.033142 -0.092363 -0.095629 0.084322 0.089744 -0.099553 -0.016864 0.080766 0.008543 0.043439 0.049833 0.073735 0.028742 -0.052098 0.091385
 0.088277 0.048590 0.092118 0.019097 -0.005832 -0.003644 -0.055575 -0.057812 0.002221 -0.063143 0.028083 -0.073470 -0.082367 0.093628 -0.087237 -0.057241
 0.069107 0.010565 0.088811 -0.040686 -0.079812 0.054980 -0.073104 0.059719 0.027175 0.085547 -0.014350 -0.086521 -0.060317 -0.067459 -0.027382 -0.063397
 0.007985 0.026442 0.085258 0.097063 0.032833 -0.099692 -0.080197 -0.054097 0.089351 -0.027112 -0.007213 0.009732 -0.042373 -0.021628 -0.069502 0.015125
 -0.058194 0.037078 0.030958 0.055376 -0.024556 -0.007671 0.073826 -0.051161 -0.049911 -0.032186 0.028801 0.001204 0.044516 -0.043420 -0.086848 -0.064165
 -0.034407 0.078107 -0.019812 0.019285 -0.089260 -0.011276 0.084783 0.078071 -0.073013 -0.002294 0.066652 -0.053479 0.072692 -0.006971 0.080170 0.087324
 -0.041220 0.047006 0.009182 0.067741 0.045298 -0.075764 0.091528 0.089268 -0.059212 -0.097634 0.054352 -0.071889 -0.080593 -0.008696 0.016391 -0.081626
 -0.040310 -0.047954 -0.022981 0.089877 0.085700 0.082724 0.041044 -0.006468 0.060330 -0.037437 -0.026155 0.061340 0.043702 -0.045548 0.088755 -0.004594
 0.084676 0.051997 0.035155 0.001300 -0.049935 0.077929 -0.036753 -0.007082 0.042849 0.015565 0.027898 0.056128 0.015045 -0.017549 0.068465 0.095106
 -0.066896 0.097975 0.033046 0.042297 -0.060928 -0.039655 -0.035397 -0.054077 0.027250 0.048128 0.079702 0.021503 -0.082417 0.086891 0.080813 -0.059431
 0.040857 -0.005237 -0.075111 0.099969 -0.012584 0.010952 0.073777 -0.009884 -0.022590 -0.078192 0.078728 -0.011066 -0.060241 0.013639 0.023317 -0.074386
 0.078971 0.015614 -0.059986 -0.021434 -0.011111 0.022529 0.072989 -0.087801 0.096796 -0.061476 -0.012713 -0.056002 -0.056877 0.074637 -0.057761 -0.093528
 -0.097540 -0.018544 -0.070895 -0.079257 0.061575 -0.055673 -0.069109 -0.091333 -0.049854 0.012512 0.096309 -0.060331 0.095098 0.025242 0.014652 0.002873
 -0.052668 -0.032928 -0.041235 -0.055407 -0.008546 0.067594 -0.044465 -0.057581 -0.060454 -0.048493 0.090134 -0.022172 0.022131 0.027797 0.055357 0.092211
 0.002756 -0.024951 0.099692 -0.002278 0.007421 0.077889 -0.041067 0.046385 -0.062171 0.088200 -0.050827 -0.060705 0.009871 0.066143 0.062181 0.021431
 -0.087290 0.073129 -0.067350 -0.033629 0.004106 -0.030625 -0.052664 0.085424 -0.062950 -0.097875 0.099594 -0.087613 -0.061815 -0.005702 0.020843 0.084657
 -0.001528 0.077993 0.078608 -0.042397 -0.013514 0.001440 0.078545 -0.013829 -0.038777 -0.012652 -0.055247 -0.047958 0.041619 0.042024 -0.062762 0.094493
 -0.059292 0.007391 -0.093366 -0.016683 0.007855 0.044776 0.036256 -0.098195 0.030194 0.001090 0.049022 0.081367 0.058397 -0.090766 0.053522 0.062332
 -0.074252 0.096817 -0.057946 -0.061175 -0.035616 -0.027725 0.053766 0.032720 0.010802 0.021639 0.050972 0.049565 -0.025087 -0.009752 0.072831 0.018773
 0.090383 0.039503 -0.098194 0.096574 -0.010216 0.078705 -0.011106 0.063530 -0.046643 -0.044397 -0.079017 -0.050902 -0.028577 -0.081407 0.094302 -0.021627
 -0.049714 0.076923 -0.079210 0.067398 -0.008912 -0.058190 -0.048743 -0.053038 0.029270 -0.053516 -0.099137 0.007645 0.005833 0.061538 0.015106 -0.038398
 0.081570 -0.072322 0.032168 -0.083353 0.084060 0.074461 -0.017868 0.088501 0.019975 0.065874 0.000865 -0.030616 0.046093 0.078776 -0.010770 0.075992
 -0.085419 -0.031104 -0.059065 0.015996 0.092364 0.040233 -0.062384 -0.066773 -0.019102 -0.098858 -0.085319 0.056654 -0.020280 -0.050905 0.073552 -0.062329
 -0.072367 -0.020856 -0.043969 0.018142 0.000216 -0.081922 0.096874 -0.068451 -0.092580 -0.092304 0.092653 -0.075687 -0.069323 0.012587 0.051084 -0.085948
 -0.064285 -0.094787 -0.054501 0.070473 -0.040427 0.055457 -0.006287 0.028537 -0.093562 0.057389 -0.080858 0.090901 0.027309 -0.069182 -0.021131 0.099011
 -0.052711 0.067295 -0.075800 0.080128 -0.005915 0.064367 -0.057558 -0.072894 -0.070496 -0.068824 -0.052527 -0.096387 -0.038739 -0.005941 0.029300 0.099141
 -0.095045 0.069651 0.052837 0.049536 -0.094951 0.000847 -0.034224 0.085249 -0.033481 0.013025 -0.006855 0.080064 -0.031448 -0.007154 0.062438 0.079696
 0.095696 -0.007949 -0.072794 -0.095599 -0.026657 -0.098764 0.078892 0.070772 0.033938 0.073826 0.081736 -0.006346 0.095289 -0.010964 -0.038920 0.077551
 -0.085355 0.033518 0.031846 -0.068082 0.010372 0.033538 -0.009583 0.003104 -0.019412 -0.038560 -0.015656 0.030428 0.062176 0.040137 0.070525 -0.084630
 -0.070274 0.080715 -0.055572 -0.087959 -0.075535 0.096300 0.031351 -0.093523 0.019502 0.067180 0.043740 0.062824 -0.089589 -0.067986 0.025950 0.081493
 0.058408 0.030536 -0.034716 0.012879 0.062872 -0.083325 -0.007089 0.066965 -0.068595 -0.018824 -0.020456 -0.074809 -0.094858 0.096359 -0.040252 0.002125
 -0.039824 0.079525 -0.078911 -0.041981 -0.016435 -0.048012 -0.002773 0.019699 -0.073504 -0.059251 -0.056488 0.076937 0.041981 0.083583 0.037026 -0.004090
 0.091616 -0.096125 -0.062300 0.019944 0.014482 0.093470 -0.055559 -0.069233 -0.017327 0.080480 -0.055217 -0.089400 -0.040449 0.060164 -0.018955 0.064646
 0.008389 -0.009191 0.095412 0.006371 0.026333 0.067197 -0.047815 0.097102 0.079988 -0.007389 -0.004034 -0.006817 -0.005119 -0.006295 -0.022104 -0.089078
 0.020759 -0.087741 0.081625 -0.060286 0.071120 -0.029011 -0.053993 -0.088064 0.015490 -0.042083 -0.043848 0.070951 -0.056832 -0.013286 0.028006 0.012394
 -0.056698 -0.090497 0.091706 0.047656 -0.099301 0.041202 -0.025443 0.012845 -0.089849 -0.008732 -0.012814 0.078506 -0.047757 0.010399 0.040501 -0.047655
 0.057959 -0.067914 -0.057523 0.064667 0.092115 -0.040381 -0.046344 0.028759 0.043176 0.071702 0.056531 0.055422 0.056907 -0.019628 -0.090750 -0.019648
 0.088969 -0.042721 0.076801 -0.001895 -0.098516 0.018403 -0.012719 0.026767 -0.063869 0.064133 0.045033 -0.003972 -0.065769 0.059704 0.003766 -0.033872
 -0.041468 0.001853 0.066410 0.046042 -0.006297 0.031742 0.059467 -0.039082 0.087178 -0.049945 0.023388 -0.032336 -0.028510 0.075776 -0.061645 -0.010259
 0.067503 0.039471 -0.058474 -0.040418 0.008676 0.035670 -0.009102 -0.099165 -0.001992 0.088480 -0.036786 -0.015632 0.095985 -0.049736 0.021793 0.034655
 0.033789 0.027072 0.025186 0.001902 -0.037153 -0.080708 0.030383 -0.092818 0.075645 0.081224 0.022062 -0.012690 0.020705 -0.036653 -0.018282 -0.081500
 0.018695 0.062709 -0.012016 0.081001 0.026331 0.003289 -0.059937 -0.006766 -0.039363 0.087518 0.013386 0.004728 -0.018504 0.006332 0.044210 0.020439
 -0.011544 -0.028345 0.057078 -0.053725 -0.027052 0.092838 -0.042097 -0.084695 0.052768 0.091696 0.084222 -0.076481 0.094997 -0.046363 -0.032999 0.009949
 -0.094722 0.064726 -0.021793 -0.067322 -0.015333 -0.091371 0.041546 0.090365 0.088491 -0.002870 0.057600 0.087993 -0.025573 0.013840 0.062660 -0.063960
 0.073907 -0.023432 0.049330 0.035495 -0.010904 -0.013325 -0.043137 -0.023961 0.010622 0.090289 -0.067602 0.053712 -0.001183 -0.062087 -0.045456 -0.090431
 0.001109 -0.076892 -0.076352 0.079303 -0.013918 -0.071432 -0.094898 -0.098903 -0.075945 0.011402 0.011399 -0.079308 -0.002930 -0.077808 -0.057414 -0.022563
 0.074070 0.084957 0.004026 -0.005229 -0.069982 -0.070498 0.059624 0.056211 0.073268 -0.081843 0.060822 0.002607 -0.026854 -0.007891 0.061854 0.002083
 -0.022654 0.099015 0.076993 -0.053025 -0.060575 -0.077689 0.084010 -0.012078 -0.074731 -0.069748 -0.066958 -0.094294 -0.048011 -0.017690 -0.081446 0.083197
 -0.061730 -0.014638 0.029718 -0.096577 -0.016374 0.087785 0.040308 -0.057943 0.064849 -0.044019 0.043089 0.012404 -0.087962 -0.009676 -0.051683 0.021846
 0.047528 -0.065033 0.027717 -0.028952 -0.009486 -0.082464 -0.047608 0.039162 0.096218 -0.033955 -0.006221 -0.070276 -0.030488 0.093408 0.032145 0.076104
 0.038022 -0.004272 -0.036032 0.008954 0.017250 -0.068766 -0.078425 0.062152 -0.096272 0.049196 -0.092417 0.068961 0.042136 -0.065580 0.076187 -0.001249
 0.018895 -0.091579 -0.048844 0.093443 0.054392 -0.066000 -0.090063 -0.056646 0.021613 -0.027561 0.068376 -0.036835 -0.061773 0.051893 0.006637 0.053390
 -0.048037 -0.084516 0.069957 -0.097915 0.020991 0.085528 0.025854 0.025888 -0.007756 0.010205 -0.054985 -0.097689 -0.036795 -0.082048 0.084048 -0.013495
 0.091658 0.011890 -0.056561 0.052120 -0.096599 0.006639 -0.020006 0.065350 -0.030803 -0.072978 0.038697 -0.046534 -0.044498 -0.093318 -0.091525 -0.078651
 -0.057416 -0.034941 -0.034138 0.016208 -0.087653 0.018334 -0.063602 -0.094365 -0.033133 -0.076059 -0.074230 -0.003210 -0.018615 0.054917 0.070567 -0.030628
 0.028854 -0.099626 -0.028264 -0.092825 -0.065022 -0.049525 0.083565 -0.013364 0.094103 -0.017526 0.065361 0.024214 -0.078956 0.041912 -0.040691 0.008224
 -0.083765 0.094873 0.055869 -0.035275 -0.028862 0.001260 -0.012400 -0.005393 0.001502 0.087736 0.094075 -0.058220 0.094830 -0.074712 -0.061907 -0.070922
 -0.098590 0.041215 -0.059573 0.017261 0.001893 -0.075189 0.002896 0.093775 0.056531 0.069556 0.003898 0.058186 -0.065593 -0.013285 -0.010783 -0.035381
 -0.023618 0.036411 0.034701 0.034003 0.001164 0.063852 -0.072555 -0.032109 0.074071 0.058986 0.044895 -0.000457 -0.066428 0.084201 0.015582 -0.052656
 0.067779 0.026598 0.088625 0.088316 -0.080396 -0.082540 0.076647 -0.000338 0.027064 -0.009433 -0.029610 -0.067678 -0.009460 0.020201 0.089686 0.044956
 0.004183 0.097974 0.016227 -0.021973 -0.006136 0.019661 0.016603 0.053927 0.041381 -0.072652 0.031103 0.004048 -0.097913 0.040728 0.073897 0.088069
 0.050725 -0.026390 -0.074731 0.086684 -0.095716 -0.028046 -0.021993 0.000389 -0.016462 0.040454 -0.022560 0.008719 0.049919 -0.031589 -0.050570 0.008842
 0.001560 -0.011854 -0.062983 -0.092310 -0.088282 -0.025053 -0.006842 0.015676 0.006864 -0.010673 -0.071024 -0.046755 -0.016729 0.094097 -0.051808 -0.028559
 0.050996 -0.009233 -0.091791 -0.052797 0.031632 -0.065277 -0.002288 0.004504 0.063386 -0.020580 -0.055846 0.042448 0.050787 -0.074323 0.001104 -0.069064
 -0.010462 0.042191 -0.088756 0.014652 -0.088691 0.069828 -0.091659 -0.036008 0.016797 -0.041526 0.008031 0.088757 0.031457 -0.001818 -0.024527 -0.086277
 -0.023031 -0.020071 0.046381 0.051409 0.023988 -0.030842 -0.047547 0.059145 0.020053 0.012647 -0.058876 0.068014 -0.005679 -0.038893 0.097160 0.040608
 0.034603 -0.012764 0.041377 -0.041448 -0.038314 -0.071989 0.099006 -0.017646 -0.083445 0.073555 0.068387 0.019143 0.023559 -0.054943 -0.040652 -0.063607
 -0.005951 0.057382 0.070577 0.030445 0.024088 0.032245 -0.005779 0.057133 -0.037603 -0.076050 -0.025595 0.051936 0.042880 -0.038638 0.044900 -0.049323
 -0.075549 -0.010025 -0.046140 -0.021091 -0.054755 -0.032945 -0.094488 -0.059128 -0.031647 -0.058894 -0.094416 0.070843 0.088363 -0.074266 -0.057955 -0.075430
 0.081346 0.004093 0.019650 0.030481 0.075665 0.071972 -0.019272 0.053201 0.089016 0.032549 0.006744 -0.074791 -0.072572 -0.012868 0.015894 -0.052568
 -0.005176 -0.056370 0.065051 0.024073 -0.082453 -0.016695 -0.030582 -0.009597 0.029854 -0.021570 -0.080587 -0.095968 0.090199 0.077510 0.075052 0.028320
 -0.038496 0.001962 0.006795 -0.096304 0.034106 -0.018325 0.074334 0.020980 0.063451 -0.066933 0.016445 0.014304 -0.046045 -0.002284 0.023253 0.068003
 -0.083246 -0.097027 -0.052965 0.074801 -0.088600 0.052032 -0.019906 -0.053717 -0.023186 0.052260 0.009112 0.016764 -0.087278 0.095127 0.057450 -0.071572
 -0.071675 -0.020801 -0.078620 -0.000976 0.062090 -0.090174 -0.085570 0.008701 -0.007408 -0.067370 0.057562 -0.030028 0.054360 -0.029088 0.066733 -0.024266
 0.015707 -0.094663 -0.083482 -0.005921 0.026673 0.098319 0.025737 -0.023745 0.038370 -0.089243 -0.088342 -0.043656 -0.026360 0.063514 -0.043564 0.067664
 -0.063008 -0.030785 -0.058603 -0.000757 0.007588 0.075230 0.058690 0.030936 0.096374 0.039408 -0.042502 0.002854 -0.089923 0.085784 -0.025807 -0.095493
 -0.015999 0.061206 -0.025912 0.084923 -0.013446 0.065986 0.069750 0.028000 -0.058785 -0.061172 -0.006701 0.059092 -0.092072 0.085318 0.007191 0.014864
 0.056366 0.067960 -0.044921 -0.038040 -0.090907 -0.052725 -0.096218 0.075033 0.043845 -0.022250 -0.093337 0.008683 0.006359 -0.082020 0.015985 -0.099600
 0.066192 -0.067078 0.005697 -0.005521 0.044111 -0.075381 -0.036794 -0.069760 -0.000865 0.019956 0.084139 -0.055868 0.027158 0.079519 -0.039845 0.054620
 0.025696 0.006128 -0.046317 -0.056976 -0.049437 -0.059440 -0.057636 0.017436 0.019595 -0.000648 -0.030124 -0.089567 -0.098051 0.085284 -0.058198 0.047837
 -0.073401 0.050491 0.067697 0.050076 -0.024538 0.022696 0.050664 0.088433 -0.003546 -0.011888 0.003884 0.079019 -0.026758 0.079250 -0.069065 0.007031
 0.077735 0.020178 0.034618 0.058860 0.017323 -0.005241 -0.061587 -0.098092 -0.012201 -0.004908 -0.084061 0.021812 0.032951 0.069249 0.057142 0.076508
 -0.037847 -0.082422 0.063156 -0.043726 0.060550 -0.090802 -0.086652 -0.068410 0.032405 -0.095000 -0.070627 -0.097020 -0.062431 0.099272 0.035113 0.061298
 -0.049447 0.011315 -0.053756 -0.090596 -0.051602 0.091494 -0.028129 -0.025017 -0.051558 0.031399 -0.041382 0.094938 -0.031932 0.076676 -0.092321 0.065306
 -0.036883 -0.018118 -0.002711 0.077106 -0.057035 -0.092432 0.014817 0.089076 0.010032 -0.025230 0.097621 0.025158 0.053274 -0.036283 -0.083484 0.010044
 -0.057574 -0.035857 0.066276 0.002496 0.035380 -0.086735 -0.069294 -0.078561 0.078604 0.070400 -0.070197 -0.030836 0.032391 0.039214 -0.014730 -0.045331
 0.020675 0.035474 0.043297 -0.000104 0.057453 0.039117 -0.073734 -0.015726 0.047595 0.063167 -0.075005 -0.099907 0.019480 0.072276 -0.096942 0.055064
 -0.064422 0.084927 -0.041617 -0.034709 0.088345 -0.008913 0.032949 0.027484 0.086356 -0.073661 -0.024956 -0.005021 -0.034951 -0.002771 -0.099911 -0.048963
 0.068149 -0.039577 -0.017338 0.058876 0.007087 0.063289 0.017974 0.096301 0.032210 0.053815 -0.002941 0.065618 0.049700 -0.098968 0.048264 0.040770
 0.036945 0.053718 0.037743 -0.065349 0.008571 0.054751 0.054453 -0.002064 -0.025049 0.059316 0.098130 0.081014 -0.045986 -0.008806 0.070035 -0.089438
 -0.032568 -0.018877 0.063286 0.056683 0.060842 -0.005509 0.073902 -0.041286 -0.006494 0.056434 0.011353 0.055868 0.022349 -0.056030 -0.010222 -0.089585
 -0.082715 -0.056749 -0.050417 -0.007056 -0.059928 -0.065574 -0.083471 0.046602 -0.049929 0.010002 -0.056414 0.079367 -0.051514 -0.000492 -0.070887 -0.007352
 -0.043431 -0.074671 0.097478 -0.050507 0.000157 0.026700 -0.071730 0.026139 -0.096944 0.064232 0.066692 -0.050484 -0.079699 -0.091103 0.074138 0.055392
 0.064421 -0.099202 -0.042871 -0.000478 0.033114 -0.002986 -0.054796 0.069144 -0.046491 0.085442 0.028489 -0.094424 0.047709 0.026403 -0.065563 0.069501
 0.058679 -0.066398 0.033463 -0.057940 -0.018991 0.008565 0.059182 0.067505 -0.058025 0.022770 0.049080 0.090900 -0.069451 -0.096506 0.029093 0.042977
 0.090201 0.096767 -0.034292 -0.054860 0.088444 0.028268 0.005379 0.056253 0.086332 -0.003723 0.089841 0.037783 0.042001 -0.098135 -0.010962 0.057922
 -0.075792 -0.093917 -0.039590 -0.070006 0.017828 0.062820 -0.099639 0.094093 0.019237 0.002344 0.076997 -0.007723 0.083075 0.022712 -0.046118 0.021656
 -0.081800 -0.090773 -0.044428 -0.075375 -0.063738 -0.050605 -0.086609 0.085607 0.050452 -0.087528 0.075137 0.096425 -0.010569 -0.083554 0.013740 0.045744
 -0.076842 0.083199 0.034555 0.080799 -0.034559 0.049549 0.044257 -0.030606 -0.039069 -0.087045 -0.093148 -0.092089 -0.068132 0.024853 0.065038 -0.036718
 0.032602 -0.098225 -0.025041 -0.014767 -0.091097 0.026215 -0.086786 -0.053464 0.084263 -0.056174 -0.085998 -0.014123 -0.063494 -0.014935 -0.073984 -0.067743
 0.022571 0.000116 -0.049287 0.006879 0.017544 -0.085779 0.067352 0.070197 0.090416 0.057124 0.082501 -0.076316 0.028814 0.046520 -0.065741 0.032101
 -0.000175 -0.077706 -0.018264 0.070763 0.018676 -0.027711 0.053474 -0.018735 -0.074522 0.041285 0.079633 -0.009786 0.028458 -0.056352 0.025433 -0.011485
 -0.064760 -0.093879 0.050543 -0.093768 0.062817 -0.031627 -0.030553 0.078138 -0.014148 -0.031067 -0.097282 -0.097668 -0.003447 0.014720 0.082139 0.096635
 0.036663 -0.098033 0.079189 -0.035345 0.006580 -0.034663 -0.079254 -0.058028 -0.019306 0.087129 0.089069 -0.054088 0.032196 0.056173 -0.044963 0.039418
 0.023466 -0.088965 -0.008982 -0.036484 0.091442 -0.047465 0.006799 -0.095855 0.088848 -0.057118 -0.062036 0.046903 -0.050647 0.073361 0.062674 0.099661
 -0.020090 -0.035692 -0.015896 0.090445 0.083675 -0.099474 -0.082204 -0.034860 -0.080612 -0.096496 0.078763 -0.060293 -0.031140 -0.063391 -0.011696 -0.005228
 0.097714 -0.093448 -0.043859 0.084146 0.043670 -0.022911 0.055201 -0.082825 -0.021748 0.025715 0.028330 0.080588 -0.054702 -0.071020 -0.078817 0.044108
 -0.024001 -0.083743 -0.095786 0.033981 0.075359 -0.080057 -0.067179 0.036844 0.093489 -0.076376 -0.059658 -0.036591 0.077142 0.040233 -0.052673 -0.032052
 0.037522 0.066489 0.019725 -0.085600 0.033777 -0.021328 0.014111 -0.011977 0.087996 0.040168 0.050938 -0.034767 -0.081335 0.079921 0.043724 0.025496
 0.092323 0.003877 -0.015681 -0.082678 0.047139 -0.027307 0.088481 0.005560 -0.088472 -0.088679 -0.049622 0.089386 -0.025791 -0.031597 -0.041223 -0.062008
 -0.007386 0.034173 -0.090344 0.014788 -0.065235 0.021830 0.069247 0.031734 0.070961 0.061444 -0.034888 0.019914 -0.006473 -0.017153 -0.021232 -0.090510
 0.076288 -0.017138 0.042472 -0.032187 -0.067527 0.084281 0.061829 0.017345 0.047656 -0.091766 -0.038649 0.008491 -0.082659 0.034503 -0.063188 -0.006376
 -0.022924 -0.051555 -0.092079 -0.015724 0.003261 0.061228 -0.066417 0.053265 -0.098244 0.080176 0.006374 -0.075511 -0.040716 -0.084051 -0.014791 -0.006989
 0.097973 0.090080 -0.010104 -0.054826 0.080238 -0.060522 -0.087207 -0.009307 -0.025508 0.058991 -0.024935 0.033175 0.063811 -0.050318 -0.043122 -0.096629
 -0.071748 -0.018290 -0.060648 -0.022640 0.013639 0.083120 0.035515 -0.062510 0.057071 0.063055 0.089744 0.061012 0.004903 -0.018838 0.023886 -0.066791
 -0.001659 0.011850 -0.055892 0.091709 0.005738 -0.061323 -0.013342 0.070431 0.079271 -0.092194 0.009010 0.094138 0.083289 0.013256 -0.028909 0.096763
 0.013799 0.021670 -0.097478 0.096795 -0.065704 0.051876 0.059580 -0.057985 0.070105 0.020161 -0.077008 -0.085206 0.088494 -0.087140 -0.076560 -0.012123
 0.027221 0.094871 -0.095904 -0.032621 0.024439 -0.088537 -0.068231 -0.026517 0.005418 -0.033629 -0.064783 -0.090183 -0.022587 -0.008502 -0.045310 -0.068970
 -0.006495 0.065326 0.051343 0.037075 0.008368 0.003041 -0.053241 -0.096926 -0.009559 0.078375 0.049804 -0.023177 -0.054198 -0.032060 0.016985 0.085774
 0.066791 0.018641 -0.027684 -0.048196 0.094944 -0.024716 -0.068462 0.057735 -0.096914 0.074638 0.079146 -0.003630 0.076274 -0.033980 -0.030477 -0.027352
 -0.068525 0.092493 -0.025757 -0.026243 -0.023955 -0.099881 0.094577 0.099292 0.011252 -0.046704 0.036639 -0.092152 0.048413 0.066904 -0.061497 0.065688
 0.071413 0.042124 -0.001225 -0.055266 0.064883 -0.009336 -0.094207 0.022015 -0.046506 -0.040660 0.065432 -0.042732 -0.040653 0.043303 -0.021938 -0.095526
 -0.001819 0.086538 -0.055658 -0.005348 -0.082358 -0.097121 0.036514 0.071499 0.084725 0.048049 0.006866 0.028812 0.055385 0.056162 -0.001400 0.036926
 -0.007769 -0.083927 0.001399 0.092647 -0.010622 -0.030989 0.086697 -0.025233 0.080899 0.057544 -0.000430 0.055228 0.009959 0.091851 -0.058691 0.059157
 -0.010596 -0.074747 0.047240 -0.008208 0.029721 -0.028599 0.073845 -0.011561 -0.021712 0.008211 -0.086194 -0.087506 -0.025955 -0.085984 0.064733 0.087182
 0.081704 0.052374 -0.023566 0.051579 -0.052732 0.095119 0.097663 0.067228 -0.015825 0.058576 -0.017755 -0.046307 -0.037622 -0.088656 0.029932 -0.087314
 -0.048315 -0.080544 0.087886 0.057697 0.006962 0.068259 0.045492 -0.057145 -0.091347 -0.047657 0.047769 -0.004606 0.005904 -0.001582 0.089813 0.067934
 0.059846 -0.070903 0.063640 -0.069716 0.036670 -0.085024 0.066178 -0.038537 -0.037855 0.043037 0.062975 0.079522 -0.035017 0.017167 -0.098580 0.065217
 0.077789 0.008867 -0.076172 -0.095078 -0.091051 0.021531 -0.090585 0.003642 -0.018472 0.036599 -0.080526 -0.064431 0.083880 -0.075338 -0.058464 -0.004483
 0.054453 -0.075862 -0.032214 -0.052734 -0.076498 0.003582 0.078535 0.069645 0.025423 0.015631 0.006846 0.036845 0.040806 0.085939 -0.059936 -0.059349
 0.087431 -0.017532 -0.047315 0.027365 0.045920 0.010702 -0.064214 -0.082329 -0.029002 -0.088314 0.095359 -0.068726 -0.039152 -0.016089 0.041170 -0.063806
 0.055622 0.049536 0.021707 -0.000393 -0.049985 -0.062641 -0.039956 -0.027428 -0.052768 -0.056391 0.027099 0.017423 -0.026855 -0.080869 -0.093645 -0.031204
 0.067049 -0.086506 -0.009431 -0.049474 -0.005753 0.096114 0.020289 -0.023597 0.090608 0.073740 0.039894 -0.011317 -0.000881 0.056892 -0.005902 0.047874
 0.078643 0.082413 -0.059120 0.090929 0.032173 0.029811 0.080324 -0.083575 -0.004327 0.001651 0.001588 0.060129 0.016670 0.017599 0.024004 -0.045069
 -0.065236 0.084096 -0.086604 0.038426 -0.037793 -0.086079 -0.075139 -0.027207 -0.008313 -0.086889 -0.055031 -0.096468 0.086020 0.049555 0.034765 0.050123
 -0.080148 -0.095652 -0.020802 -0.066423 0.085447 0.029685 -0.021713 -0.001410 -0.025449 -0.013186 0.068313 0.026814 -0.022892 0.003173 -0.005143 -0.071108
 -0.090482 0.059808 -0.000338 -0.089076 0.011209 0.098860 -0.082352 -0.007962 0.053788 0.052013 -0.020044 0.049803 -0.051903 -0.033037 -0.007443 0.015001
 -0.035324 0.008329 0.025837 0.089776 0.046376 -0.074117 0.038632 -0.054792 0.050575 0.074984 0.015459 -0.026805 0.089059 -0.054300 -0.033765 -0.089412
 0.037038 0.087168 0.049496 0.089853 -0.020817 -0.078877 -0.040030 -0.077142 -0.038889 0.012064 -0.014645 -0.072042 0.077867 0.021040 0.016486 0.086989
 -0.032488 0.000560 -0.031445 -0.066239 0.061835 -0.048098 -0.070963 -0.045054 0.009646 -0.061767 0.024310 0.093826 -0.079303 0.046986 0.081698 -0.094521
 0.004978 -0.023463 0.088760 -0.040641 -0.090240 0.034100 0.094041 0.093250 0.015538 -0.081232 0.018417 0.024481 0.061606 0.077904 0.058325 0.014691
 -0.041108 -0.015248 -0.026294 0.015304 0.025700 -0.039887 0.081956 0.000473 0.069629 -0.094896 -0.033547 0.044532 0.079800 0.018839 0.025951 0.087705
 -0.090598 0.010421 0.053384 -0.073262 -0.029276 0.036000 -0.007506 -0.074980 0.054793 0.048384 0.088602 -0.045970 -0.058115 -0.075928 -0.099430 -0.078753
 0.030978 0.096219 0.021790 0.090587 -0.019467 0.018571 -0.083430 0.010909 -0.019862 0.077826 0.099764 0.094936 -0.056414 0.089084 0.020757 -0.098332
 0.069700 -0.009245 -0.006459 -0.009369 0.047011 0.019550 0.083237 -0.094643 -0.038242 -0.094216 0.033060 0.043123 -0.088789 -0.045688 -0.063440 -0.066163
 -0.060672 0.046291 -0.046716 0.017875 0.066022 0.051277 0.053583 -0.037973 -0.096492 -0.011748 -0.010719 -0.096004 -0.089499 -0.049301 0.090053 -0.001431
 -0.033503 -0.069330 0.096120 0.021856 0.035530 0.060510 0.040218 0.029144 -0.042386 -0.003800 0.043519 -0.096182 -0.063719 0.046369 0.049030 -0.090829
 -0.015265 0.067478 -0.098910 -0.057133 -0.028945 0.037847 -0.008344 -0.035960 0.014021 0.027812 -0.057012 -0.042421 0.061185 -0.002271 -0.058766 -0.070783
 0.073919 -0.088009 0.024298 0.046818 0.040433 0.066653 -0.045570 -0.042947 -0.020720 0.053543 0.016099 0.045176 -0.008226 -0.022259 0.059658 0.092104
 -0.046817 0.062409 -0.036600 0.077138 -0.065040 0.026433 -0.072359 -0.071791 -0.099445 0.068958 -0.095807 -0.077612 0.075555 -0.000475 -0.031844 -0.098449
 -0.065629 -0.047136 -0.054298 -0.025501 -0.055095 0.043111 0.055326 0.058352 0.014567 -0.065062 -0.063886 0.058220 0.073256 0.048155 0.077091 0.069489
 0.096329 0.070623 -0.015454 -0.038612 0.011077 -0.016705 -0.002890 0.080450 -0.013862 0.019670 0.068477 0.062284 -0.006036 0.041494 0.091354 -0.011655
 0.025370 0.051715 -0.093878 -0.054936 0.060586 0.093524 -0.037408 0.060421 0.087384 -0.022468 0.096895 0.053886 0.095433 0.088801 0.034123 -0.043654
 0.014786 0.083625 0.067195 -0.041722 -0.035880 0.068396 0.041573 0.034766 -0.021599 0.040844 -0.098491 0.081583 0.093393 0.029743 -0.083972 0.053898
 0.045930 -0.020540 -0.074841 -0.049103 0.044702 0.064378 -0.032323 -0.055911 0.020014 -0.052419 -0.002096 -0.071423 -0.056714 0.049900 -0.063421 0.085801
 0.024891 -0.003265 0.036119 0.066265 -0.069552 -0.073496 -0.067245 -0.011635 0.081726 0.003038 0.052918 0.013291 0.046917 0.007418 0.090120 -0.019974
 0.089809 0.067376 -0.044177 0.095888 -0.044990 0.015927 0.096825 0.074866 0.023732 0.051654 0.081886 0.083330 0.044464 0.015709 -0.020454 -0.019136
 0.052613 0.035103 0.049256 -0.084958 -0.038400 -0.042856 -0.050348 -0.045403 -0.033504 0.083382 -0.054848 -0.021331 -0.096371 0.021918 0.069685 0.058132
 0.079556 -0.095278 0.022060 -0.042892 0.006033 -0.059541 -0.061151 -0.059071 0.075028 0.047240 0.080368 0.030436 0.050563 -0.091901 -0.096259 -0.050149
 0.092790 -0.090213 -0.081732 0.066261 0.093355 -0.053935 0.029914 0.062365 -0.078476 -0.035965 0.041554 0.086463 0.044638 0.051301 0.066173 0.001379
 -0.084058 0.062181 0.035622 0.076374 -0.076720 -0.087940 -0.062808 -0.016952 0.016451 0.028708 0.054657 0.056276 -0.072107 -0.013036 0.069914 -0.081030
 -0.019833 0.097901 0.043690 -0.042014 -0.003956 0.023500 -0.013115 -0.004037 -0.088305 0.086420 -0.060209 0.065483 -0.039500 0.054734 0.063608 -0.043989
 0.024379 -0.011030 -0.066313 0.057279 -0.039234 -0.082514 -0.047663 -0.011644 0.094771 -0.024925 0.008216 -0.008207 -0.078185 -0.042158 0.012914 0.091350
 -0.046995 0.025523 -0.099552 -0.075420 0.073001 0.074873 0.085765 0.014995 0.030026 -0.093745 -0.071449 -0.069132 -0.028913 -0.066734 0.084338 -0.073208
 -0.062638 0.008376 -0.096852 -0.068601 0.034218 0.057113 0.067257 -0.058200 -0.030485 0.046193 0.097570 -0.091330 -0.081856 0.074571 0.017155 -0.087475
 -0.061655 0.076816 -0.048159 0.068510 -0.070749 -0.001050 -0.063676 -0.013380 0.043274 -0.004654 0.003254 0.089614 0.068256 -0.096582 -0.031459 -0.085470
 -0.029552 -0.074388 0.086593 -0.004075 -0.046983 0.033326 -0.062582 -0.070758 -0.082006 0.052883 -0.025340 0.083493 -0.033955 -0.009253 0.031520 0.057736
 -0.094670 -0.045324 -0.079673 0.074657 0.006409 0.064456 0.081809 -0.010483 0.041824 0.052301 -0.069665 -0.037766 -0.005383 0.011631 0.000778 -0.026571
 0.037774 0.065633 0.022780 0.024377 -0.075649 -0.093048 -0.062689 -0.027645 -0.095204 0.012891 0.037289 0.064345 0.021835 -0.076689 -0.028386 -0.006030
 -0.045806 0.094552 -0.063813 -0.078077 -0.068021 0.097720 0.039576 -0.015834 -0.025818 0.011753 0.045329 -0.064153 0.006521 -0.082610 -0.026947 0.032266
 -0.014702 -0.047119 -0.097721 0.062367 0.059315 -0.032599 0.072490 -0.087744 -0.014363 0.018247 0.072033 0.085666 0.060325 0.041549 -0.013979 -0.004681
 0.092877 0.065290 0.015557 -0.085157 -0.090899 -0.038568 -0.091634 -0.074097 -0.017064 -0.002129 0.019350 0.090925 -0.000765 0.020849 0.005018 -0.065387
 -0.025262 0.081334 -0.014257 -0.030861 -0.073058 -0.023794 0.024420 -0.074525 0.067667 0.097613 -0.092900 0.078888 -0.090977 -0.006021 0.030797 -0.042688
 -0.077608 0.071167 -0.024437 -0.082762 0.018533 -0.095346 0.062520 0.078628 -0.019853 0.043620 -0.084342 -0.033930 -0.088524 -0.037585 -0.048621 0.057008
 -0.010453 -0.016816 0.018896 -0.053816 0.035468 0.044503 -0.033766 0.067112 0.006717 0.031084 -0.084350 0.096868 -0.051392 -0.088059 0.028671 0.052369
 -0.063068 -0.078077 0.061516 0.051043 0.047513 0.085515 -0.088666 0.092224 0.037751 -0.041995 -0.057506 -0.081079 -0.067549 0.001452 0.097434 0.073294
 -0.088809 0.082763 0.076266 0.015813 0.009750 0.034576 0.014771 -0.078692 -0.012076 0.023148 0.072315 0.066492 0.010349 -0.045073 -0.082406 0.082667
 -0.062992 0.034215 0.093687 -0.045352 0.067392 0.083376 0.056847 -0.066209 0.028063 -0.077645 -0.002238 -0.036189 0.097807 -0.019923 0.051585 -0.024152
 -0.088423 0.095172 0.065266 -0.071409 0.039992 -0.013783 0.082550 -0.094089 0.042410 0.057324 -0.009927 -0.082265 0.087153 -0.043395 -0.012468 0.032154
 -0.027538 -0.048382 0.067078 -0.031085 0.099654 -0.027526 0.072332 0.019313 0.070848 0.068920 0.074070 -0.072588 0.036254 -0.084713 -0.018925 -0.049511
 0.064921 -0.048928 0.010355 -0.032584 -0.096726 -0.098824 -0.025334 0.009415 -0.021129 -0.035216 -0.026483 0.079871 0.058457 0.001550 -0.082245 0.077724
 0.033218 0.076351 -0.093688 -0.078200 0.060620 -0.079982 -0.033864 0.057148 -0.028008 0.024982 -0.009950 -0.025386 -0.004638 -0.094790 0.090679 -0.071069
 0.086076 -0.038749 -0.090854 -0.063985 -0.086748 -0.071291 0.039734 -0.043222 -0.042953 -0.054429 -0.038946 -0.025204 0.002295 0.007264 0.005897 -0.050167
 -0.095327 -0.095678 -0.043576 0.073203 -0.058602 -0.029147 0.083600 -0.004902 -0.015308 0.005484 -0.042259 0.002406 -0.088529 0.085863 -0.011136 -0.036878
 -0.020515 0.020364 0.036423 0.052995 0.006356 0.067525 -0.079487 -0.030030 -0.024257 0.037560 0.098608 -0.061164 -0.053653 -0.063135 0.093288 -0.082166
 -0.014248 0.083999 0.023376 -0.087161 0.042746 -0.084831 -0.078212 0.082395 0.018900 0.012749 0.023227 -0.097938 -0.051196 0.001301 -0.091488 0.031331
 0.046182 -0.013782 0.093846 -0.004011 0.080290 0.091164 -0.040814 0.027502 0.036194 0.075621 0.045747 0.098321 0.012417 0.075478 -0.030431 -0.064728
 -0.076196 0.055768 -0.054155 -0.031348 0.028123 0.027015 -0.047915 -0.082838 -0.050995 -0.003678 -0.080527 0.025576 -0.083931 0.073223 -0.025884 0.052847
 0.045657 0.025474 -0.037407 -0.050269 -0.028627 -0.093975 -0.012539 -0.051718 -0.015235 0.069754 0.048867 -0.087298 -0.042289 -0.040473 -0.078409 0.012796
 -0.044199 -0.021395 0.015644 0.037134 0.070469 0.083871 0.024208 -0.094820 -0.036279 0.044247 -0.094366 0.052650 0.039393 -0.071567 0.070968 -0.095270
 0.032020 0.057426 0.067126 -0.023995 -0.009267 0.097154 0.067813 -0.037005 0.032029 0.020695 -0.083469 -0.042360 -0.044396 -0.013426 -0.088530 0.044484
 -0.075695 -0.092913 -0.005325 0.031525 -0.011031 0.088799 -0.072580 0.032776 -0.056158 -0.037758 -0.076798 -0.069553 -0.007157 -0.017229 -0.003188 0.048695
 0.081639 -0.015126 -0.023069 -0.034311 -0.031213 0.093148 -0.023562 0.009165 -0.002505 -0.026987 -0.035224 -0.024877 -0.043679 -0.028231 -0.090645 0.070541
 -0.022150 0.012915 0.044287 0.035194 0.059907 -0.077608 -0.004043 0.035486 -0.014142 0.046684 -0.040774 0.022776 0.083053 -0.095826 -0.099795 -0.022840
 0.023994 -0.057849 0.012493 -0.057386 -0.016353 -0.060350 0.065825 0.039201 0.054573 -0.034686 -0.090049 -0.059512 -0.087416 0.019422 -0.063014 -0.000065
 -0.003926 0.025568 -0.046398 0.016677 0.000762 0.081565 -0.002319 -0.034255 -0.094251 0.062725 0.084284 0.097755 -0.047801 -0.078452 0.035023 -0.067988
 0.029312 0.023236 0.018055 0.053177 -0.051159 -0.055112 -0.046391 -0.031144 -0.000967 -0.087096 0.075133 -0.013054 0.074005 -0.019424 0.002451 -0.094288
 -0.092156 -0.030286 0.040823 -0.041046 -0.014811 -0.091695 -0.070353 0.001062 -0.079724 0.076771 -0.050157 0.032607 -0.043411 0.033615 -0.038021 -0.029999
 0.047332 0.093465 -0.009167 0.002159 -0.019619 -0.011408 0.087246 0.003619 -0.015200 -0.016943 0.016677 0.051551 -0.045199 -0.015617 0.092364 -0.051808
 -0.010956 0.071676 -0.002156 0.094315 0.038380 0.029941 0.080882 -0.012145 0.023128 -0.070369 0.060746 0.000483 -0.074672 0.030060 0.027514 0.056960
 -0.064813 -0.011004 -0.058207 -0.078493 -0.017713 -0.050134 -0.007446 -0.095904 0.006897 -0.092743 -0.022849 0.090976 -0.037434 0.020543 -0.002249 -0.098907
 -0.066066 0.014473 0.077610 0.040190 -0.044366 0.069588 -0.091649 -0.050635 0.068307 -0.094537 0.009801 0.072917 0.093629 0.035246 0.080054 0.001437
 -0.025868 0.004978 0.011290 0.046183 0.043521 -0.042729 0.028462 0.029813 0.041984 0.092067 -0.092242 -0.013574 -0.060771 0.051239 0.046659 0.094910
 -0.091000 0.046174 0.034030 0.006347 0.062813 0.018950 0.063517 0.047330 0.007645 -0.035157 0.096772 0.012388 0.070374 -0.086736 0.001811 0.090163
 -0.011647 0.076822 0.074259 -0.080871 0.073131 0.074731 0.017513 0.082799 0.013428 -0.071600 -0.085815 0.051218 0.028137 -0.095857 -0.097482 0.084528
 -0.046543 0.052995 0.059990 0.010772 0.028565 0.033105 0.022609 -0.070963 0.025119 0.016100 0.041845 -0.098314 0.070923 0.089291 0.045960 0.049653
 0.079656 -0.081377 0.036079 -0.079381 -0.093649 0.033821 -0.045043 -0.065471 0.065016 -0.095916 -0.096168 0.061912 -0.075294 -0.086290 0.033993 -0.097892
 0.005799 0.001008 -0.085690 0.016196 -0.099303 -0.084781 -0.094597 -0.090600 -0.098038 0.026122 -0.010800 -0.053388 0.039987 -0.049089 -0.074634 0.018768
 -0.081117 -0.017566 -0.098166 -0.062975 -0.006928 0.007690 -0.034875 -0.007542 -0.037214 0.066920 -0.021846 0.042069 0.030841 -0.030765 -0.080720 0.029443
 -0.046997 -0.078881 0.022983 0.037363 -0.021690 -0.008878 0.005843 -0.094424 0.002385 0.065751 -0.060165 -0.025510 0.080312 0.052667 0.004814 -0.087849
 0.009867 -0.095245 -0.094736 -0.056968 -0.039542 0.070132 -0.006824 0.085942 0.089216 0.092055 0.053725 0.087817 -0.099959 -0.071512 0.042045 0.032245
 -0.082104 -0.074669 -0.087217 -0.048618 0.006307 -0.057878 0.064198 -0.031667 0.021324 -0.050586 -0.099705 -0.017516 0.043280 -0.059107 0.024439 0.050769
 0.070794 -0.052944 -0.070628 -0.050521 -0.051192 -0.049879 0.033664 -0.089044 -0.008383 0.003675 -0.056043 0.047636 -0.088904 -0.046833 0.037588 -0.010173
 -0.053444 0.085287 -0.090958 -0.068628 0.011308 -0.026615 -0.088650 -0.051154 0.086137 0.065555 -0.066177 -0.063466 0.085476 0.017766 -0.085361 -0.090309
 -0.058008 -0.016112 0.048650 -0.034101 0.040474 -0.053561 -0.076669 0.012935 0.092465 0.003899 -0.026809 0.030713 0.023796 0.052398 0.053526 -0.029024
 -0.073006 0.091249 0.067756 -0.037433 -0.058132 -0.002361 0.060472 0.011246 -0.066842 0.074397 -0.001987 0.089091 -0.045312 -0.004411 0.091778 0.033159
 0.082931 -0.008179 0.077575 0.005119 -0.054255 0.076577 0.045990 0.041885 0.000462 0.081400 0.010992 0.051026 -0.038485 0.076090 -0.088825 -0.022103
 0.031772 0.066431 -0.064011 0.000190 0.061458 -0.079174 0.023464 0.034764 -0.008944 -0.018349 -0.071131 -0.094230 0.024688 -0.014073 0.083216 -0.072522
 0.021002 -0.072512 -0.009276 0.033095 -0.074748 -0.044017 0.092815 0.011235 0.016065 0.032687 -0.042045 -0.070890 -0.038993 0.049766 -0.002388 0.025358
 -0.059033 -0.082513 -0.006185 -0.064098 0.033760 0.071404 0.047284 0.009835 -0.043259 -0.090412 0.018399 -0.057723 -0.093715 -0.013720 -0.040064 0.017483
 -0.090110 0.015371 0.070868 0.080140 -0.072688 0.033100 0.074512 0.000065 -0.030811 -0.078433 -0.045637 0.046198 0.082559 0.099360 0.064334 -0.054942
 -0.012214 -0.015227 0.009551 -0.047861 -0.062853 -0.093540 0.010691 0.004726 -0.083689 -0.082612 0.063593 -0.045279 0.072297 0.068121 0.093491 0.036309
 0.066103 -0.054212 0.078209 0.033373 0.032413 -0.089773 0.071261 -0.054428 -0.002875 -0.086686 -0.045411 -0.064738 -0.081190 0.025749 -0.094695 -0.007104
 -0.042608 0.057319 0.045672 0.029162 0.047175 -0.097677 0.010183 -0.043186 0.080515 0.045481 -0.021310 -0.096542 0.093142 -0.018832 0.024570 0.057808
 0.039033 -0.052592 0.011728 0.021515 -0.052742 -0.058954 -0.040735 0.041403 0.011898 -0.024834 -0.052151 0.098976 0.090964 0.058540 0.077943 0.088240
 -0.025497 0.086627 -0.039885 0.037037 0.062612 0.069298 -0.028925 -0.080414 -0.080312 0.071919 0.090527 -0.073623 0.066399 -0.086987 -0.076743 0.074286
 0.038404 -0.050272 0.018507 -0.084931 0.059216 0.091117 -0.060462 -0.075581 0.062974 0.012414 0.065093 -0.036827 -0.086198 0.066964 -0.021641 0.010024
 0.062579 -0.061946 0.025983 -0.035752 0.000880 -0.034513 0.062458 -0.007178 0.064750 0.037326 0.020167 0.055196 -0.043343 -0.028700 0.082956 0.031577
 0.061365 -0.023982 -0.020110 -0.001073 0.069698 -0.094856 0.000931 -0.016018 0.043363 -0.028658 0.059793 0.045102 0.025211 0.030238 -0.091592 -0.068532
 0.047236 0.015593 0.090658 0.004415 -0.027351 -0.057423 -0.040557 -0.077684 -0.086449 -0.071555 0.038216 -0.097865 -0.022133 -0.083733 0.059241 -0.091839
 0.019087 -0.074139 0.001735 0.072933 -0.028285 -0.057299 -0.011689 0.032106 -0.084960 -0.042386 -0.048552 -0.098387 0.093354 -0.095674 0.005852 0.036137
 0.092623 -0.007778 -0.097826 -0.089556 -0.062415 -0.086484 -0.048122 -0.037887 -0.037372 -0.031939 0.007110 -0.041095 0.030331 -0.031323 0.092835 -0.060746
 -0.020687 0.093435 0.090067 -0.019378 -0.026859 0.009480 -0.003408 -0.080207 0.054673 -0.088287 0.088332 0.068378 0.030993 0.084720 -0.053435 -0.054954
 0.075545 -0.009364 -0.088592 -0.021709 -0.097841 0.063118 0.017081 0.017655 0.092038 -0.037307 -0.029941 0.007920 -0.073416 0.056876 0.084973 -0.009544
 -0.032578 0.038528 -0.060348 -0.054408 -0.011176 -0.007386 0.063689 0.011025 -0.093093 0.045436 0.020698 -0.087541 -0.005753 -0.094641 -0.066609 0.020694
 -0.075630 0.049271 0.091100 -0.096359 0.053050 0.018291 -0.081334 -0.016558 -0.066617 -0.059685 -0.078558 -0.099976 0.008365 0.078381 -0.072973 -0.043895
 -0.035076 -0.081821 -0.033184 -0.077482 0.031692 -0.007850 -0.007023 -0.068662 0.046573 0.055357 0.005989 -0.023135 -0.034083 0.002347 -0.044601 0.005069
 -0.098222 0.095136 0.013039 0.019442 0.024322 -0.065723 -0.088735 -0.013391 0.051845 -0.028224 0.038880 -0.028190 0.057428 -0.058937 0.092887 -0.080770
 0.044394 0.000377 -0.095534 -0.065331 -0.081085 -0.073463 -0.021899 0.031761 -0.012565 -0.039660 -0.075402 -0.058473 -0.077763 0.049214 -0.099266 0.040201
 -0.067579 -0.092771 0.082912 0.011592 -0.013470 -0.083459 0.007440 0.066095 -0.052479 0.024396 -0.017135 -0.004573 0.094257 0.093530 -0.089938 0.015780
 -0.004297 0.071284 -0.013279 0.020566 -0.064014 -0.031629 -0.062900 0.018256 -0.027699 -0.024681 0.053368 -0.084415 -0.034147 -0.001216 -0.040907 0.037591
 0.019318 0.039067 0.046885 -0.054949 -0.071434 -0.081059 0.075160 0.034989 -0.024949 -0.071707 -0.082672 0.020351 -0.011251 -0.092856 -0.015482 -0.099765
 -0.056995 -0.092980 -0.004772 0.099426 0.052614 -0.058781 -0.047583 -0.055379 0.078992 0.055168 0.097595 -0.010954 0.070762 -0.035071 -0.039476 0.005698
 0.060569 0.010980 -0.000925 0.037386 0.045387 0.037572 0.060956 -0.041330 -0.021450 -0.046034 0.057298 -0.034287 0.085040 -0.096451 -0.009683 0.028905
 -0.093327 -0.080384 -0.019547 -0.019471 0.055128 0.006718 0.047293 -0.049619 -0.056846 0.095291 0.019162 -0.029431 0.092105 -0.093022 -0.040875 -0.018086
 -0.031899 -0.034254 0.042104 -0.010481 -0.088942 0.046581 0.067557 -0.093162 -0.059604 -0.053956 -0.043351 0.034901 -0.024447 -0.068497 0.008034 0.053521
 -0.002133 0.066403 0.042919 0.028404 0.001670 -0.007802 -0.045877 -0.050432 0.018925 0.085697 0.038429 -0.013171 0.017188 0.043380 -0.048742 -0.079880
 -0.066279 -0.013623 -0.078743 0.008125 -0.074248 0.019667 -0.056691 0.051088 -0.059613 -0.063862 0.016766 0.035487 0.092999 0.036511 -0.016762 0.022296
 0.069336 0.002874 0.036012 -0.069999 0.056111 0.000288 0.033992 -0.006348 -0.023367 0.098606 0.076204 -0.056053 0.051912 -0.085363 -0.007966 0.033003
 0.056736 -0.006069 -0.017139 0.032299 0.071670 0.096061 -0.060689 0.034405 -0.074505 0.074297 -0.089366 0.011591 -0.085627 -0.090306 0.044653 -0.076363
 0.025312 -0.093003 -0.058433 -0.085016 -0.063282 0.039748 -0.070847 0.052477 -0.004163 0.025457 0.024946 -0.040221 0.065482 -0.066853 -0.038827 0.024247
 -0.088828 0.081951 0.069740 0.003118 0.014463 0.070648 -0.041811 0.085745 -0.009011 -0.069197 0.027595 -0.072675 0.077368 -0.020043 0.088185 0.098989
 -0.093661 -0.051302 -0.098408 0.062297 -0.047163 -0.022227 -0.015321 -0.080085 0.042252 0.092738 0.073729 -0.084517 0.041415 -0.008970 0.031685 -0.078768
 0.005472 0.095614 0.023857 0.062608 -0.092126 -0.055803 -0.093802 -0.007957 0.007931 0.088994 -0.096642 0.044262 0.049226 0.001335 -0.053548 0.010001
 -0.016082 -0.020184 0.010384 -0.050056 -0.077645 0.076594 -0.068811 -0.017571 0.072405 0.099325 -0.019747 0.057181 -0.004124 -0.017393 0.076288 0.075638
 0.014072 -0.049015 -0.098946 0.032931 0.073263 -0.082345 0.099079 0.087024 0.089554 -0.092233 -0.057520 0.044317 0.048344 0.092353 0.027492 -0.078187
 -0.020170 -0.026206 -0.087042 0.014308 -0.090162 0.037508 0.049816 0.015190 -0.055740 -0.003879 -0.020745 -0.073836 0.058159 -0.046042 -0.088400 -0.040920
 0.019511 -0.099240 0.036820 0.071672 0.007094 0.030569 0.051959 0.084926 0.038749 -0.032677 0.066643 -0.087370 0.007558 0.023754 0.028625 -0.089642
 0.019653 -0.077975 0.076207 0.046528 0.059112 -0.039640 0.043223 0.080644 0.061307 -0.052647 0.065169 -0.032736 0.090182 0.094418 -0.090369 0.007651
 -0.060903 -0.033575 -0.016756 0.020170 -0.077805 -0.003895 -0.054230 0.028363 0.007371 -0.080447 0.086887 0.089922 -0.084679 0.071565 0.042869 0.027167
 -0.084658 -0.089732 -0.003741 -0.033089 0.040816 -0.049594 0.028736 0.031867 -0.016587 0.071726 -0.031929 -0.007048 0.062113 -0.041303 -0.001375 -0.084899
 -0.094706 0.032032 0.001543 -0.057650 0.074433 0.007242 -0.097633 0.026340 0.081602 -0.015434 -0.081354 0.095942 -0.014968 0.038337 0.084728 0.018714
 -0.003136 0.014033 0.002926 0.003899 -0.017040 0.074675 -0.063537 -0.045976 0.042619 -0.007206 0.094864 0.005655 0.015760 -0.059782 0.000303 0.062469
 0.093952 -0.076273 -0.014515 0.013730 0.029328 -0.051880 0.096945 -0.011418 0.083625 0.096982 0.057467 -0.005350 0.077219 0.068385 0.008125 0.034466
 -0.012107 -0.050494 0.023115 0.014687 -0.086190 -0.091832 0.026596 0.097170 0.004475 0.079134 -0.087550 -0.090837 -0.001979 -0.006914 0.055346 0.079800
 0.067289 -0.078404 0.006090 0.046095 0.034186 0.078314 0.034821 -0.049815 -0.035466 -0.051836 0.045813 -0.047196 0.015183 -0.047610 0.007393 -0.091467
 -0.061256 -0.091984 -0.015772 -0.072463 0.063538 -0.052238 -0.071896 0.059133 -0.012047 -0.090308 0.035856 0.002459 0.077099 -0.056975 -0.095094 0.084896
 0.009042 0.000625 -0.070046 -0.046105 0.097667 0.095465 -0.015169 -0.057644 -0.082261 -0.090924 -0.065411 0.052590 0.050163 -0.031482 0.097414 -0.078248
 -0.009500 0.033137 0.090518 0.020551 0.086348 -0.054858 0.042185 0.049343 0.016863 -0.097189 -0.005893 0.046787 -0.044702 -0.069361 0.064593 0.058504
 0.051892 -0.084106 0.096074 -0.068192 0.006453 -0.088114 0.050638 -0.080517 0.065321 0.048277 -0.041059 0.037286 0.027654 0.063337 0.081889 -0.069291
 0.076804 -0.004502 0.013927 0.006618 0.058209 0.061345 0.012567 -0.050464 0.023163 0.003020 0.080754 -0.031188 0.020694 0.002120 0.038632 -0.007038
 0.029152 -0.027590 0.027294 -0.055386 0.082396 -0.062882 0.055057 0.074587 0.027387 0.015860 -0.090577 0.079670 0.042415 0.054549 0.049769 -0.035197
 -0.087129 0.023474 -0.002183 -0.061036 -0.005328 -0.083094 -0.018519 -0.030376 0.063388 0.088167 -0.042301 0.043353 -0.010581 -0.010661 0.098073 0.087041
 0.059962 0.014026 -0.084748 -0.000186 0.089048 0.039431 0.064630 0.075118 -0.012204 0.016393 0.002405 0.083466 -0.061671 0.077032 -0.011359 -0.075311
 0.040016 -0.086803 0.081949 0.098430 -0.035446 0.039622 -0.020378 -0.095958 0.065686 0.032739 0.031643 -0.006649 -0.081523 0.064535 -0.016969 0.071197
 -0.058185 -0.057046 -0.088419 0.010812 0.094139 -0.080366 -0.026012 -0.080471 0.047104 -0.096337 -0.069685 -0.006417 0.043870 -0.068880 0.069721 0.016059
 0.018823 0.006542 -0.025595 -0.014354 -0.092459 0.020376 0.090813 -0.046219 -0.036162 -0.024254 0.049178 -0.085514 -0.030901 0.048995 -0.014100 0.073026
 0.055739 -0.030690 0.059905 -0.068013 -0.019172 -0.031915 -0.078240 0.064847 0.078535 -0.013300 0.024511 0.029527 -0.040483 -0.043470 -0.080031 -0.029066
 -0.023137 -0.003171 0.035378 0.052767 -0.040520 -0.098160 0.075401 -0.081311 -0.070517 -0.012142 -0.014444 -0.087274 0.075873 -0.018636 0.045746 0.005375
 -0.065423 0.013874 0.023159 -0.019706 -0.000561 -0.057940 -0.032317 0.058380 -0.051123 -0.039591 -0.098891 -0.027521 -0.071500 0.085914 -0.028464 -0.090756
 0.038709 -0.029986 -0.078628 0.012982 0.090513 0.067560 -0.035903 0.079956 0.028728 -0.037390 -0.022933 0.083907 -0.014161 -0.036994 0.054276 -0.039415
 -0.042366 0.087591 0.045531 -0.081214 0.048494 -0.081442 -0.063010 -0.031615 -0.052580 -0.058565 0.010405 0.085177 -0.064743 0.068243 -0.061969 0.051936
 -0.061019 -0.017922 0.051295 0.016834 -0.026534 0.088301 -0.091612 0.012050 -0.084174 -0.053354 -0.043810 0.013829 0.092761 -0.091015 0.096218 -0.001727
 0.060461 0.089735 0.051993 0.053644 0.049982 -0.073732 -0.067183 -0.029009 0.065820 0.099131 0.063754 -0.075752 0.093534 0.064736 -0.028190 -0.040488
 -0.000272 0.097677 0.090576 0.085219 -0.027635 -0.087218 0.016437 -0.027470 -0.008710 -0.027492 0.002248 -0.012051 0.031172 0.087277 0.009996 0.076600
 0.040859 -0.097151 -0.083119 -0.001613 0.068848 0.081404 0.024930 -0.035612 0.035329 -0.057111 0.033348 0.092009 0.012120 0.002959 0.062667 0.048573
 0.069219 -0.005517 0.063975 0.024686 -0.031403 0.041441 -0.025983 0.054701 0.038671 -0.000903 0.001353 0.084951 -0.086909 -0.076091 -0.028370 0.019267
 -0.005329 -0.094120 -0.017859 0.001876 0.015705 -0.041799 0.015231 0.045652 0.021799 -0.058769 0.014195 0.064520 -0.020848 0.032132 0.012524 -0.072879
 -0.026322 -0.072586 0.021326 -0.011841 0.046062 0.039455 -0.049063 0.021245 -0.042914 -0.098341 -0.046627 -0.000721 -0.096171 0.081646 0.028992 0.070749
 -0.021505 0.050115 0.081774 -0.087182 -0.053088 -0.056882 0.016534 -0.008264 -0.026862 0.014054 -0.046900 0.073709 0.090476 0.040861 -0.088238 -0.046445
 0.008830 -0.075759 0.095306 -0.043074 -0.095736 -0.046553 0.087287 -0.084494 0.068309 0.058308 -0.058516 0.088473 0.061085 0.030328 -0.001330 0.090994
 -0.005829 -0.026063 0.008280 -0.095640 0.077380 -0.070048 -0.010420 0.059950 -0.012319 0.000906 0.092174 0.042025 -0.063982 -0.053276 0.060544 -0.001378
 0.027580 0.065757 -0.023871 -0.099304 -0.044037 -0.063153 0.060869 0.046457 -0.016878 0.030012 -0.086081 0.021398 -0.015958 -0.006879 0.057490 0.058418
 -0.059230 -0.007857 0.040066 0.009935 0.010424 -0.042759 0.014776 -0.097770 0.002015 -0.053715 -0.061724 -0.047453 -0.081036 0.069731 -0.056216 -0.080623
 -0.040393 -0.056426 -0.064204 -0.086756 -0.041862 -0.029522 -0.041877 -0.052324 -0.022956 -0.016115 -0.073922 0.008765 0.025319 0.001148 -0.032408 -0.077496
 -0.038090 -0.036047 -0.089510 0.076046 0.014946 -0.090922 0.046515 -0.091107 0.009679 -0.047683 0.041334 -0.030515 0.054281 0.052275 -0.030726 0.052647
 0.026270 0.013452 0.057848 -0.094252 -0.041148 -0.095883 0.038602 0.056519 0.090397 -0.094804 0.089786 -0.091717 0.071739 -0.096636 -0.047482 0.023307
 -0.006235 -0.079156 0.055954 0.035524 0.057634 0.041401 -0.009178 -0.003884 -0.096308 0.094320 -0.028927 0.005534 -0.040983 -0.005640 -0.024056 0.094927
 0.061346 -0.037973 0.099513 -0.087138 -0.040695 0.003438 -0.057102 -0.091606 -0.020708 -0.000038 0.040279 -0.059146 0.095164 0.051719 0.097574 0.020768
 -0.016422 -0.018365 0.083503 -0.007058 0.032715 -0.041803 0.084375 -0.024928 0.081862 0.073210 -0.039644 -0.069218 -0.070058 0.083043 -0.083152 -0.040527
 -0.060588 0.077638 0.045084 -0.037641 -0.027686 -0.074576 -0.053260 0.021409 -0.044749 0.066157 0.070011 -0.040219 0.027461 -0.023639 -0.046817 0.005209
 0.019774 0.031276 -0.044742 -0.044400 0.027658 0.037368 -0.015760 -0.092553 -0.081506 -0.014831 -0.008668 0.043299 0.096086 0.054821 -0.095357 -0.076166
 -0.092596 0.095686 0.077691 -0.089855 0.099225 0.093554 -0.082823 -0.066763 0.086559 0.034210 0.076393 -0.039076 -0.083126 -0.034202 0.019471 0.022753
 -0.010345 -0.080672 0.077823 0.045963 0.097212 0.045613 -0.041918 0.089557 -0.020246 0.094197 -0.064650 0.059969 0.041368 0.099650 0.057745 0.085549
 0.033410 -0.058696 0.049760 -0.010880 -0.047422 0.050090 0.003205 0.015888 0.082009 -0.064351 0.083067 -0.054681 -0.087050 0.014561 0.019256 0.079431
 0.081995 -0.007732 0.068907 -0.070634 -0.086950 0.069889 0.051504 0.026779 0.029454 -0.023549 0.009246 0.079500 -0.028460 0.094492 -0.056162 -0.078546
 0.095007 -0.053253 -0.017407 0.073865 -0.093215 0.076341 -0.041061 -0.033496 0.014113 -0.066424 -0.087274 0.098785 -0.066792 0.018399 0.047534 -0.051253
 -0.026736 0.039478 -0.043348 -0.062097 0.038305 0.095010 -0.090588 0.010345 0.049844 0.030376 -0.088807 -0.015161 0.099664 -0.088061 -0.020620 0.064683
 -0.085422 0.013722 0.045975 -0.098699 -0.081635 0.032915 0.012778 -0.098293 -0.085077 0.021126 -0.066759 0.007527 0.088557 -0.069180 0.087083 -0.070350
 -0.096953 0.061767 0.011936 -0.082934 0.050301 0.097526 -0.019826 0.058385 0.094976 0.028387 0.048559 0.046909 -0.076293 0.052505 -0.011153 0.087189
 -0.051940 0.094488 0.000685 0.029665 -0.060773 0.014994 -0.008478 -0.099511 0.086348 0.041041 -0.034675 -0.074699 0.050244 0.018350 0.048729 0.088965
 0.078773 -0.074606 0.027515 -0.033911 0.056977 0.068415 -0.054394 -0.098146 0.004682 0.001074 -0.067624 -0.045846 -0.064164 0.012567 0.005158 0.038396
 -0.008894 -0.053123 -0.091380 0.023088 0.003882 0.060817 0.045776 -0.022272 0.092990 -0.087695 0.082586 -0.012520 0.084777 -0.044358 0.051761 0.020474
 0.071226 0.051447 -0.019039 -0.023430 0.057529 -0.053948 0.074173 -0.078995 0.092293 -0.048363 -0.076994 0.032877 0.027376 -0.092065 -0.041245 -0.031961
 -0.076659 -0.032942 0.018954 0.044599 -0.047262 -0.021707 -0.063037 -0.003075 0.079169 -0.022789 0.012784 -0.005271 -0.058033 -0.082848 -0.080799 0.051198
 -0.078700 -0.041835 -0.054744 -0.016592 0.005960 0.008857 0.087978 0.071580 0.044796 -0.014857 -0.070677 0.033166 0.080943 -0.073605 -0.017816 -0.033987
 0.092100 -0.064965 0.077545 -0.068066 -0.059301 0.064595 0.015809 -0.045342 0.000535 -0.027805 -0.049968 0.025205 0.016324 0.057111 0.091466 -0.089055
 -0.000901 0.068182 -0.004249 0.085651 -0.066829 0.085480 0.095319 -0.020815 0.062507 0.049644 0.061581 0.025366 0.010363 0.056952 -0.035508 -0.002329
 0.026765 -0.071224 0.001403 -0.039378 -0.023001 0.021944 -0.031068 -0.084276 0.029156 0.027321 0.032376 -0.054504 -0.093812 -0.060340 -0.046627 -0.055663
 0.026551 0.039253 -0.009156 -0.021308 -0.080214 0.028437 -0.073049 -0.070565 0.081159 0.094001 0.070762 -0.036866 -0.026666 -0.003605 -0.028517 0.073111
 0.062924 0.067785 0.096248 -0.021735 -0.020941 -0.096354 -0.016652 0.004753 -0.024045 0.091920 0.074777 -0.034214 0.036499 -0.047833 -0.051510 0.094883
 0.044264 -0.040449 -0.002690 -0.064655 0.058424 0.066494 -0.064043 0.008756 -0.094594 -0.061268 0.022044 0.096188 0.047814 0.085401 -0.018391 0.046004
 0.075974 -0.027477 0.030509 0.014836 -0.087861 0.073289 0.096676 0.085243 0.029312 0.079356 -0.062307 0.059671 -0.093467 0.087882 0.076263 -0.009123
 -0.020160 -0.009056 -0.080131 -0.015370 0.078007 -0.048380 0.028618 -0.045743 -0.077053 0.028724 -0.074080 0.012919 0.048165 -0.056918 -0.027190 -0.068311
 -0.049915 0.023385 -0.069425 -0.084163 0.066840 -0.028659 0.016662 -0.003356 -0.096451 0.020155 0.056478 0.016918 0.017556 -0.063385 -0.005844 0.015949
 -0.020374 -0.022519 -0.099004 -0.056115 -0.068584 -0.059390 -0.015269 -0.000490 -0.043294 0.077359 -0.043795 0.045312 -0.014854 -0.040931 -0.053601 0.028145
 0.094829 0.036730 0.048323 -0.003028 0.090301 -0.010358 -0.087090 -0.063982 -0.004577 0.015520 -0.089522 0.048016 0.091870 0.008202 -0.003195 0.074282
 -0.031558 -0.027151 -0.051089 0.069368 -0.096683 -0.094602 0.021331 -0.069951 0.021053 0.054280 0.081909 0.069522 -0.069474 0.059525 -0.048976 0.070879
 0.070454 -0.088728 -0.006108 -0.041431 -0.031640 -0.051102 0.058434 0.047231 0.025152 0.040212 0.097275 -0.044054 -0.003912 -0.006572 0.017640 -0.036844
 -0.033748 0.003921 0.072879 -0.091303 -0.007735 -0.068550 0.046405 -0.009783 -0.096508 0.019018 -0.057535 -0.035170 0.094425 -0.059317 0.072933 0.088950
 -0.047574 -0.056779 0.069000 0.007671 0.044996 0.067674 -0.078976 0.098906 -0.070751 0.089930 -0.048229 0.038450 -0.086161 -0.033125 0.099686 -0.027861
 0.089067 0.090625 -0.091745 0.067996 -0.002101 0.085949 -0.064647 -0.008913 0.007753 0.049245 0.050212 -0.001172 0.042787 -0.099051 0.078444 -0.061857
 -0.040717 -0.040379 0.038891 -0.040406 -0.014705 0.081219 -0.058901 0.016247 0.072979 0.061115 -0.097990 -0.034529 0.029553 -0.008552 -0.047596 -0.099237
 -0.051964 0.072627 0.065738 0.061790 0.048908 0.071935 0.003352 -0.089988 -0.019061 -0.054644 0.061520 -0.036960 -0.051966 0.054521 0.048444 0.039581
 -0.060486 -0.005225 0.075081 0.021655 -0.008009 0.070502 -0.010914 -0.047830 -0.083408 0.004881 -0.045011 0.078330 0.028990 0.010291 -0.019905 -0.001477
 0.062522 -0.003514 -0.070825 0.044879 0.050547 -0.030158 -0.026417 0.036736 0.017554 0.044191 0.033080 -0.014899 0.004240 0.092767 -0.091870 0.044873
 0.033366 -0.059328 0.051620 0.043470 0.068392 0.087664 -0.033660 0.078675 -0.068638 -0.037164 0.095701 -0.076964 -0.072206 -0.020861 -0.046454 -0.026312
 0.021487 0.066803 -0.026487 -0.072145 -0.095412 -0.024718 -0.037730 -0.007373 0.048690 -0.064007 -0.080178 -0.042333 0.054144 -0.018602 -0.075726 0.084976
 -0.091352 -0.079762 0.041626 0.008010 0.060303 -0.088412 0.010977 -0.064319 0.000758 0.000406 0.077640 -0.004681 0.072145 -0.040437 0.052058 -0.058765
 -0.047737 0.093024 0.097821 -0.004195 -0.060621 -0.019949 -0.048628 -0.022211 0.097170 -0.099807 -0.079880 0.076464 0.053496 0.042034 0.082888 0.008692
 -0.027022 -0.094797 -0.023184 -0.097010 -0.042163 0.011371 0.084540 -0.003117 -0.067190 -0.096683 0.092609 0.047079 0.014702 0.093699 -0.010618 -0.070799
 -0.073837 -0.021421 0.053265 -0.039446 0.015756 0.046370 -0.065022 -0.035810 -0.071259 -0.001422 0.079982 0.005657 -0.092941 0.063674 0.030157 -0.096759
 0.028398 0.032698 -0.024405 -0.012603 0.068581 0.079650 0.086556 0.059315 -0.082052 0.023959 -0.095752 -0.084464 -0.099025 0.018735 -0.052619 -0.072470
 0.001062 -0.023042 0.043242 -0.082222 -0.061470 0.095432 0.091616 0.002522 0.026174 0.049870 0.029554 -0.011072 0.082859 -0.065991 -0.013888 -0.068352
 -0.089819 -0.053745 0.082972 -0.046154 0.061232 -0.096637 0.040241 -0.041302 0.089499 0.067933 0.002878 -0.024629 0.001822 0.045493 0.058198 -0.069403
 -0.089449 0.019460 -0.010533 0.025827 -0.023928 0.069584 0.063453 -0.025881 0.099878 -0.014285 0.053364 0.071228 0.000015 0.087591 -0.015005 -0.061381
 -0.063022 0.046859 -0.083249 -0.065328 -0.043211 -0.012375 0.090113 0.048544 -0.088771 0.038818 0.054490 0.041678 0.020077 -0.063287 -0.038251 -0.041809
 0.048509 -0.031241 -0.095923 0.031885 0.036896 0.006010 0.046863 -0.093956 -0.014735 0.062770 -0.097138 -0.055759 0.039444 0.049946 0.066900 -0.064378
 -0.008194 -0.061538 0.093018 0.076523 0.026467 0.021910 -0.071608 0.030493 0.060975 0.066982 -0.069022 0.001819 0.007671 0.008372 0.073654 0.076238
 0.089687 -0.063153 -0.032557 0.063266 -0.087075 0.059428 -0.090036 -0.092852 -0.046391 -0.052608 -0.035457 0.023424 -0.087338 0.069194 -0.078495 0.064191
 0.086677 -0.034327 0.018510 -0.041673 -0.015270 0.059996 0.083457 -0.081963 -0.008332 0.040477 0.083901 -0.051272 -0.074422 -0.024361 -0.073491 -0.053483
 -0.015713 -0.039832 0.041898 0.052691 0.095388 0.080044 0.030392 -0.079009 -0.039351 -0.052800 -0.029437 0.049633 0.070208 -0.097436 0.032507 0.055315
 0.094640 0.099510 0.028532 0.002439 -0.026644 0.016804 -0.005474 0.017777 -0.006481 -0.025439 0.049401 0.068984 -0.060232 0.056744 -0.070060 -0.066676
 -0.081706 0.003529 -0.087068 0.095292 0.060982 -0.018112 0.013062 0.036214 -0.070713 0.081108 -0.051657 -0.072899 -0.035456 0.076099 0.046783 -0.063581
 0.059174 -0.041461 0.078415 -0.052058 0.094984 -0.030909 0.052110 0.068170 -0.051823 -0.092199 0.017873 0.041588 0.015377 0.003443 0.075824 0.014241
 0.067525 -0.008073 -0.036223 0.072507 0.064333 0.082004 0.086955 0.099711 -0.051967 -0.011070 0.053444 0.069888 0.034016 0.089812 0.071481 -0.070848
 0.041172 0.034216 -0.093801 0.086717 0.027277 0.026334 0.003539 0.045528 -0.046628 0.096023 -0.005489 0.006581 0.096677 -0.084572 0.072879 -0.015692
 -0.078606 0.014213 0.075804 -0.097938 -0.005927 -0.078958 0.070279 0.005546 -0.049880 0.098742 -0.025686 -0.004993 -0.069474 0.064254 -0.033140 0.038678
 0.058658 -0.072600 -0.063456 0.045357 -0.054034 0.047176 -0.097129 0.091127 0.033150 0.094288 0.062546 -0.016165 0.060719 0.046858 0.037792 0.075030
 -0.077897 -0.030653 -0.062641 0.047241 -0.094407 -0.096116 0.068556 -0.086536 0.095748 -0.087656 0.065680 -0.095227 -0.027916 0.081528 -0.060928 -0.084234
 0.021550 -0.002668 -0.085556 0.087677 -0.027391 -0.000328 -0.041357 0.078800 -0.067394 0.086046 -0.039220 0.062290 -0.063012 -0.057701 -0.013773 -0.013087
 0.026761 -0.009837 0.088795 0.079223 0.065289 0.029311 -0.087992 0.009463 0.022365 -0.016760 0.049035 0.025604 0.039322 0.024007 -0.001179 0.024173
 0.097218 0.055896 0.007898 -0.065343 -0.033720 -0.053728 0.008967 -0.079767 0.074270 0.077141 0.004484 0.074463 -0.024411 -0.052943 0.056311 -0.092740
 0.096600 0.037796 -0.060176 0.072375 0.002957 -0.016916 0.015452 0.051722 0.054169 -0.000311 0.042174 -0.095590 -0.077075 -0.070067 -0.093646 -0.086830
 0.093418 0.051554 0.040879 0.085987 -0.041535 0.027417 0.032756 0.056677 -0.086243 -0.074753 -0.000363 -0.031569 0.036321 0.080163 -0.060877 0.043699
 -0.091431 -0.080315 -0.041515 -0.015091 -0.041550 0.025846 0.024182 -0.079613 -0.033245 -0.012186 -0.042424 -0.036372 0.051959 -0.085137 0.087345 -0.025354
 -0.051949 -0.006225 -0.061970 0.059614 0.001970 0.066688 0.016170 0.010066 -0.071028 0.082553 0.014521 -0.030510 -0.010627 -0.044523 0.012143 -0.003822
 -0.091351 -0.052923 -0.083755 0.054812 -0.050902 0.084505 0.092668 -0.036744 0.029222 0.001854 -0.072930 -0.038740 -0.084870 0.029862 0.002189 0.095518
 -0.065378 -0.070161 -0.079273 -0.092566 0.066121 0.071013 0.086776 -0.043855 0.095666 0.047991 0.098381 -0.091098 0.025495 0.010620 0.040291 -0.085331
 0.011717 0.045168 0.005353 0.017571 0.048077 -0.066034 0.033834 -0.025395 0.086597 0.035815 -0.039233 -0.075764 0.099041 0.044262 0.028050 0.011583
 0.059357 0.087436 -0.021174 0.031908 0.074111 0.044410 -0.079144 -0.090618 0.083497 -0.021389 0.038980 -0.069410 0.077780 -0.077381 -0.042676 -0.030826
 -0.024005 0.043345 -0.080464 -0.038526 0.099662 0.006039 -0.061250 0.046704 0.065393 -0.023851 -0.070805 0.075140 -0.085682 -0.009909 -0.022646 0.027701
 0.096680 -0.021021 0.066673 -0.058365 0.066004 0.075235 -0.008167 0.098865 -0.074937 0.058351 -0.029044 0.062780 -0.052624 -0.025843 -0.005688 -0.054936
 0.092609 -0.056416 -0.049447 0.015353 0.047767 -0.077442 -0.095396 0.077550 0.078218 0.098679 -0.096462 0.063682 0.031444 -0.093964 0.002130 0.020485
 0.038622 0.043029 -0.087623 0.015086 -0.098699 0.064960 -0.069720 0.047387 -0.042692 0.041731 -0.014259 0.057185 -0.080054 0.085435 -0.050971 -0.008188
 -0.040528 0.000263 -0.065974 -0.085858 0.001983 -0.072459 -0.097305 0.028354 -0.089982 0.050183 0.015442 0.095148 0.029544 0.052465 0.048648 0.063643
 0.007060 -0.082029 0.038573 -0.079984 0.090973 0.097456 -0.061572 -0.037158 0.053455 0.081871 0.021841 0.096114 -0.020894 0.042682 0.060512 0.062110
 -0.091981 -0.083835 -0.091891 0.027843 -0.030879 0.002262 -0.063100 -0.091817 -0.084697 0.061733 -0.080443 -0.064199 0.030029 -0.037466 -0.077355 0.034842
 -0.010167 0.086571 0.074474 -0.094223 0.054361 -0.004511 -0.088424 -0.091515 0.071836 0.025726 0.061846 0.087105 -0.061899 -0.011347 -0.028594 0.083751
 -0.062444 -0.012140 -0.072506 -0.038850 -0.036295 -0.073813 -0.059958 0.054325 -0.046296 0.063934 -0.044979 0.067389 -0.022990 -0.005640 -0.080388 -0.045678
 -0.070185 0.064048 -0.046055 -0.072292 0.002864 -0.014112 0.030634 -0.037432 -0.011292 -0.079452 0.027559 -0.010416 -0.093272 0.075758 -0.045679 -0.039397
 0.014406 -0.009125 -0.003145 0.086748 0.012171 -0.066645 -0.065784 0.032727 0.061772 -0.007472 -0.072781 0.031800 0.011713 -0.075455 0.065581 0.089084
 0.058911 -0.069012 -0.018431 0.044627 0.086885 0.085483 0.051062 -0.022989 0.074005 0.085141 0.067232 0.027211 0.091593 -0.046309 0.064148 -0.098698
 -0.049296 0.056739 0.003356 0.074915 -0.041509 -0.049141 0.036636 -0.051844 0.034369 -0.001230 -0.089909 -0.091889 -0.098008 0.045774 0.019827 -0.002862
 0.076243 0.093245 -0.044818 0.048239 0.041921 0.055687 -0.042855 0.099457 -0.000489 0.034485 -0.070866 0.069360 0.038292 -0.059838 0.072396 0.001085
 0.074184 0.035703 0.033190 0.019608 -0.051853 -0.058434 0.048640 0.002692 0.045655 -0.043279 -0.033207 0.042347 0.027477 0.044091 0.095485 0.006218
 -0.027199 0.021508 0.079790 -0.075632 -0.012641 -0.076555 -0.009430 -0.063076 -0.030005 -0.067554 -0.050623 -0.004325 0.081074 0.038916 0.064286 -0.090874
 0.061075 0.026060 -0.042597 -0.069047 -0.031927 0.067313 -0.002680 0.076912 0.003590 -0.001280 0.093264 -0.070948 0.046122 -0.050763 -0.002762 0.029779
 0.072052 0.052442 0.087218 0.043372 0.080936 0.084555 -0.092048 -0.039054 0.061355 0.032562 -0.008238 -0.019737 0.065219 0.088056 0.057654 0.092986
 -0.021979 0.004677 0.080849 0.041204 -0.041945 0.066619 -0.047770 -0.084690 0.013774 0.032512 -0.068171 -0.017638 -0.034318 -0.087761 0.030094 0.040712
 0.002860 -0.060363 0.066308 -0.007685 -0.034803 0.002783 0.046030 0.094983 -0.034372 -0.034558 0.085315 0.087750 0.095913 0.010572 0.058638 -0.087495
 -0.007647 -0.050642 0.052621 0.061200 -0.004827 0.075848 -0.066541 0.019055 0.093113 -0.054772 -0.045513 0.072234 0.014053 -0.037105 0.031502 -0.040579
 -0.093661 0.084631 -0.095195 -0.010256 0.051373 0.062496 0.084446 0.090952 -0.031606 0.038168 -0.062944 -0.060616 -0.077769 0.041123 -0.092484 -0.032608
 -0.098052 -0.025407 0.024923 0.087303 0.028817 -0.058180 -0.001011 0.037051 0.089685 0.029238 0.069261 -0.051666 0.015118 0.094314 -0.042773 0.070994
 -0.004750 -0.080904 0.005249 0.081861 -0.073325 -0.072637 0.034990 0.030106 -0.024223 -0.099912 0.063956 0.069531 -0.088128 0.086545 -0.016092 -0.055873
 -0.096499 -0.096083 -0.005935 0.067969 -0.025087 -0.056722 -0.060344 -0.038925 0.062751 0.086069 0.085201 0.049231 0.079638 -0.061087 0.046875 0.039402
 -0.026269 0.061504 0.005292 -0.015369 -0.039386 -0.006611 -0.096426 0.026058 -0.085763 -0.092296 -0.099489 -0.088287 0.063963 -0.036536 0.002209 0.055519
 0.047948 0.000721 0.068145 0.024019 -0.036145 -0.050077 -0.040845 0.052257 0.005984 -0.073444 0.019950 -0.011690 -0.074527 0.089796 0.051398 0.011444
 -0.046379 -0.020447 -0.014822 0.095823 -0.019774 -0.089842 0.021769 -0.080616 -0.008167 0.023734 -0.014896 -0.011669 -0.042243 0.054750 0.046746 0.080366
 -0.062425 -0.088233 -0.078833 0.069505 -0.015170 -0.072505 -0.000166 -0.016488 0.060422 -0.069741 0.067307 0.084227 0.083790 0.099073 -0.075398 0.054468
 0.000472 0.056686 0.094738 0.072864 -0.042743 0.047574 0.050693 -0.034568 0.075948 -0.072915 0.029884 0.064859 0.006387 0.009648 -0.056940 -0.040558
 -0.056524 0.014436 -0.067138 -0.052624 -0.053593 0.011676 0.064093 0.089711 0.023617 -0.036727 0.046934 -0.090384 -0.002538 -0.002234 -0.011114 -0.044494
 0.038707 -0.005885 0.083918 -0.078140 -0.049708 0.061651 -0.077441 0.049388 0.052294 -0.036604 0.027468 0.008841 0.077277 0.076174 -0.017976 -0.025467
 -0.023687 0.096117 -0.019473 -0.079442 0.076304 0.088213 -0.035276 -0.072141 -0.073339 -0.062888 0.070454 -0.050939 0.011495 -0.067773 -0.024659 -0.047172
 0.002355 0.016073 -0.015764 0.016362 0.051686 0.003149 0.021147 0.042160 -0.030280 0.025634 -0.020293 0.045403 -0.044905 -0.017532 -0.062792 0.079156
 0.043548 -0.094683 -0.096040 -0.022014 -0.008643 -0.096722 0.055643 -0.049386 -0.072414 -0.082816 0.013646 -0.005349 0.007510 -0.006518 -0.040912 -0.036512
 0.007578 -0.016663 0.000804 0.066752 -0.041050 0.081386 0.096019 -0.063894 -0.069293 -0.055302 0.098204 0.075749 -0.062522 0.052991 -0.028927 0.081416
 0.089923 0.068970 0.040412 -0.077306 0.016393 0.039619 0.073131 -0.098904 -0.039537 0.087982 -0.070229 0.005218 -0.096012 -0.020872 -0.031298 0.038726
 -0.094194 0.072475 0.021498 -0.012117 0.020563 0.014520 0.053718 0.054755 0.058839 0.001459 -0.000544 -0.071124 -0.006317 -0.082263 0.075010 -0.022670
 -0.098268 0.085693 0.050558 0.054460 0.036508 0.019637 -0.045674 -0.076565 0.012857 -0.060853 0.044358 -0.064484 -0.092166 0.013592 0.072963 0.024978
 0.067298 0.063977 -0.030580 0.038092 -0.052440 -0.064762 0.059870 -0.019947 0.008966 -0.037264 0.057234 -0.030917 -0.031200 -0.090621 0.058025 0.050273
 -0.053176 -0.029948 -0.039305 -0.035699 0.090125 0.083406 0.028256 -0.017413 0.066190 -0.076615 0.029295 0.099421 -0.012764 -0.039750 0.007554 0.088725
 -0.017118 0.028405 0.032707 0.032422 -0.080927 0.058012 -0.000313 -0.063810 -0.076330 -0.079405 0.041282 -0.013948 0.079004 0.035658 0.025508 0.091898
 0.052864 -0.053853 0.053300 -0.075446 0.025627 0.049903 0.071423 -0.044790 -0.056067 0.012588 -0.015732 -0.050317 -0.019245 0.077395 0.019978 -0.038935
 -0.008112 0.073297 0.079948 0.096968 -0.011198 0.054611 0.080218 0.041947 -0.052038 0.058940 -0.084679 0.059576 0.083491 0.038137 -0.074566 0.066545
 -0.079651 0.077563 0.065345 -0.088787 -0.080868 -0.095442 -0.021069 0.052498 0.032972 0.025188 -0.079827 0.039810 0.012926 0.076430 0.003607 -0.087458
 0.030091 0.015757 0.097218 -0.097061 -0.043574 -0.053691 0.023771 0.082024 -0.080239 0.082680 0.050847 -0.099467 0.043116 0.008979 -0.038817 0.097233
 -0.075997 0.069688 0.039583 0.016888 0.085281 0.054585 0.059970 0.079137 -0.017690 0.053363 -0.027208 0.093368 0.062431 0.086240 0.014146 0.055841
 -0.027735 0.070575 -0.049268 0.004817 -0.007783 -0.088210 0.075708 -0.016191 -0.035198 0.097121 -0.098583 -0.028251 -0.086875 -0.058799 0.027548 0.026958
 -0.038604 0.077698 0.045851 -0.026309 -0.082226 -0.071301 -0.041935 -0.025831 -0.094518 0.050965 0.022681 -0.086530 -0.027907 -0.015530 -0.000589 -0.015295
 -0.094244 0.047624 -0.010358 -0.033211 0.068566 -0.092563 0.082084 -0.012569 0.050151 0.092736 -0.080046 0.035960 0.089443 -0.084426 0.042728 0.028803
 0.018717 -0.076635 -0.046749 0.056103 0.039157 -0.022124 0.045920 -0.030071 -0.029241 0.055270 -0.075511 0.017332 -0.077353 0.025253 -0.084745 -0.060785
 -0.001032 -0.089281 -0.068419 0.086969 0.003280 -0.065748 0.077953 0.058176 -0.064451 -0.004296 -0.029342 0.089484 0.087448 0.084231 -0.067049 -0.046601
 0.083990 0.094192 0.056661 -0.082692 -0.023205 -0.051128 -0.060927 0.024892 0.058826 0.032519 0.081145 0.058603 0.001236 0.097454 -0.080759 -0.081798
 0.031191 0.017722 -0.066632 -0.092118 0.046771 0.093558 0.091305 -0.090452 0.026599 0.035824 0.046499 0.081916 -0.057036 0.082323 -0.068386 -0.074116
 0.090529 -0.007423 0.083480 0.000063 0.019659 -0.092243 -0.035080 0.070427 0.059541 -0.003390 -0.099927 -0.012329 -0.059457 0.013013 0.005732 -0.022218
 -0.008310 -0.016435 0.072095 0.033592 0.052003 -0.078819 -0.029094 -0.023902 -0.002990 0.022452 0.017498 0.029020 -0.003274 0.021218 0.044018 -0.021600
 -0.062917 0.083979 -0.098423 -0.055028 0.091474 0.045043 0.023734 0.045861 -0.037305 0.057866 -0.030102 -0.051625 -0.017045 -0.009179 0.023931 -0.052938
 0.081500 -0.057406 -0.005317 -0.072074 -0.019853 -0.090015 0.094948 0.072972 0.065382 0.028618 -0.013395 -0.042383 -0.003195 0.042660 -0.049778 0.004324
 -0.002802 -0.037087 -0.021022 0.064593 0.009044 -0.098781 -0.049072 -0.075198 -0.097022 0.034361 -0.032664 -0.056989 -0.099094 -0.055679 -0.073473 -0.047464
 -0.043989 -0.005637 0.098675 0.079253 -0.018977 -0.060523 -0.005384 0.081168 -0.095296 0.009789 0.050186 -0.056595 -0.038468 -0.091503 -0.088679 -0.042884
 0.002637 -0.018574 -0.081897 -0.077496 0.049929 -0.076410 0.048777 -0.047414 -0.016241 0.095810 0.056397 0.027099 -0.001394 0.087302 -0.043595 -0.076068
 -0.012335 0.029653 -0.074564 -0.052403 0.094665 0.047551 0.086831 -0.010401 0.080730 -0.087504 0.009960 -0.000220 -0.016106 0.051967 -0.029250 -0.062691
 -0.028452 -0.060640 0.000603 0.008145 -0.053925 0.003509 -0.077516 -0.085817 -0.063147 0.054163 -0.014331 0.027479 0.064895 -0.091210 -0.028918 -0.069940
 0.063224 0.002417 0.044652 -0.080908 -0.077488 -0.048204 -0.031393 -0.089872 -0.049116 -0.091002 0.083670 0.039652 -0.001370 0.086493 -0.045438 0.011052
 0.063562 -0.002252 0.047171 0.030119 0.022526 0.033715 -0.034087 0.002280 0.003287 0.065910 -0.033130 0.023437 0.009651 -0.010312 0.051182 -0.071685
 -0.052972 -0.018829 -0.095525 -0.039893 -0.095503 -0.026309 0.036800 0.064239 -0.071474 0.020787 0.067110 0.074421 -0.055513 0.043813 -0.082832 -0.007014
 -0.021307 -0.003430 -0.085703 -0.028335 -0.030771 -0.060216 -0.021102 0.057776 0.067881 -0.032845 -0.081748 0.064140 0.025702 -0.038262 -0.084272 -0.013348
 0.049598 0.099832 -0.062811 -0.077789 0.052493 -0.062955 -0.022676 0.065815 0.032437 0.088974 0.009250 0.001838 -0.039930 -0.008983 0.037145 -0.081435
 0.080487 -0.037054 0.007139 -0.028530 -0.088118 -0.094838 -0.070238 0.031041 -0.021914 0.056936 0.020582 0.075193 -0.044353 -0.027192 0.008033 0.053057
 0.074847 0.080227 -0.046897 -0.052476 0.050346 -0.022109 -0.088269 0.094588 -0.012559 0.014784 -0.079929 -0.075868 0.038818 -0.065514 0.090910 0.035587
 0.062654 0.020966 0.041124 0.051795 -0.021692 -0.066385 -0.036450 0.054569 -0.017731 -0.046726 -0.003137 0.015067 0.084231 -0.043421 0.066120 -0.004508
 -0.068418 0.021690 0.014984 0.053791 -0.014825 0.045831 0.002942 0.089702 0.011497 -0.073462 0.032178 0.056346 0.022570 -0.045139 -0.033551 -0.061870
 0.088113 -0.098993 -0.011679 0.087462 -0.084522 -0.077801 -0.003136 -0.015521 0.018795 0.028554 -0.075726 -0.033700 -0.048515 -0.072543 -0.019324 0.032610
 0.054057 -0.030950 -0.022344 -0.090591 -0.074504 -0.024472 -0.088562 -0.098132 -0.008829 0.091646 0.051890 -0.017804 -0.070484 -0.068458 0.045647 0.080661
 0.052123 0.098146 0.099277 -0.070995 -0.046015 -0.079267 -0.062030 0.049187 0.063799 -0.009822 0.079142 0.039638 -0.091663 0.064120 -0.079342 0.019745
 -0.044663 0.070649 0.035043 -0.016840 -0.018823 -0.030760 0.084058 0.098988 0.097509 0.018854 -0.032729 0.024818 0.039756 -0.078425 -0.010293 0.081372
 -0.095393 -0.032787 -0.017108 0.059738 -0.061953 -0.092692 0.069113 0.082277 0.030461 -0.097368 0.068811 -0.089473 -0.025883 0.079783 -0.090762 -0.040385
 0.017585 -0.056700 -0.019710 -0.054416 0.028218 0.082184 -0.047993 0.015725 -0.012677 0.061866 0.097005 -0.010808 0.037399 0.087791 -0.050492 0.000335
 0.073995 -0.028439 -0.048685 0.064051 0.005421 -0.056034 0.018096 0.052817 0.057986 0.081251 -0.031789 -0.003182 -0.033873 -0.045720 0.079297 0.061230
 0.083698 0.089983 0.044327 -0.088940 -0.011415 -0.064133 -0.001294 -0.016089 0.085735 -0.025054 -0.035488 0.076615 -0.039560 0.007835 -0.009016 -0.044563
 0.095077 -0.052061 -0.030431 0.057356 -0.048487 0.067237 -0.054662 -0.012685 -0.065692 0.037227 -0.034998 0.050449 0.072791 -0.064980 -0.015964 0.049115
 0.065275 -0.067210 -0.060284 -0.096592 0.064779 -0.095320 0.070992 0.017324 0.024994 0.009259 -0.049707 -0.075569 0.069721 0.093683 0.024615 0.046087
 -0.072122 -0.091537 0.032317 0.072441 -0.034977 0.033006 -0.016995 0.012024 -0.045659 0.074497 -0.087986 -0.009243 0.079305 0.066762 -0.027740 0.027346
 0.030585 -0.014099 -0.068363 -0.044741 -0.041102 0.092175 -0.054690 0.001540 0.091575 0.032462 -0.048243 -0.058015 0.047017 0.075599 0.058054 0.091225
 0.043890 -0.070430 -0.086502 0.099566 0.064989 0.083476 -0.058979 0.048562 0.089482 0.099122 -0.021388 -0.002226 -0.090932 -0.058102 0.082094 0.019743
 0.037370 -0.000155 0.056497 -0.056937 0.057949 -0.044492 -0.071886 0.084462 0.090181 -0.013069 0.010084 0.010254 -0.008324 -0.018476 -0.012725 -0.008239
 0.004796 -0.019952 -0.000276 -0.007194 -0.091701 0.078003 0.079130 0.004674 0.055819 0.076442 0.014762 0.080116 -0.007154 -0.063965 0.014712 0.011278
 -0.093145 -0.055837 0.053111 -0.022887 0.038376 -0.035266 0.003904 -0.020548 -0.009034 0.078907 0.083998 0.033943 -0.087007 -0.054055 0.022401 -0.018571
 -0.012353 -0.086209 -0.038039 -0.045947 0.001212 0.014638 -0.031013 0.037796 -0.040367 -0.087394 -0.031479 0.011158 -0.018971 0.003385 -0.003569 -0.014338
 0.022854 -0.067816 0.021592 0.002523 -0.035230 0.007027 0.010043 -0.018319 -0.086273 -0.012403 -0.096087 0.076021 0.099715 -0.072533 0.020327 -0.062741
 0.000749 -0.063018 0.058688 -0.034918 -0.019364 0.026253 -0.007737 0.078887 0.064215 -0.067015 -0.004409 0.068379 -0.038692 -0.003605 -0.039438 -0.043554
 -0.032378 0.039594 -0.069449 -0.007443 0.099321 0.077381 0.008092 0.017598 0.003350 0.062595 -0.074320 0.043445 0.093127 -0.006157 0.077481 -0.069904
 -0.056901 -0.038110 0.094197 0.010414 -0.072061 0.011848 -0.035230 -0.049339 0.031830 -0.058824 0.021836 -0.035724 -0.071077 -0.059848 0.046518 -0.080014
 -0.013318 0.094000 0.076247 0.038732 -0.008712 -0.021887 -0.096051 0.054542 0.084516 -0.097957 0.041713 -0.068793 -0.009406 0.062201 -0.026176 0.087553
 -0.076918 -0.014721 0.034444 0.048951 -0.086035 -0.036617 0.034448 0.064846 0.021961 0.096182 -0.003197 0.016329 -0.042577 0.074256 0.063373 0.089638
 -0.089246 0.048168 0.072927 0.046064 0.062618 0.043686 0.061909 0.093123 0.025925 0.071348 -0.016564 -0.022644 0.003099 0.071944 -0.028710 -0.002731
 0.018922 -0.043788 -0.089180 0.005053 0.064899 -0.087971 -0.071563 0.012218 0.031933 0.018566 -0.044068 0.009895 -0.001545 0.057506 -0.069365 -0.053309
 -0.097190 -0.018295 -0.011093 0.012477 -0.085671 0.074352 -0.010575 -0.016266 0.029533 0.005460 0.023115 0.004187 -0.008893 0.088728 -0.024865 0.064281
 -0.009860 0.001287 -0.037941 -0.073251 -0.054930 0.079257 -0.062342 0.041722 -0.080883 -0.099565 0.096670 -0.078643 0.007257 0.035922 -0.073680 0.084480
 0.023594 -0.043525 -0.053347 0.016329 -0.016711 0.082785 -0.034428 0.047446 0.014524 0.079609 0.007471 0.071734 0.066611 0.078456 0.092893 0.078903
 -0.060779 -0.086492 0.053419 0.093075 -0.009911 -0.000783 0.078796 -0.071420 -0.000289 0.054836 -0.010183 -0.090226 0.034293 0.050879 -0.098939 0.094029
 -0.031244 -0.018727 0.033389 0.050725 -0.090592 0.047623 0.005971 0.062968 -0.075951 -0.008308 0.055627 0.039675 -0.034937 0.030376 0.099378 -0.061008
 -0.087638 0.058289 -0.014929 0.069632 0.045597 0.099956 0.097473 0.065408 0.045237 0.022370 0.071685 0.053762 -0.090583 -0.070113 0.037128 0.043434
 0.095065 0.077384 -0.073178 -0.048780 0.037962 0.016936 -0.008857 -0.049722 -0.025539 -0.097168 0.042441 -0.033048 0.035274 0.092453 -0.031682 0.086891
 -0.012073 0.055350 -0.041360 -0.066757 -0.002557 0.018107 -0.072373 0.088395 0.075410 0.049404 -0.066163 -0.016434 0.071441 -0.099433 0.043601 -0.008048
 0.046654 0.065109 0.088168 -0.035051 -0.036714 -0.097393 -0.096159 -0.057257 -0.013702 0.070546 0.003145 0.077146 0.070330 -0.026365 -0.049343 -0.026345
 0.098656 -0.088323 0.072409 0.064019 -0.098550 0.023867 -0.058683 0.017556 -0.020237 -0.079108 0.035248 -0.001766 -0.057243 0.059113 0.013335 0.070416
 0.096770 -0.013440 0.044573 -0.062838 -0.082887 0.021076 0.094613 -0.090782 -0.072134 0.040573 -0.025817 -0.041066 0.024638 0.002825 -0.070507 0.063435
 0.033984 -0.022440 0.080928 -0.030654 0.081773 0.079268 -0.099889 -0.011421 0.033461 0.034774 -0.085843 0.076511 -0.090960 -0.059414 0.036762 0.081325
 -0.092175 0.080481 0.056868 -0.029510 -0.092813 -0.035590 0.092902 -0.008352 -0.038055 -0.067482 -0.074745 -0.039803 0.041978 0.018356 -0.027187 0.008473
 -0.099245 0.053867 0.075760 -0.003440 -0.056639 -0.041120 -0.093797 0.093694 0.025992 -0.086283 -0.098657 -0.005131 0.019672 0.087671 -0.098222 -0.006309
 -0.031394 -0.016728 0.072640 0.023210 0.043935 0.077957 0.021618 0.043082 0.047399 0.080927 0.091146 0.084587 0.084180 0.078617 -0.044000 -0.088132
 -0.065277 0.007407 -0.077827 0.056728 -0.003391 0.031146 0.037364 -0.007362 -0.053034 -0.093302 -0.008080 -0.038175 0.061040 -0.072566 -0.006741 -0.024467
 0.066448 0.086066 0.052659 -0.047445 0.029117 0.094301 -0.047552 -0.028610 0.043651 0.092276 -0.084559 -0.072457 -0.043600 -0.022808 -0.048566 -0.021028
 -0.033833 -0.082526 -0.030787 0.076542 0.021388 0.036223 0.097047 -0.015930 -0.006564 -0.020063 -0.071747 0.019848 -0.002733 0.017196 0.057769 0.060084
 -0.006734 0.056495 -0.016438 0.014910 -0.040336 0.089026 -0.026124 0.011301 0.097618 0.008914 0.010153 0.081590 0.075999 -0.059234 -0.092847 0.086213
 0.094364 0.002255 0.056636 -0.071785 0.066730 0.065117 -0.007640 -0.035455 0.095592 0.012769 -0.084313 0.043054 -0.019430 0.056694 -0.040650 0.093270
 0.056924 -0.035958 0.003324 -0.083891 0.036036 -0.061548 0.092903 0.076868 -0.053785 0.059075 -0.052581 0.043065 0.014401 -0.084397 -0.096470 0.056716
 -0.082377 0.040552 -0.004601 -0.057657 -0.093663 -0.070416 0.056153 -0.097063 -0.059856 -0.026188 -0.015047 -0.056314 0.027954 0.024680 0.001607 0.004636
 -0.043089 0.007527 0.026838 -0.058080 -0.074649 0.024126 -0.004028 -0.060929 0.009739 0.022180 -0.087878 -0.068877 -0.086645 0.029396 -0.061564 0.092392
 -0.070410 0.024643 0.091347 0.003167 -0.039304 0.070126 0.092591 -0.013551 0.082788 0.084241 -0.069324 0.090838 -0.060953 -0.054782 -0.053615 0.024688
 -0.029161 0.095069 0.077977 -0.033300 0.028612 0.016764 -0.002020 0.042645 0.057955 -0.054377 0.005740 -0.099870 -0.013018 -0.007964 -0.020442 0.056535
 0.058721 -0.059147 0.056954 0.085342 0.089001 -0.063240 -0.016504 0.074628 0.075841 0.090945 -0.069728 0.062367 -0.079353 0.052902 0.032511 -0.077778
 -0.098445 -0.067056 0.047147 0.064778 -0.097051 0.070993 0.042271 0.019202 -0.026360 0.046389 0.082515 -0.062517 0.035277 0.086277 0.016863 -0.047021
 0.018642 0.093515 -0.057191 -0.093915 -0.089674 -0.061937 0.094312 -0.038092 -0.011032 0.031556 0.081680 0.039790 -0.006217 -0.043349 0.095329 -0.052706
 -0.098364 0.024683 0.075412 0.070905 -0.076389 0.061141 -0.060408 -0.044364 -0.010724 0.039244 -0.020527 -0.089691 -0.062873 -0.015061 -0.082791 0.028543
 0.078288 0.085110 -0.037369 0.077794 0.038859 -0.078447 -0.079200 -0.067403 -0.039787 0.042620 0.062436 0.005020 -0.082204 -0.017326 0.015436 0.032867
 0.093029 -0.086006 0.075946 0.099552 0.075464 -0.086637 -0.099221 0.078792 0.039009 -0.030576 0.029019 0.001745 -0.040755 -0.034740 0.097245 0.059779
 0.077120 0.009205 -0.028311 -0.009992 -0.053139 0.030441 0.040936 0.013526 -0.062187 -0.033564 0.061671 0.058090 -0.050175 -0.036128 0.048069 0.029974
 -0.021889 -0.027223 -0.047232 0.015135 0.078173 0.099943 0.078403 -0.053386 0.008909 -0.088396 -0.031942 -0.041251 -0.021483 0.042063 -0.004307 0.099228
 0.096350 0.002514 0.049649 -0.058594 -0.048156 0.070892 -0.035385 -0.044162 -0.028972 0.097463 0.044936 -0.005856 -0.077330 -0.019907 0.047562 0.088025
 -0.083170 0.092128 -0.087912 0.045166 0.034629 -0.066434 -0.049998 0.037378 -0.043255 0.082995 -0.055431 -0.027262 0.078755 0.060484 -0.064406 0.052993
 0.039870 0.066066 -0.057247 0.054476 -0.035167 -0.047684 -0.035088 0.040722 0.047712 0.099277 0.014340 -0.079319 0.029626 -0.094096 0.037797 0.023523
 0.079389 0.000484 0.053888 0.080565 -0.033406 -0.000389 -0.089659 0.074755 0.006216 0.007702 0.067035 0.061713 0.077255 0.049333 -0.027610 0.015215
 0.009439 0.033795 -0.023001 -0.042966 -0.060470 -0.061350 0.073445 0.067755 -0.074432 0.031458 -0.000188 -0.075866 0.002956 -0.087510 -0.093637 0.074528
 -0.051701 -0.018045 0.025410 0.016729 -0.070434 -0.059439 -0.028032 0.001908 0.047568 0.062977 -0.080483 -0.004305 -0.038594 0.030174 0.066718 -0.069827
 0.074534 -0.052873 -0.044955 0.066231 0.092522 0.037341 -0.088804 0.064409 -0.068307 -0.033929 0.038802 -0.044284 0.011454 -0.032942 -0.087883 -0.038457
 -0.032265 0.090812 0.066824 -0.008360 0.015035 -0.017579 -0.012231 0.076735 -0.010468 -0.046459 0.024421 -0.065360 0.021369 0.050495 0.024904 0.079393
 0.036843 0.053481 0.052297 -0.051099 -0.070674 -0.048935 0.081626 0.073517 0.006864 -0.070427 -0.057511 0.035500 -0.026606 0.032587 -0.012208 -0.044079
 -0.034314 0.058074 -0.097739 0.025686 0.081641 -0.048740 0.057780 -0.098898 -0.073569 0.015228 0.084474 0.042624 -0.040527 -0.048063 -0.055421 0.046627
 0.065449 0.078696 -0.038854 -0.082279 0.047625 -0.042080 -0.081343 0.057415 -0.079878 -0.045745 0.099741 -0.019147 0.027735 -0.077699 -0.029690 -0.028614
 0.041925 -0.073075 0.076338 -0.099880 -0.014865 -0.074729 -0.051366 0.005327 0.088171 -0.075614 -0.021080 -0.068243 -0.061596 -0.077884 -0.052729 0.029456
 0.069190 0.058829 -0.024509 0.029885 -0.043919 0.077069 -0.067802 -0.003172 0.026768 -0.051574 -0.065841 -0.036237 0.033761 -0.064523 -0.066967 -0.019501
 0.012507 0.095607 -0.048965 0.086059 -0.028063 -0.060370 0.007815 -0.042939 -0.079473 -0.026069 -0.035952 0.088950 0.098328 0.017224 0.094669 0.031818
 -0.014942 0.093633 0.050897 0.017118 0.024915 -0.038765 -0.002588 -0.002910 0.089669 -0.076876 -0.058213 -0.012633 -0.063708 0.002867 -0.036488 -0.035404
 0.089035 0.078908 0.063517 -0.097123 -0.071449 0.005195 0.082183 0.034971 0.021342 0.024800 -0.087027 0.024120 0.082776 0.070021 0.046380 0.089644
 0.064106 -0.088694 0.054699 -0.067544 0.038296 -0.071010 0.060126 0.022078 -0.066243 0.018433 -0.090449 0.071527 -0.041144 -0.052650 0.037406 0.080408
 0.028192 -0.094432 -0.005573 0.065552 0.051966 0.065614 -0.084073 -0.063900 0.046922 -0.036222 -0.005243 -0.083502 -0.026896 0.086011 -0.002363 -0.032461
 0.014947 0.075819 -0.066215 -0.081483 -0.048217 -0.090564 -0.024227 -0.096186 -0.006607 -0.056877 -0.051346 -0.060010 -0.052275 0.048107 0.041075 -0.000193
 -0.008430 0.001622 0.024829 -0.035323 -0.039517 -0.087072 -0.011311 0.098150 -0.094685 0.026958 -0.021251 -0.068206 -0.031731 0.035707 0.096517 -0.072856
 -0.022020 0.037204 0.039089 0.086966 0.042626 -0.015595 0.058750 0.044144 -0.082870 -0.080840 0.044320 0.067899 0.021949 0.022058 0.042898 -0.081368
 -0.072198 0.001975 -0.045266 -0.069881 0.072096 -0.070726 0.077891 0.064331 0.000977 -0.081465 -0.065926 -0.025934 0.053545 0.009848 -0.008147 0.047151
 0.029047 -0.072680 0.092240 0.016721 0.044956 -0.000577 -0.029302 -0.041218 0.002492 -0.017700 0.019034 0.045028 -0.099217 0.074016 0.081354 0.087330
 0.093905 0.018311 0.005322 -0.067159 0.055942 0.046690 -0.004423 -0.034292 -0.059282 -0.059359 -0.007643 0.066204 0.083599 -0.048565 0.078400 -0.075957
 -0.051030 -0.064782 -0.078699 0.044228 0.074000 -0.077142 0.050671 0.059141 -0.081044 0.044845 -0.029179 -0.055716 0.009125 0.053102 -0.098737 -0.075165
 -0.076041 0.001114 -0.096783 -0.089581 0.030862 0.004003 -0.030261 -0.085886 -0.081131 0.086286 -0.073073 0.084324 -0.047282 -0.025182 -0.047108 -0.038035
 -0.087015 0.073482 0.019324 0.012215 -0.088898 -0.048252 -0.015823 0.044933 0.078357 0.005911 -0.017807 -0.061256 -0.054451 0.043413 0.044684 0.094369
 0.051390 -0.083536 0.015593 0.044603 -0.097723 -0.070712 0.089780 0.030345 0.094967 -0.068398 -0.051526 0.076864 -0.037456 0.092187 0.044914 -0.032749
 0.007999 0.075688 0.088227 -0.041026 -0.073180 0.067689 -0.073230 -0.070168 -0.095134 -0.018833 -0.095673 -0.033036 0.060087 0.062050 0.051115 -0.067971
 -0.011963 -0.005947 0.077968 -0.036670 -0.094931 -0.021728 -0.037327 -0.055230 0.017289 0.019288 0.002695 -0.003430 0.073812 -0.095157 -0.025785 0.003947
 0.042739 -0.005021 0.071049 0.050216 0.066161 0.043011 0.055692 -0.052476 -0.072167 0.053096 -0.073578 -0.085697 0.006030 0.086801 0.004988 0.093471
 0.011136 -0.047128 -0.066739 0.078358 0.098211 0.085623 0.077958 -0.035466 0.096494 -0.075253 0.035060 -0.036796 -0.072177 -0.002225 0.023880 0.071200
 -0.066006 0.094843 -0.028533 -0.034815 -0.015957 -0.063684 -0.084385 0.096214 0.068986 -0.093368 0.090419 -0.002478 -0.034890 0.006609 -0.002870 -0.000468
 0.061571 0.084789 0.034492 -0.037953 -0.022819 -0.003284 0.089857 0.004065 0.075090 -0.064572 0.063124 0.047544 0.006859 0.054554 0.015577 0.056115
 -0.007378 -0.062132 0.046330 0.072869 0.069801 -0.034761 0.052061 0.024321 0.003650 0.012807 -0.046730 -0.064385 0.019749 -0.032127 0.085828 -0.066455
 0.046979 0.091957 0.025379 0.066290 -0.071256 -0.041382 -0.048865 -0.093658 0.010390 -0.044004 -0.041768 -0.072238 0.067637 0.060180 0.089962 0.068450
 -0.009741 -0.080368 -0.025766 0.057347 0.076708 0.074039 0.028843 -0.052777 0.077252 -0.055944 0.008067 0.013003 0.082042 0.022869 0.067988 0.048457
 0.058015 0.053749 -0.064122 -0.071818 0.019801 -0.002977 0.024210 -0.080752 -0.022948 0.054630 0.036060 -0.013819 -0.078533 -0.019967 -0.098152 0.062514
 -0.039508 -0.072008 -0.068155 -0.086251 -0.003212 -0.035124 0.016350 0.093511 0.045724 0.013195 -0.096530 -0.077475 -0.087354 0.017056 -0.038623 -0.067862
 0.017628 0.014112 -0.019628 -0.078258 0.071577 -0.045536 -0.043709 -0.047802 -0.024704 0.026444 -0.040710 -0.092542 -0.021664 -0.025430 -0.081850 0.045863
 -0.061234 -0.066869 -0.008653 -0.046351 -0.027398 0.070723 -0.018425 -0.013582 0.045946 -0.047125 -0.053451 0.040053 0.086397 -0.055396 0.073982 -0.053691
 0.020987 -0.023184 0.021006 -0.061450 -0.058332 0.053803 0.089638 -0.054029 0.089138 0.028427 0.001680 0.074561 -0.089608 -0.057771 0.091214 -0.071123
 0.042057 0.087958 0.074574 -0.022933 -0.069225 0.076116 -0.050587 0.042205 0.053738 0.084879 -0.093785 -0.078698 0.048034 0.055624 -0.032502 0.099312
 -0.084894 0.006291 0.088652 0.026864 -0.077707 0.057109 -0.062461 -0.042765 -0.037038 -0.037045 0.008026 0.045285 0.019752 -0.024491 0.036170 -0.094805
 -0.030523 0.032102 -0.079194 -0.092059 0.085937 0.043509 0.038465 -0.070588 -0.070629 0.059183 0.020837 -0.061820 -0.047222 -0.058997 -0.083019 0.047595
 -0.042838 0.049548 -0.056854 0.093638 -0.066432 -0.000482 -0.035643 -0.045153 -0.073246 -0.088384 -0.087114 0.069972 -0.014383 -0.066881 -0.046122 -0.071841
 0.066388 -0.067889 -0.026152 0.043696 0.084855 -0.089022 -0.019632 0.034433 -0.098150 -0.082536 -0.096358 -0.016305 -0.007302 0.088245 -0.036921 0.060952
 -0.083505 -0.061459 -0.011991 0.001364 0.037406 0.029531 -0.052087 -0.088088 0.055847 0.021908 -0.083765 -0.001672 0.075155 0.087812 -0.036436 0.018884
 -0.020250 0.016162 -0.049680 0.018604 -0.024500 0.069754 -0.092333 0.017414 0.026708 -0.037423 -0.066513 -0.014095 -0.094327 -0.097115 0.064470 -0.071504
 0.075332 -0.001685 -0.081552 -0.090373 0.015777 -0.003183 -0.062217 -0.048582 -0.005458 -0.055022 -0.042154 0.025215 0.074007 0.066720 0.005799 0.043232
 -0.046766 0.012607 0.043779 0.093472 0.051693 -0.078035 -0.024842 0.072477 0.084972 0.079486 0.017427 0.014241 0.061242 -0.000929 -0.078987 -0.018224
 -0.079655 0.034758 0.076378 0.088638 -0.005422 0.085129 0.073630 -0.039010 -0.066128 -0.044261 0.048449 0.006208 0.006790 0.023848 -0.010483 -0.090904
 -0.005488 -0.051344 0.041252 -0.093420 -0.095255 -0.056094 0.033507 -0.008064 -0.086942 0.090351 0.006961 -0.051867 0.081960 0.060604 -0.000174 -0.056610
 -0.079191 0.014186 0.030653 0.015065 0.054710 0.072904 -0.048473 -0.032618 -0.012298 -0.036160 0.012690 0.065411 0.089089 -0.020702 -0.005816 -0.070965
 0.017071 0.040309 -0.094668 -0.061190 0.012338 0.051864 0.016370 -0.008722 -0.093074 -0.011211 0.023583 0.067817 -0.054721 -0.063546 -0.013526 0.003733
 0.018602 -0.088754 0.097648 -0.023811 -0.001580 0.022619 -0.032062 -0.079123 0.078613 -0.036904 -0.002176 -0.006399 0.001000 -0.073615 -0.056751 0.073147
 0.038190 0.099685 -0.019756 -0.051017 0.089817 0.020354 -0.075450 0.034874 -0.018518 0.022555 -0.094658 0.036333 0.013696 0.062231 -0.034141 0.088124
 -0.040519 -0.000662 -0.014749 -0.079775 0.071040 0.099251 0.091642 0.069974 -0.005437 -0.096023 -0.005746 -0.046287 0.059955 -0.087270 -0.008426 -0.001119
 -0.033513 0.040133 0.013759 0.031459 0.010344 0.016916 0.011095 -0.023594 -0.086280 0.047262 -0.012059 -0.019439 -0.066897 -0.036072 0.038576 0.014251
 -0.043763 0.099218 0.036865 -0.006898 -0.085290 -0.046958 -0.006871 -0.062489 -0.039479 0.028770 0.047266 0.084645 0.082937 0.042132 0.051500 -0.015002
 -0.073189 -0.062404 0.043051 -0.002279 0.019506 -0.082941 -0.038933 0.019048 -0.069295 -0.057922 -0.054024 -0.047539 -0.083375 -0.012363 -0.032553 -0.001818
 0.081414 -0.046191 -0.054897 -0.055426 0.003083 0.034547 -0.073735 -0.009342 -0.067132 -0.042919 0.007422 0.091053 0.007666 -0.087830 0.021687 0.098758
 0.087240 0.090553 0.013760 -0.086727 0.027523 0.061033 0.083009 -0.015208 -0.027254 0.081062 -0.042804 -0.093934 -0.049100 0.085376 -0.048826 -0.035530
 0.037527 -0.088006 0.082659 0.044472 -0.037308 0.031891 -0.036116 -0.037056 0.035163 -0.097789 -0.082017 0.084398 0.010605 -0.088340 0.085957 0.003982
 0.097896 -0.046066 0.040651 0.035872 -0.016245 0.060219 0.097984 -0.098399 -0.080270 0.068279 -0.088640 -0.006761 0.063437 -0.022162 -0.029455 0.024965
 -0.052876 -0.005927 -0.033431 0.065440 -0.033238 0.035168 0.006964 0.024102 0.000477 0.055703 0.008143 0.087737 0.098727 -0.079883 -0.052754 0.093000
 0.002525 0.012776 0.068359 0.036861 -0.058701 0.033619 0.050549 -0.024628 -0.021378 0.058515 -0.088689 -0.050335 0.039967 -0.035136 0.083453 0.096882
 -0.044057 -0.001490 -0.094093 0.021768 0.034096 0.033074 0.069201 0.024591 -0.094036 -0.052915 0.007866 -0.096940 -0.004668 -0.061033 -0.023521 0.003982
 0.009628 -0.090841 -0.083967 -0.079771 0.088820 -0.045162 -0.006542 -0.045620 -0.039018 0.095370 -0.051155 -0.074798 -0.097470 0.007815 0.030808 0.079253
 -0.064366 -0.011117 -0.042085 -0.043161 -0.024958 0.070447 0.006178 0.088101 0.053654 0.087326 0.080911 0.005690 0.039151 0.029683 0.074811 -0.075553
 -0.000181 -0.009147 0.061509 -0.098955 -0.051163 0.002871 -0.057836 0.081126 -0.082655 -0.001071 0.054614 0.059402 -0.004917 -0.013949 -0.093542 0.091237
 -0.021526 0.014410 -0.041939 -0.077330 -0.048427 -0.039594 0.087559 -0.006605 0.065724 0.023606 0.046481 0.024272 0.012560 -0.061188 0.071304 0.014199
 -0.003770 -0.025801 0.058875 -0.007583 0.095277 -0.045410 -0.022933 0.021117 -0.015805 -0.052781 0.029170 0.040428 0.069734 -0.052455 -0.009154 -0.019076
 0.094989 0.019488 -0.089826 0.032952 -0.058559 -0.074771 0.013077 -0.030720 -0.096171 -0.090904 0.018310 0.033567 0.095092 0.018948 0.037124 0.022240
 0.087989 0.037533 -0.061140 0.050222 0.097814 0.069885 -0.032207 -0.066974 -0.050180 -0.005491 -0.058575 0.061861 0.060722 -0.058739 0.055871 -0.042712
 -0.083906 0.064838 -0.044382 -0.062015 0.013049 0.057528 0.002876 -0.036406 0.030412 0.059644 0.047769 -0.032843 -0.026151 0.059521 0.002006 0.074686
 0.093738 0.014469 -0.072166 -0.071851 -0.029732 0.092132 -0.003644 -0.034162 -0.042563 -0.064174 0.074910 -0.009633 0.069497 -0.034120 0.079628 -0.003905
 0.084901 0.096639 0.088127 -0.038762 0.061870 -0.075068 -0.064700 -0.010105 -0.067712 -0.047180 0.098387 -0.051448 -0.047325 0.060255 0.097365 0.073785
 0.034689 -0.028018 0.087281 -0.019249 0.096652 0.094494 -0.090146 0.047374 0.065771 -0.017662 -0.062691 -0.060484 -0.066506 -0.011958 0.065574 -0.056070
 -0.087826 -0.001662 -0.006297 -0.057616 -0.099053 0.025011 -0.004331 0.085122 -0.099883 -0.043068 -0.066425 0.096306 0.024010 0.076266 -0.003578 0.032027
 0.087774 -0.007692 0.087720 -0.034522 0.014155 -0.055487 0.035803 -0.092584 -0.077680 0.028866 -0.099919 -0.005694 -0.078892 -0.044382 -0.086003 0.090076
 0.048609 -0.079570 0.002608 -0.084838 -0.087716 -0.073247 -0.036546 0.073883 0.095576 -0.009516 0.091890 -0.031645 -0.021654 0.082141 0.077767 0.003337
 -0.084887 -0.008569 -0.052374 -0.019332 0.083554 0.031863 0.086279 0.057604 0.067076 -0.035722 -0.092741 -0.009446 -0.008131 -0.087656 -0.023121 0.032532
 0.086286 0.072054 -0.020864 0.063680 -0.095666 -0.087499 0.023761 0.007579 0.003530 -0.049687 0.084693 -0.071393 -0.095650 0.062977 0.023688 -0.084842
 -0.017235 -0.009918 -0.010307 0.076760 -0.026760 0.089855 -0.040891 -0.083756 0.013782 -0.007044 0.026056 -0.026232 0.017743 0.069217 0.010199 0.062033
 0.045753 0.003224 0.079262 -0.076001 0.048966 0.011167 0.099005 0.068159 -0.012638 0.063073 -0.021738 -0.081896 0.032423 0.008873 0.069301 -0.089355
 0.095748 0.024262 -0.005157 0.009592 0.092870 0.013404 -0.011996 -0.022775 -0.092804 -0.082490 -0.066316 0.056291 0.058331 0.046683 0.076908 0.039908
 -0.013147 -0.066072 -0.080083 -0.022672 0.053753 -0.012502 0.068882 0.028461 -0.082198 -0.036940 -0.054212 0.003931 -0.088265 -0.078416 0.075574 0.026560
 0.028936 0.099267 0.015590 0.079814 -0.090154 -0.055013 0.026481 -0.030545 -0.011588 0.064233 0.082638 0.036792 -0.004874 -0.077651 0.085616 -0.002754
 -0.093750 0.058961 0.075326 0.083716 -0.029714 0.022877 0.004944 0.095022 0.046886 -0.041604 0.020873 0.081967 -0.090690 -0.011194 -0.024204 -0.024515
 -0.041296 -0.051209 -0.032288 -0.068441 0.094805 0.048617 0.034721 0.057999 -0.046033 -0.046817 -0.089593 -0.043271 0.098629 0.047920 0.009092 -0.037226
 -0.057692 0.000023 0.019658 0.027767 -0.028868 -0.079917 0.057639 0.099704 0.066048 0.032540 -0.071307 -0.045202 0.094718 0.019756 0.004640 -0.086356
 0.070495 -0.040116 -0.084858 0.071480 0.016426 0.001915 0.079663 -0.050683 0.070164 0.017951 0.066993 0.052514 -0.055532 0.037450 0.017436 -0.083344
 -0.027350 -0.095692 -0.010348 -0.020279 0.007322 0.090866 0.032388 0.026597 0.072957 -0.079228 -0.059932 -0.009622 0.073877 -0.066985 0.060375 -0.057617
 -0.045308 0.077284 0.002228 -0.000722 -0.064809 0.068146 -0.095032 0.016724 0.031484 0.049901 -0.023439 -0.046976 0.007205 -0.015310 -0.018303 0.068322
 0.065509 0.043910 -0.037757 0.064664 0.016251 -0.093833 -0.096537 -0.071163 -0.086349 0.056903 0.060824 0.011009 0.002735 -0.088700 -0.082034 -0.020783
 -0.027397 0.059506 0.077034 0.059515 0.080778 0.092630 0.018716 -0.016036 -0.098341 0.002704 0.035176 -0.021884 0.029474 0.094939 0.054189 0.021965
 0.055680 0.070192 -0.023616 -0.050260 0.099156 0.051441 0.000160 0.095050 0.016354 0.030166 0.002407 -0.023152 0.006946 0.064716 -0.084193 0.055856
 -0.065715 -0.068218 0.095584 0.084158 -0.059185 -0.056380 -0.047043 -0.044034 0.063422 -0.027418 0.087981 -0.096025 -0.061569 -0.038765 0.080999 0.037589
 -0.022267 0.036066 -0.064054 0.095300 0.055679 0.081452 -0.025433 -0.020153 0.012017 -0.032060 -0.067941 -0.088057 -0.013379 0.033810 -0.042844 -0.078317
 -0.015983 0.009242 -0.005954 -0.099591 0.024262 0.095937 -0.094524 0.067461 -0.030149 0.020724 -0.063250 -0.068783 0.025997 -0.011583 -0.001307 0.010435
 -0.022570 0.077055 -0.096127 0.012570 -0.039393 -0.007548 -0.000286 -0.024034 -0.084052 0.008184 0.060599 0.026622 0.078574 0.018462 -0.027102 -0.062591
 -0.036121 0.076419 -0.020335 -0.037122 0.006474 -0.050468 0.087933 0.064172 -0.094431 0.004428 0.066605 0.038328 -0.016610 -0.091458 -0.034688 -0.059245
 0.057686 -0.043183 -0.088033 -0.010353 -0.003892 0.077491 -0.025089 -0.026213 0.032970 -0.013329 -0.018019 0.022124 0.093723 0.001472 0.024504 0.092735
 -0.012280 -0.015175 -0.016495 -0.094995 0.095754 -0.069001 0.032264 -0.091268 -0.061043 0.015927 -0.075461 -0.029560 -0.017509 0.011886 0.039531 -0.026031
 -0.043590 0.020163 0.073060 0.078610 -0.088425 -0.079930 0.031770 0.035938 0.027022 -0.097489 -0.086075 0.027887 -0.087398 0.000784 0.045256 -0.083726
 0.062969 0.018424 0.037669 -0.091794 0.060025 -0.069162 -0.095690 0.077603 -0.064523 -0.023584 -0.009766 0.078139 0.049285 0.092075 0.037077 0.004101
 -0.041078 -0.025998 -0.065200 -0.004014 0.029944 -0.043243 -0.094586 0.009258 0.001503 -0.079723 0.031748 -0.062760 0.004961 -0.051362 -0.040965 0.070456
 -0.083380 0.094738 -0.099058 0.074614 -0.095014 0.075433 0.093844 -0.017905 0.043384 0.024021 -0.083980 -0.087409 -0.001969 0.087075 0.026948 0.043689
 0.028288 0.016676 -0.061065 0.046582 0.030079 0.095556 -0.032443 0.055479 0.029374 -0.026599 -0.009255 0.088787 0.096179 -0.022156 0.018723 -0.033758
 -0.099147 -0.003259 -0.067962 -0.013196 -0.047813 0.075240 -0.081875 0.040933 -0.019536 0.028511 0.014679 0.005644 0.040854 0.039723 0.055232 -0.074000
]
Total memory size for keys: rot_key_cnt = 73, rot_key_size = 918570096 bytes, total_key_size = 941639200 bytes
Total memory size for weight plain: cnt = 578, size = 907584144 bytes
RTLib functions         	       Count	      Elapse
--------------------    	    --------	    --------
FINALIZE_CONTEXT        	           1	    0.006027 sec
PREPARE_CONTEXT         	           1	    4.376241 sec
ENCODE_ARRAY            	         579	    3.433048 sec
NTT                     	        3613	    4.232657 sec
INTT                    	         523	    0.663566 sec
MAIN_GRAPH              	           1	    7.971934 sec
 HW_ADD                  	        4069	    0.242548 sec
 HW_MUL                  	        3460	    1.032273 sec
 HW_ROT                  	         444	    0.035356 sec
 COPY_POLY               	           1	    0.000032 sec
 PRECOMP                 	          74	    1.288708 sec
 MOD_DOWN                	         148	    1.288269 sec
 DOT_PROD                	         148	    0.537700 sec
 RESCALE_POLY            	           4	    0.013335 sec
 COPY_CIPH               	          12	    0.007047 sec
 INIT_CIPH_SM_SC         	         716	    0.009967 sec
 INIT_CIPH_UP_SC         	         577	    0.062021 sec
 INIT_CIPH_DN_SC         	           2	    0.000080 sec
 PT_ENCODE               	         578	    3.449388 sec
MAIN_GRAPH              	   sub total	    7.966723 sec
12.44s 1120476KB
Exit 0 - Check log: /app/ae_result/hpao/i64x16x16_ci64_co128_k3p1s1.base.log
LINK_EXEC RETV:0
LINK_EXEC CMD TIME:13.189306s
